Row ID,Order ID,Order Date,Ship Date,Ship Mode,Customer ID,Customer Name,Segment,Country,City,State,Postal Code,Region,Product ID,Category,Sub-Category,Product Name,Sales
1,CA-2017-152156,08/11/2017,11/11/2017,Second Class,CG-12520,Claire Gute,Consumer,United States,Henderson,Kentucky,42420.0,South,FUR-BO-10001798,Furniture,Bookcases,Bush Somerset Collection Bookcase,261.96
4,US-2016-108966,11/10/2016,18/10/2016,Standard Class,SO-20335,Sean O'Donnell,Consumer,United States,Fort Lauderdale,Florida,33311.0,South,FUR-TA-10000577,Furniture,Tables,Bretford CR4500 Series Slim Rectangular Table,957.5775
9,CA-2015-115812,09/06/2015,14/06/2015,Standard Class,BH-11710,Brosina Hoffman,Consumer,United States,Los Angeles,California,90032.0,West,OFF-BI-10003910,Office Supplies,Binders,DXL Angle-View Binders with Locking Rings by Samsill,18.504
11,CA-2015-115812,09/06/2015,14/06/2015,Standard Class,BH-11710,Brosina Hoffman,Consumer,United States,Los Angeles,California,90032.0,West,FUR-TA-10001539,Furniture,Tables,Chromcraft Rectangular Conference Tables,1706.184
13,CA-2018-114412,15/04/2018,20/04/2018,Standard Class,AA-10480,Andrew Allen,Consumer,United States,Concord,North Carolina,28027.0,South,OFF-PA-10002365,Office Supplies,Paper,Xerox 1967,15.552
15,US-2016-118983,22/11/2016,26/11/2016,Standard Class,HP-14815,Harold Pawlan,Home Office,United States,Fort Worth,Texas,76106.0,Central,OFF-AP-10002311,Office Supplies,Appliances,"Holmes Replacement Filter for HEPA Air Cleaner, Very Large Room, HEPA Filter",68.81
18,CA-2015-167164,13/05/2015,15/05/2015,Second Class,AG-10270,Alejandro Grove,Consumer,United States,West Jordan,Utah,84084.0,West,OFF-ST-10000107,Office Supplies,Storage,Fellowes Super Stor/Drawer,55.5
20,CA-2015-143336,27/08/2015,01/09/2015,Second Class,ZD-21925,Zuschuss Donatelli,Consumer,United States,San Francisco,California,94109.0,West,TEC-PH-10001949,Technology,Phones,Cisco SPA 501G IP Phone,213.48
24,US-2018-156909,16/07/2018,18/07/2018,Second Class,SF-20065,Sandra Flanagan,Consumer,United States,Philadelphia,Pennsylvania,19140.0,East,FUR-CH-10002774,Furniture,Chairs,"Global Deluxe Stacking Chair, Gray",71.372
27,CA-2017-121755,16/01/2017,20/01/2017,Second Class,EH-13945,Eric Hoffmann,Consumer,United States,Los Angeles,California,90049.0,West,TEC-AC-10003027,Technology,Accessories,Imation 8GB Mini TravelDrive USB 2.0 Flash Drive,90.57
30,US-2016-150630,17/09/2016,21/09/2016,Standard Class,TB-21520,Tracy Blumstein,Consumer,United States,Philadelphia,Pennsylvania,19140.0,East,FUR-FU-10004848,Furniture,Furnishings,"Howard Miller 13-3/4"" Diameter Brushed Chrome Round Wall Clock",124.2
31,US-2016-150630,17/09/2016,21/09/2016,Standard Class,TB-21520,Tracy Blumstein,Consumer,United States,Philadelphia,Pennsylvania,19140.0,East,OFF-EN-10001509,Office Supplies,Envelopes,Poly String Tie Envelopes,3.264
32,US-2016-150630,17/09/2016,21/09/2016,Standard Class,TB-21520,Tracy Blumstein,Consumer,United States,Philadelphia,Pennsylvania,19140.0,East,OFF-AR-10004042,Office Supplies,Art,"BOSTON Model 1800 Electric Pencil Sharpeners, Putty/Woodgrain",86.304
34,US-2016-150630,17/09/2016,21/09/2016,Standard Class,TB-21520,Tracy Blumstein,Consumer,United States,Philadelphia,Pennsylvania,19140.0,East,OFF-AR-10001683,Office Supplies,Art,Lumber Crayons,15.76
37,CA-2017-117590,08/12/2017,10/12/2017,First Class,GH-14485,Gene Hale,Corporate,United States,Richardson,Texas,75080.0,Central,FUR-FU-10003664,Furniture,Furnishings,"Electrix Architect's Clamp-On Swing Arm Lamp, Black",190.92
38,CA-2016-117415,27/12/2016,31/12/2016,Standard Class,SN-20710,Steve Nguyen,Home Office,United States,Houston,Texas,77041.0,Central,OFF-EN-10002986,Office Supplies,Envelopes,"#10-4 1/8"" x 9 1/2"" Premium Diagonal Seam Envelopes",113.328
40,CA-2016-117415,27/12/2016,31/12/2016,Standard Class,SN-20710,Steve Nguyen,Home Office,United States,Houston,Texas,77041.0,Central,FUR-CH-10004218,Furniture,Chairs,"Global Fabric Manager's Chair, Dark Gray",212.058
42,CA-2018-120999,10/09/2018,15/09/2018,Standard Class,LC-16930,Linda Cazamias,Corporate,United States,Naperville,Illinois,60540.0,Central,TEC-PH-10004093,Technology,Phones,Panasonic Kx-TS550,147.168
46,CA-2017-118255,11/03/2017,13/03/2017,First Class,ON-18715,Odella Nelson,Corporate,United States,Eagan,Minnesota,55122.0,Central,OFF-BI-10003291,Office Supplies,Binders,Wilson Jones Leather-Like Binders with DublLock Round Rings,17.46
47,CA-2015-146703,20/10/2015,25/10/2015,Second Class,PO-18865,Patrick O'Donnell,Consumer,United States,Westland,Michigan,48185.0,Central,OFF-ST-10001713,Office Supplies,Storage,"Gould Plastics 9-Pocket Panel Bin, 18-3/8w x 5-1/4d x 20-1/2h, Black",211.96
48,CA-2017-169194,20/06/2017,25/06/2017,Standard Class,LH-16900,Lena Hernandez,Consumer,United States,Dover,Delaware,19901.0,East,TEC-AC-10002167,Technology,Accessories,Imation 8gb Micro Traveldrive Usb 2.0 Flash Drive,45.0
49,CA-2017-169194,20/06/2017,25/06/2017,Standard Class,LH-16900,Lena Hernandez,Consumer,United States,Dover,Delaware,19901.0,East,TEC-PH-10003988,Technology,Phones,"LF Elite 3D Dazzle Designer Hard Case Cover, Lf Stylus Pen and Wiper For Apple Iphone 5c Mini Lite",21.8
51,CA-2016-115742,18/04/2016,22/04/2016,Standard Class,DP-13000,Darren Powers,Consumer,United States,New Albany,Indiana,47150.0,Central,OFF-LA-10002762,Office Supplies,Labels,Avery 485,75.18
52,CA-2016-115742,18/04/2016,22/04/2016,Standard Class,DP-13000,Darren Powers,Consumer,United States,New Albany,Indiana,47150.0,Central,FUR-FU-10001706,Furniture,Furnishings,Longer-Life Soft White Bulbs,6.16
57,CA-2017-111682,17/06/2017,18/06/2017,First Class,TB-21055,Ted Butterfield,Consumer,United States,Troy,New York,12180.0,East,OFF-PA-10001569,Office Supplies,Paper,Xerox 232,32.4
59,CA-2017-111682,17/06/2017,18/06/2017,First Class,TB-21055,Ted Butterfield,Consumer,United States,Troy,New York,12180.0,East,OFF-PA-10000587,Office Supplies,Paper,"Array Parchment Paper, Assorted Colors",14.56
60,CA-2017-111682,17/06/2017,18/06/2017,First Class,TB-21055,Ted Butterfield,Consumer,United States,Troy,New York,12180.0,East,TEC-AC-10002167,Technology,Accessories,Imation 8gb Micro Traveldrive Usb 2.0 Flash Drive,30.0
62,CA-2017-111682,17/06/2017,18/06/2017,First Class,TB-21055,Ted Butterfield,Consumer,United States,Troy,New York,12180.0,East,OFF-AR-10001868,Office Supplies,Art,Prang Dustless Chalk Sticks,1.68
66,CA-2016-135545,24/11/2016,30/11/2016,Standard Class,KM-16720,Kunst Miller,Consumer,United States,Los Angeles,California,90004.0,West,FUR-FU-10000397,Furniture,Furnishings,Luxo Economy Swing Arm Lamp,79.76
69,CA-2015-106376,05/12/2015,10/12/2015,Standard Class,BS-11590,Brendan Sweed,Corporate,United States,Gilbert,Arizona,85234.0,West,TEC-PH-10002726,Technology,Phones,netTALK DUO VoIP Telephone Service,167.968
70,CA-2017-119823,04/06/2017,06/06/2017,First Class,KD-16270,Karen Daniels,Consumer,United States,Springfield,Virginia,22153.0,South,OFF-PA-10000482,Office Supplies,Paper,"Snap-A-Way Black Print Carbonless Ruled Speed Letter, Triplicate",75.88
71,CA-2017-106075,18/09/2017,23/09/2017,Standard Class,HM-14980,Henry MacAllister,Consumer,United States,New York City,New York,10009.0,East,OFF-BI-10004654,Office Supplies,Binders,Avery Binding System Hidden Tab Executive Style Index Sets,4.616
74,US-2016-134026,26/04/2016,02/05/2016,Standard Class,JE-15745,Joel Eaton,Consumer,United States,Memphis,Tennessee,38109.0,South,FUR-FU-10003708,Furniture,Furnishings,"Tenex Traditional Chairmats for Medium Pile Carpet, Standard Lip, 36"" x 48""",97.04
77,US-2018-118038,09/12/2018,11/12/2018,First Class,KB-16600,Ken Brennan,Corporate,United States,Houston,Texas,77041.0,Central,FUR-FU-10000260,Furniture,Furnishings,"6"" Cubicle Wall Clock, Black",9.708
80,CA-2017-127208,12/06/2017,15/06/2017,First Class,SC-20770,Stewart Carmichael,Corporate,United States,Decatur,Alabama,35601.0,South,OFF-AP-10002118,Office Supplies,Appliances,"1.7 Cubic Foot Compact ""Cube"" Office Refrigerators",208.16
81,CA-2017-127208,12/06/2017,15/06/2017,First Class,SC-20770,Stewart Carmichael,Corporate,United States,Decatur,Alabama,35601.0,South,OFF-BI-10002309,Office Supplies,Binders,Avery Heavy-Duty EZD  Binder With Locking Rings,16.74
82,CA-2015-139451,12/10/2015,16/10/2015,Standard Class,DN-13690,Duane Noonan,Consumer,United States,San Francisco,California,94122.0,West,OFF-AR-10002053,Office Supplies,Art,"Premium Writing Pencils, Soft, #2 by Central Association for the Blind",14.9
88,CA-2018-155558,26/10/2018,02/11/2018,Standard Class,PG-18895,Paul Gonzalez,Consumer,United States,Rochester,Minnesota,55901.0,Central,OFF-LA-10000134,Office Supplies,Labels,Avery 511,6.16
89,CA-2017-159695,05/04/2017,10/04/2017,Second Class,GM-14455,Gary Mitchum,Home Office,United States,Houston,Texas,77095.0,Central,OFF-ST-10003442,Office Supplies,Storage,Eldon Portable Mobile Manager,158.368
92,CA-2017-109806,17/09/2017,22/09/2017,Standard Class,JS-15685,Jim Sink,Corporate,United States,Los Angeles,California,90036.0,West,OFF-PA-10000304,Office Supplies,Paper,Xerox 1995,6.48
93,CA-2016-149587,31/01/2016,05/02/2016,Second Class,KB-16315,Karl Braun,Consumer,United States,Minneapolis,Minnesota,55407.0,Central,OFF-PA-10003177,Office Supplies,Paper,Xerox 1999,12.96
94,CA-2016-149587,31/01/2016,05/02/2016,Second Class,KB-16315,Karl Braun,Consumer,United States,Minneapolis,Minnesota,55407.0,Central,FUR-FU-10003799,Furniture,Furnishings,"Seth Thomas 13 1/2"" Wall Clock",53.34
96,US-2018-109484,06/11/2018,12/11/2018,Standard Class,RB-19705,Roger Barcio,Home Office,United States,Portland,Oregon,97206.0,West,OFF-BI-10004738,Office Supplies,Binders,Flexible Leather- Look Classic Collection Ring Binder,5.682
97,CA-2018-161018,09/11/2018,11/11/2018,Second Class,PN-18775,Parhena Norris,Home Office,United States,New York City,New York,10009.0,East,FUR-FU-10000629,Furniture,Furnishings,9-3/4 Diameter Round Wall Clock,96.53
100,CA-2017-158568,29/08/2017,02/09/2017,Standard Class,RB-19465,Rick Bensley,Home Office,United States,Chicago,Illinois,60610.0,Central,OFF-PA-10003256,Office Supplies,Paper,Avery Personal Creations Heavyweight Cards,64.624
101,CA-2017-158568,29/08/2017,02/09/2017,Standard Class,RB-19465,Rick Bensley,Home Office,United States,Chicago,Illinois,60610.0,Central,TEC-AC-10001767,Technology,Accessories,SanDisk Ultra 64 GB MicroSDHC Class 10 Memory Card,95.976
102,CA-2017-158568,29/08/2017,02/09/2017,Standard Class,RB-19465,Rick Bensley,Home Office,United States,Chicago,Illinois,60610.0,Central,OFF-BI-10002609,Office Supplies,Binders,Avery Hidden Tab Dividers for Binding Systems,1.788
103,CA-2017-129903,01/12/2017,04/12/2017,Second Class,GZ-14470,Gary Zandusky,Consumer,United States,Rochester,Minnesota,55901.0,Central,OFF-PA-10004040,Office Supplies,Paper,Universal Premium White Copier/Laser Paper (20Lb. and 87 Bright),23.92
104,US-2016-156867,13/11/2016,17/11/2016,Standard Class,LC-16870,Lena Cacioppo,Consumer,United States,Aurora,Colorado,80013.0,West,TEC-AC-10001552,Technology,Accessories,Logitech K350 2.4Ghz Wireless Keyboard,238.896
105,US-2016-156867,13/11/2016,17/11/2016,Standard Class,LC-16870,Lena Cacioppo,Consumer,United States,Aurora,Colorado,80013.0,West,FUR-FU-10004006,Furniture,Furnishings,"Deflect-o DuraMat Lighweight, Studded, Beveled Mat for Low Pile Carpeting",102.36
107,CA-2018-119004,23/11/2018,28/11/2018,Standard Class,JM-15250,Janet Martin,Consumer,United States,Charlotte,North Carolina,28205.0,South,TEC-AC-10003499,Technology,Accessories,Memorex Mini Travel Drive 8 GB USB 2.0 Flash Drive,74.112
108,CA-2018-119004,23/11/2018,28/11/2018,Standard Class,JM-15250,Janet Martin,Consumer,United States,Charlotte,North Carolina,28205.0,South,TEC-PH-10002844,Technology,Phones,Speck Products Candyshell Flip Case,27.992
109,CA-2018-119004,23/11/2018,28/11/2018,Standard Class,JM-15250,Janet Martin,Consumer,United States,Charlotte,North Carolina,28205.0,South,OFF-AR-10000390,Office Supplies,Art,Newell Chalk Holder,3.304
112,CA-2017-128867,03/11/2017,10/11/2017,Standard Class,CL-12565,Clay Ludtke,Consumer,United States,Urbandale,Iowa,50322.0,Central,OFF-AR-10000380,Office Supplies,Art,"Hunt PowerHouse Electric Pencil Sharpener, Blue",75.96
119,US-2016-136476,05/04/2016,10/04/2016,Standard Class,GG-14650,Greg Guthrie,Corporate,United States,Bristol,Tennessee,37620.0,South,OFF-BI-10003650,Office Supplies,Binders,GBC DocuBind 300 Electric Binding Machine,157.794
120,CA-2017-103730,12/06/2017,15/06/2017,First Class,SC-20725,Steven Cartwright,Consumer,United States,Wilmington,Delaware,19805.0,East,FUR-FU-10002157,Furniture,Furnishings,Artistic Insta-Plaque,47.04
122,CA-2017-103730,12/06/2017,15/06/2017,First Class,SC-20725,Steven Cartwright,Consumer,United States,Wilmington,Delaware,19805.0,East,OFF-ST-10000777,Office Supplies,Storage,"Companion Letter/Legal File, Black",226.56
123,CA-2017-103730,12/06/2017,15/06/2017,First Class,SC-20725,Steven Cartwright,Consumer,United States,Wilmington,Delaware,19805.0,East,OFF-EN-10002500,Office Supplies,Envelopes,Globe Weis Peel & Seel First Class Envelopes,115.02
132,US-2018-164147,02/02/2018,05/02/2018,First Class,DW-13585,Dorothy Wardle,Corporate,United States,Columbus,Ohio,43229.0,East,OFF-PA-10002377,Office Supplies,Paper,Xerox 1916,78.304
133,US-2018-164147,02/02/2018,05/02/2018,First Class,DW-13585,Dorothy Wardle,Corporate,United States,Columbus,Ohio,43229.0,East,OFF-FA-10002780,Office Supplies,Fasteners,Staples,21.456
136,CA-2017-145583,13/10/2017,19/10/2017,Standard Class,LC-16885,Lena Creighton,Consumer,United States,Roseville,California,95661.0,West,OFF-AR-10001149,Office Supplies,Art,"Sanford Colorific Colored Pencils, 12/Box",11.52
145,CA-2018-155376,22/12/2018,27/12/2018,Standard Class,SG-20080,Sandra Glassco,Consumer,United States,Independence,Missouri,64055.0,Central,OFF-AP-10001058,Office Supplies,Appliances,Sanyo 2.5 Cubic Foot Mid-Size Office Refrigerators,839.43
150,CA-2017-114489,05/12/2017,09/12/2017,Standard Class,JE-16165,Justin Ellison,Corporate,United States,Franklin,Wisconsin,53132.0,Central,FUR-CH-10000454,Furniture,Chairs,"Hon Deluxe Fabric Upholstered Stacking Chairs, Rounded Back",1951.84
152,CA-2017-158834,13/03/2017,16/03/2017,First Class,TW-21025,Tamara Willingham,Home Office,United States,Scottsdale,Arizona,85254.0,West,OFF-AP-10000326,Office Supplies,Appliances,Belkin 7 Outlet SurgeMaster Surge Protector with Phone Protection,157.92
158,CA-2015-104269,01/03/2015,06/03/2015,Second Class,DB-13060,Dave Brooks,Consumer,United States,Seattle,Washington,98115.0,West,FUR-CH-10004063,Furniture,Chairs,Global Deluxe High-Back Manager's Chair,457.568
165,CA-2015-139892,08/09/2015,12/09/2015,Standard Class,BM-11140,Becky Martin,Consumer,United States,San Antonio,Texas,78207.0,Central,OFF-AR-10004441,Office Supplies,Art,BIC Brite Liner Highlighters,9.936
168,CA-2015-139892,08/09/2015,12/09/2015,Standard Class,BM-11140,Becky Martin,Consumer,United States,San Antonio,Texas,78207.0,Central,FUR-CH-10004287,Furniture,Chairs,SAFCO Arco Folding Chair,1740.06
169,CA-2015-139892,08/09/2015,12/09/2015,Standard Class,BM-11140,Becky Martin,Consumer,United States,San Antonio,Texas,78207.0,Central,OFF-AR-10002656,Office Supplies,Art,Sanford Liquid Accent Highlighters,32.064
170,CA-2015-139892,08/09/2015,12/09/2015,Standard Class,BM-11140,Becky Martin,Consumer,United States,San Antonio,Texas,78207.0,Central,OFF-AP-10002518,Office Supplies,Appliances,Kensington 7 Outlet MasterPiece Power Center,177.98
173,CA-2015-118962,05/08/2015,09/08/2015,Standard Class,CS-12130,Chad Sievert,Consumer,United States,Los Angeles,California,90004.0,West,OFF-PA-10001144,Office Supplies,Paper,Xerox 1913,110.96
177,US-2018-152366,21/04/2018,25/04/2018,Second Class,SJ-20500,Shirley Jackson,Consumer,United States,Houston,Texas,77036.0,Central,OFF-AP-10002684,Office Supplies,Appliances,"Acco 7-Outlet Masterpiece Power Center, Wihtout Fax/Phone Line Protection",97.264
178,US-2016-101511,21/11/2016,23/11/2016,Second Class,JE-15745,Joel Eaton,Consumer,United States,Newark,Ohio,43055.0,East,FUR-CH-10004698,Furniture,Chairs,"Padded Folding Chairs, Black, 4/Carton",396.802
180,CA-2016-137225,15/12/2016,19/12/2016,Standard Class,JK-15640,Jim Kriz,Home Office,United States,New York City,New York,10009.0,East,OFF-AR-10001940,Office Supplies,Art,"Sanford Colorific Eraseable Coloring Pencils, 12 Count",3.28
181,CA-2015-166191,05/12/2015,09/12/2015,Second Class,DK-13150,David Kendrick,Corporate,United States,Decatur,Illinois,62521.0,Central,OFF-ST-10003455,Office Supplies,Storage,"Tenex File Box, Personal Filing Tote with Lid, Black",24.816
182,CA-2015-166191,05/12/2015,09/12/2015,Second Class,DK-13150,David Kendrick,Corporate,United States,Decatur,Illinois,62521.0,Central,TEC-AC-10004659,Technology,Accessories,Imation Secure+ Hardware Encrypted USB 2.0 Flash Drive; 16GB,408.744
186,CA-2017-105018,28/11/2017,02/12/2017,Standard Class,SK-19990,Sally Knutson,Consumer,United States,Fairfield,Connecticut,6824.0,East,OFF-BI-10001890,Office Supplies,Binders,Avery Poly Binder Pockets,7.16
189,CA-2017-157000,16/07/2017,22/07/2017,Standard Class,AM-10360,Alice McCarthy,Corporate,United States,Grand Prairie,Texas,75051.0,Central,OFF-PA-10001950,Office Supplies,Paper,Southworth 25% Cotton Antique Laid Paper & Envelopes,20.016
197,CA-2015-140004,21/03/2015,25/03/2015,Standard Class,CB-12025,Cassandra Brandow,Consumer,United States,Hamilton,Ohio,45011.0,East,OFF-AR-10004027,Office Supplies,Art,"Binney & Smith inkTank Erasable Desk Highlighter, Chisel Tip, Yellow, 12/Box",6.048
200,US-2018-124303,06/07/2018,13/07/2018,Standard Class,FH-14365,Fred Hopkins,Corporate,United States,Philadelphia,Pennsylvania,19120.0,East,OFF-PA-10002749,Office Supplies,Paper,"Wirebound Message Books, 5-1/2 x 4 Forms, 2 or 4 Forms per Page",16.056
210,CA-2018-135860,01/12/2018,07/12/2018,Standard Class,JH-15985,Joseph Holt,Consumer,United States,Saginaw,Michigan,48601.0,Central,OFF-FA-10000134,Office Supplies,Fasteners,"Advantus Push Pins, Aluminum Head",52.29
211,CA-2018-135860,01/12/2018,07/12/2018,Standard Class,JH-15985,Joseph Holt,Consumer,United States,Saginaw,Michigan,48601.0,Central,OFF-ST-10001522,Office Supplies,Storage,"Gould Plastics 18-Pocket Panel Bin, 34w x 5-1/4d x 20-1/2h",91.99
212,CA-2016-101007,09/02/2016,13/02/2016,Second Class,MS-17980,Michael Stewart,Corporate,United States,Dallas,Texas,75220.0,Central,TEC-AC-10001266,Technology,Accessories,Memorex Micro Travel Drive 8 GB,20.8
213,CA-2016-146262,02/01/2016,09/01/2016,Standard Class,VW-21775,Victoria Wilson,Corporate,United States,Medina,Ohio,44256.0,East,OFF-LA-10004544,Office Supplies,Labels,Avery 505,23.68
215,CA-2016-146262,02/01/2016,09/01/2016,Standard Class,VW-21775,Victoria Wilson,Corporate,United States,Medina,Ohio,44256.0,East,TEC-PH-10002844,Technology,Phones,Speck Products Candyshell Flip Case,62.982
218,CA-2017-130162,28/10/2017,01/11/2017,Standard Class,JH-15910,Jonathan Howell,Consumer,United States,Los Angeles,California,90032.0,West,OFF-ST-10001328,Office Supplies,Storage,"Personal Filing Tote with Lid, Black/Gray",93.06
219,CA-2017-130162,28/10/2017,01/11/2017,Standard Class,JH-15910,Jonathan Howell,Consumer,United States,Los Angeles,California,90032.0,West,TEC-PH-10002563,Technology,Phones,Adtran 1202752G1,302.376
222,CA-2016-169397,24/12/2016,27/12/2016,First Class,JB-15925,Joni Blumstein,Consumer,United States,Dublin,Ohio,43017.0,East,OFF-BI-10002852,Office Supplies,Binders,Ibico Standard Transparent Covers,19.776
223,CA-2016-169397,24/12/2016,27/12/2016,First Class,JB-15925,Joni Blumstein,Consumer,United States,Dublin,Ohio,43017.0,East,FUR-FU-10000087,Furniture,Furnishings,"Executive Impressions 14"" Two-Color Numerals Wall Clock",72.704
230,US-2016-145436,28/02/2016,04/03/2016,Standard Class,VD-21670,Valerie Dominguez,Consumer,United States,Columbia,Tennessee,38401.0,South,FUR-CH-10004477,Furniture,Chairs,"Global Push Button Manager's Chair, Indigo",389.696
231,US-2015-156216,13/09/2015,17/09/2015,Standard Class,EA-14035,Erin Ashbrook,Corporate,United States,Charlotte,North Carolina,28205.0,South,OFF-BI-10001679,Office Supplies,Binders,GBC Instant Index System for Binding Systems,18.648
234,US-2018-100930,07/04/2018,12/04/2018,Standard Class,CS-12400,Christopher Schild,Home Office,United States,Tampa,Florida,33614.0,South,OFF-BI-10001679,Office Supplies,Binders,GBC Instant Index System for Binding Systems,5.328
240,CA-2017-157749,04/06/2017,09/06/2017,Second Class,KL-16645,Ken Lonsdale,Consumer,United States,Chicago,Illinois,60610.0,Central,FUR-FU-10004351,Furniture,Furnishings,Staple-based wall hangings,11.688
246,CA-2015-131926,01/06/2015,06/06/2015,Second Class,DW-13480,Dianna Wilson,Home Office,United States,Lakeville,Minnesota,55044.0,Central,OFF-ST-10002276,Office Supplies,Storage,Safco Steel Mobile File Cart,166.72
248,CA-2015-131926,01/06/2015,06/06/2015,Second Class,DW-13480,Dianna Wilson,Home Office,United States,Lakeville,Minnesota,55044.0,Central,OFF-AP-10002945,Office Supplies,Appliances,Honeywell Enviracaire Portable HEPA Air Cleaner for 17' x 22' Room,1503.25
249,CA-2015-131926,01/06/2015,06/06/2015,Second Class,DW-13480,Dianna Wilson,Home Office,United States,Lakeville,Minnesota,55044.0,Central,OFF-PA-10000061,Office Supplies,Paper,Xerox 205,25.92
252,CA-2017-145625,11/09/2017,17/09/2017,Standard Class,KC-16540,Kelly Collister,Consumer,United States,San Diego,California,92037.0,West,TEC-AC-10003832,Technology,Accessories,Logitech P710e Mobile Speakerphone,3347.37
253,CA-2017-146941,10/12/2017,13/12/2017,First Class,DL-13315,Delfina Latchford,Consumer,United States,New York City,New York,10024.0,East,OFF-ST-10001228,Office Supplies,Storage,"Fellowes Personal Hanging Folder Files, Navy",80.58
258,US-2016-159982,28/11/2016,04/12/2016,Standard Class,DR-12880,Dan Reichenbach,Corporate,United States,Chicago,Illinois,60623.0,Central,TEC-PH-10001580,Technology,Phones,Logitech Mobile Speakerphone P710e - speaker phone,647.904
260,CA-2018-163139,01/12/2018,03/12/2018,Second Class,CC-12670,Craig Carreira,Consumer,United States,New York City,New York,10009.0,East,OFF-ST-10002790,Office Supplies,Storage,Safco Industrial Shelving,221.55
264,US-2015-106992,19/09/2015,21/09/2015,Second Class,SB-20290,Sean Braxton,Corporate,United States,Houston,Texas,77036.0,Central,TEC-MA-10003353,Technology,Machines,Xerox WorkCentre 6505DN Laser Multifunction Printer,2519.958
266,CA-2016-155040,10/11/2016,15/11/2016,Standard Class,AH-10210,Alan Hwang,Consumer,United States,Brentwood,California,94513.0,West,TEC-AC-10004469,Technology,Accessories,Microsoft Sculpt Comfort Mouse,79.9
268,CA-2017-111010,22/01/2017,28/01/2017,Standard Class,PG-18895,Paul Gonzalez,Consumer,United States,Morristown,New Jersey,7960.0,East,OFF-FA-10003472,Office Supplies,Fasteners,Bagged Rubber Bands,7.56
275,CA-2018-118136,16/09/2018,17/09/2018,First Class,BB-10990,Barry Blumstein,Corporate,United States,Inglewood,California,90301.0,West,OFF-PA-10002615,Office Supplies,Paper,"Ampad Gold Fibre Wirebound Steno Books, 6"" x 9"", Gregg Ruled",8.82
287,CA-2017-112697,18/12/2017,20/12/2017,Second Class,AH-10195,Alan Haines,Corporate,United States,Tamarac,Florida,33319.0,South,OFF-BI-10000778,Office Supplies,Binders,GBC VeloBinder Electric Binding Machine,254.058
289,CA-2017-112697,18/12/2017,20/12/2017,Second Class,AH-10195,Alan Haines,Corporate,United States,Tamarac,Florida,33319.0,South,OFF-SU-10000646,Office Supplies,Supplies,Premier Automatic Letter Opener,961.48
292,CA-2017-110772,20/11/2017,24/11/2017,Second Class,NZ-18565,Nick Zandusky,Home Office,United States,Columbus,Ohio,43229.0,East,TEC-AC-10002001,Technology,Accessories,Logitech Wireless Gaming Headset G930,255.984
293,CA-2017-110772,20/11/2017,24/11/2017,Second Class,NZ-18565,Nick Zandusky,Home Office,United States,Columbus,Ohio,43229.0,East,FUR-BO-10004709,Furniture,Bookcases,"Bush Westfield Collection Bookcases, Medium Cherry Finish",86.97
301,CA-2017-142545,28/10/2017,03/11/2017,Standard Class,JD-15895,Jonathan Doherty,Corporate,United States,Belleville,New Jersey,7109.0,East,OFF-PA-10004243,Office Supplies,Paper,Xerox 1939,56.91
305,CA-2016-144253,04/05/2016,09/05/2016,Second Class,AS-10225,Alan Schoenberger,Corporate,United States,New York City,New York,10024.0,East,FUR-FU-10002671,Furniture,Furnishings,Electrix 20W Halogen Replacement Bulb for Zoom-In Desk Lamp,26.8
309,CA-2018-126774,15/04/2018,17/04/2018,First Class,SH-20395,Shahid Hopkins,Consumer,United States,Arlington,Virginia,22204.0,South,OFF-AR-10002804,Office Supplies,Art,Faber Castell Col-Erase Pencils,4.89
312,CA-2017-142902,12/09/2017,14/09/2017,Second Class,BP-11185,Ben Peterman,Corporate,United States,Arvada,Colorado,80004.0,West,FUR-FU-10001756,Furniture,Furnishings,"Eldon Expressions Desk Accessory, Wood Photo Frame, Mahogany",15.232
316,CA-2015-167850,09/08/2015,16/08/2015,Standard Class,AG-10525,Andy Gerbode,Corporate,United States,Saint Petersburg,Florida,33710.0,South,OFF-PA-10001937,Office Supplies,Paper,Xerox 21,15.552
317,CA-2015-164259,28/12/2015,30/12/2015,First Class,SP-20860,Sung Pak,Corporate,United States,Philadelphia,Pennsylvania,19143.0,East,OFF-AR-10003373,Office Supplies,Art,"Boston School Pro Electric Pencil Sharpener, 1670",99.136
319,CA-2015-164973,04/11/2015,09/11/2015,Standard Class,NM-18445,Nathan Mautz,Home Office,United States,New York City,New York,10024.0,East,TEC-MA-10002927,Technology,Machines,Canon imageCLASS MF7460 Monochrome Digital Laser Multifunction Copier,3991.98
320,CA-2015-164973,04/11/2015,09/11/2015,Standard Class,NM-18445,Nathan Mautz,Home Office,United States,New York City,New York,10024.0,East,TEC-PH-10004093,Technology,Phones,Panasonic Kx-TS550,275.94
322,CA-2015-164973,04/11/2015,09/11/2015,Standard Class,NM-18445,Nathan Mautz,Home Office,United States,New York City,New York,10024.0,East,OFF-ST-10002974,Office Supplies,Storage,"Trav-L-File Heavy-Duty Shuttle II, Black",43.57
324,CA-2017-162138,23/04/2017,27/04/2017,Standard Class,GK-14620,Grace Kelly,Corporate,United States,Hesperia,California,92345.0,West,OFF-BI-10004593,Office Supplies,Binders,Ibico Laser Imprintable Binding System Covers,251.52
327,US-2017-141544,30/08/2017,01/09/2017,First Class,PO-18850,Patrick O'Brill,Consumer,United States,Philadelphia,Pennsylvania,19143.0,East,TEC-PH-10003645,Technology,Phones,Aastra 57i VoIP phone,290.898
329,US-2017-141544,30/08/2017,01/09/2017,First Class,PO-18850,Patrick O'Brill,Consumer,United States,Philadelphia,Pennsylvania,19143.0,East,FUR-CH-10003312,Furniture,Chairs,Hon 2090 “Pillow Soft” Series Mid Back Swivel/Tilt Chairs,786.744
331,US-2017-141544,30/08/2017,01/09/2017,First Class,PO-18850,Patrick O'Brill,Consumer,United States,Philadelphia,Pennsylvania,19143.0,East,OFF-BI-10001524,Office Supplies,Binders,GBC Premium Transparent Covers with Diagonal Lined Pattern,37.764
333,US-2017-150147,25/04/2017,29/04/2017,Second Class,JL-15850,John Lucas,Consumer,United States,Philadelphia,Pennsylvania,19134.0,East,OFF-BI-10001153,Office Supplies,Binders,Ibico Recycled Grain-Textured Covers,20.724
334,US-2017-150147,25/04/2017,29/04/2017,Second Class,JL-15850,John Lucas,Consumer,United States,Philadelphia,Pennsylvania,19134.0,East,OFF-BI-10001982,Office Supplies,Binders,Wilson Jones Custom Binder Spines & Labels,4.896
335,CA-2016-137946,01/09/2016,04/09/2016,Second Class,DB-13615,Doug Bickford,Consumer,United States,Los Angeles,California,90045.0,West,OFF-BI-10001922,Office Supplies,Binders,Storex Dura Pro Binders,4.752
336,CA-2016-137946,01/09/2016,04/09/2016,Second Class,DB-13615,Doug Bickford,Consumer,United States,Los Angeles,California,90045.0,West,TEC-CO-10001449,Technology,Copiers,Hewlett Packard LaserJet 3310 Copier,959.984
338,CA-2015-129924,12/07/2015,17/07/2015,Standard Class,AC-10420,Alyssa Crouse,Corporate,United States,San Francisco,California,94122.0,West,OFF-BI-10003314,Office Supplies,Binders,Tuff Stuff Recycled Round Ring Binders,7.712
347,CA-2018-134306,08/07/2018,12/07/2018,Standard Class,TD-20995,Tamara Dahlen,Consumer,United States,Lowell,Massachusetts,1852.0,East,OFF-AR-10004027,Office Supplies,Art,"Binney & Smith inkTank Erasable Desk Highlighter, Chisel Tip, Yellow, 12/Box",7.56
348,CA-2018-134306,08/07/2018,12/07/2018,Standard Class,TD-20995,Tamara Dahlen,Consumer,United States,Lowell,Massachusetts,1852.0,East,OFF-PA-10000249,Office Supplies,Paper,Easy-staple paper,24.56
350,CA-2017-129714,01/09/2017,03/09/2017,First Class,AB-10060,Adam Bellavance,Home Office,United States,New York City,New York,10009.0,East,TEC-AC-10000290,Technology,Accessories,Sabrent 4-Port USB 2.0 Hub,6.79
351,CA-2017-129714,01/09/2017,03/09/2017,First Class,AB-10060,Adam Bellavance,Home Office,United States,New York City,New York,10009.0,East,OFF-PA-10001970,Office Supplies,Paper,Xerox 1881,24.56
354,CA-2017-129714,01/09/2017,03/09/2017,First Class,AB-10060,Adam Bellavance,Home Office,United States,New York City,New York,10009.0,East,OFF-BI-10004995,Office Supplies,Binders,GBC DocuBind P400 Electric Binding System,4355.168
355,CA-2017-138520,08/04/2017,13/04/2017,Standard Class,JL-15505,Jeremy Lonsdale,Consumer,United States,New York City,New York,10035.0,East,FUR-BO-10002268,Furniture,Bookcases,Sauder Barrister Bookcases,388.704
361,CA-2018-155698,08/03/2018,11/03/2018,First Class,VB-21745,Victoria Brennan,Corporate,United States,Columbus,Georgia,31907.0,South,OFF-LA-10001158,Office Supplies,Labels,"Avery Address/Shipping Labels for Typewriters, 4"" x 2""",20.7
368,CA-2017-155516,21/10/2017,21/10/2017,Same Day,MK-17905,Michael Kennedy,Corporate,United States,Manchester,Connecticut,6040.0,East,OFF-SU-10001225,Office Supplies,Supplies,Staple remover,7.36
380,CA-2016-130792,28/04/2016,05/05/2016,Standard Class,RA-19915,Russell Applegate,Consumer,United States,Houston,Texas,77095.0,Central,OFF-ST-10003327,Office Supplies,Storage,Akro-Mils 12-Gallon Tote,23.832
382,CA-2017-134775,28/10/2017,29/10/2017,First Class,AS-10285,Alejandro Savely,Corporate,United States,San Francisco,California,94109.0,West,OFF-PA-10004734,Office Supplies,Paper,Southworth Structures Collection,50.96
386,US-2016-168935,27/11/2016,02/12/2016,Standard Class,DO-13435,Denny Ordway,Consumer,United States,Pembroke Pines,Florida,33024.0,South,TEC-AC-10002335,Technology,Accessories,Logitech Media Keyboard K200,83.976
389,CA-2015-115973,24/11/2015,26/11/2015,First Class,NG-18430,Nathan Gelder,Consumer,United States,Cincinnati,Ohio,45231.0,East,OFF-AR-10004757,Office Supplies,Art,Crayola Colored Pencils,2.624
394,US-2015-134971,07/06/2015,10/06/2015,Second Class,BP-11095,Bart Pistole,Corporate,United States,Peoria,Illinois,61604.0,Central,OFF-BI-10003982,Office Supplies,Binders,Wilson Jones Century Plastic Molded Ring Binders,12.462
395,CA-2018-102946,30/06/2018,05/07/2018,Standard Class,VP-21730,Victor Preis,Home Office,United States,Las Vegas,Nevada,89115.0,West,OFF-BI-10004492,Office Supplies,Binders,Tuf-Vin Binders,75.792
398,CA-2016-122259,31/10/2016,04/11/2016,Standard Class,HP-14815,Harold Pawlan,Home Office,United States,Jackson,Michigan,49201.0,Central,OFF-SU-10002573,Office Supplies,Supplies,"Acme 10"" Easy Grip Assistive Scissors",70.12
401,CA-2017-108987,08/09/2017,10/09/2017,Second Class,AG-10675,Anna Gayman,Consumer,United States,Houston,Texas,77036.0,Central,OFF-ST-10000934,Office Supplies,Storage,"Contico 72""H Heavy-Duty Storage System",131.136
402,CA-2017-108987,08/09/2017,10/09/2017,Second Class,AG-10675,Anna Gayman,Consumer,United States,Houston,Texas,77036.0,Central,TEC-AC-10000158,Technology,Accessories,Sony 64GB Class 10 Micro SDHC R40 Memory Card,57.584
403,CA-2015-113166,24/12/2015,26/12/2015,First Class,LF-17185,Luke Foster,Consumer,United States,Miami,Florida,33180.0,South,OFF-PA-10001947,Office Supplies,Paper,Xerox 1974,9.568
404,CA-2015-155208,16/04/2015,20/04/2015,Standard Class,SP-20650,Stephanie Phelps,Corporate,United States,Wilmington,North Carolina,28403.0,South,OFF-AR-10003478,Office Supplies,Art,"Avery Hi-Liter EverBold Pen Style Fluorescent Highlighters, 4/Pack",39.072
409,CA-2018-117457,08/12/2018,12/12/2018,Standard Class,KH-16510,Keith Herrera,Consumer,United States,San Francisco,California,94110.0,West,FUR-TA-10002041,Furniture,Tables,"Bevis Round Conference Table Top, X-Base",1004.024
410,CA-2018-117457,08/12/2018,12/12/2018,Standard Class,KH-16510,Keith Herrera,Consumer,United States,San Francisco,California,94110.0,West,OFF-PA-10002893,Office Supplies,Paper,"Wirebound Service Call Books, 5 1/2"" x 4""",9.68
411,CA-2018-117457,08/12/2018,12/12/2018,Standard Class,KH-16510,Keith Herrera,Consumer,United States,San Francisco,California,94110.0,West,OFF-LA-10003766,Office Supplies,Labels,Self-Adhesive Removable Labels,28.35
412,CA-2018-117457,08/12/2018,12/12/2018,Standard Class,KH-16510,Keith Herrera,Consumer,United States,San Francisco,California,94110.0,West,OFF-PA-10001970,Office Supplies,Paper,Xerox 1908,55.98
416,CA-2018-142636,03/11/2018,07/11/2018,Standard Class,KC-16675,Kimberly Carter,Corporate,United States,Seattle,Washington,98105.0,West,FUR-CH-10001891,Furniture,Chairs,Global Deluxe Office Fabric Chairs,307.136
417,CA-2018-122105,24/06/2018,28/06/2018,Standard Class,CJ-12010,Caroline Jumper,Consumer,United States,Huntington Beach,California,92646.0,West,OFF-AR-10004344,Office Supplies,Art,Bulldog Vacuum Base Pencil Sharpener,95.92
426,CA-2018-149160,23/11/2018,26/11/2018,Second Class,JM-15265,Janet Molinari,Corporate,United States,Canton,Michigan,48187.0,Central,FUR-FU-10003347,Furniture,Furnishings,Coloredge Poster Frame,28.4
428,CA-2015-101476,12/09/2015,13/09/2015,First Class,SD-20485,Shirley Daniels,Home Office,United States,New Rochelle,New York,10801.0,East,TEC-MA-10000029,Technology,Machines,"Epson WorkForce WF-2530 All-in-One Printer, Copier Scanner",69.99
430,US-2017-123750,15/04/2017,21/04/2017,Standard Class,RB-19795,Ross Baird,Home Office,United States,Gastonia,North Carolina,28052.0,South,OFF-BI-10004584,Office Supplies,Binders,GBC ProClick 150 Presentation Binding System,189.588
434,CA-2017-127369,06/06/2017,07/06/2017,First Class,DB-13060,Dave Brooks,Consumer,United States,Lowell,Massachusetts,1852.0,East,OFF-ST-10003306,Office Supplies,Storage,Letter Size Cart,714.3
436,US-2015-150574,19/12/2015,25/12/2015,Standard Class,MK-18160,Mike Kennedy,Consumer,United States,Jacksonville,Florida,32216.0,South,TEC-AC-10002600,Technology,Accessories,Belkin QODE FastFit Bluetooth Keyboard,247.8
438,CA-2017-147375,12/06/2017,14/06/2017,Second Class,PO-19180,Philisse Overcash,Home Office,United States,Chicago,Illinois,60623.0,Central,OFF-PA-10001970,Office Supplies,Paper,Xerox 1908,313.488
440,CA-2018-157252,20/01/2018,23/01/2018,Second Class,CV-12805,Cynthia Voltz,Corporate,United States,New York City,New York,10024.0,East,FUR-CH-10003396,Furniture,Chairs,Global Deluxe Steno Chair,207.846
446,CA-2017-115756,05/09/2017,07/09/2017,Second Class,PK-19075,Pete Kriz,Consumer,United States,Detroit,Michigan,48227.0,Central,OFF-LA-10001317,Office Supplies,Labels,Avery 520,22.05
448,CA-2017-166674,01/04/2017,03/04/2017,Second Class,RB-19360,Raymond Buch,Consumer,United States,Auburn,New York,13021.0,East,OFF-AR-10000588,Office Supplies,Art,Newell 345,59.52
450,CA-2017-166674,01/04/2017,03/04/2017,Second Class,RB-19360,Raymond Buch,Consumer,United States,Auburn,New York,13021.0,East,OFF-AR-10001953,Office Supplies,Art,Boston 1645 Deluxe Heavier-Duty Electric Pencil Sharpener,263.88
454,CA-2018-147277,20/10/2018,24/10/2018,Standard Class,EB-13705,Ed Braxton,Corporate,United States,Akron,Ohio,44312.0,East,FUR-TA-10001539,Furniture,Tables,Chromcraft Rectangular Conference Tables,284.364
456,CA-2017-100153,13/12/2017,17/12/2017,Standard Class,KH-16630,Ken Heidel,Corporate,United States,Norman,Oklahoma,73071.0,Central,TEC-AC-10001772,Technology,Accessories,Memorex Mini Travel Drive 16 GB USB 2.0 Flash Drive,63.88
458,US-2017-157945,26/09/2017,01/10/2017,Standard Class,NF-18385,Natalie Fritzler,Consumer,United States,Decatur,Illinois,62521.0,Central,FUR-CH-10002331,Furniture,Chairs,Hon 4700 Series Mobuis Mid-Back Task Chairs with Adjustable Arms,747.558
462,CA-2016-109638,15/12/2016,22/12/2016,Standard Class,JH-15985,Joseph Holt,Consumer,United States,Seattle,Washington,98115.0,West,OFF-BI-10001098,Office Supplies,Binders,Acco D-Ring Binder w/DublLock,51.312
463,CA-2017-109869,22/04/2017,29/04/2017,Standard Class,TN-21040,Tanja Norvell,Home Office,United States,Phoenix,Arizona,85023.0,West,FUR-FU-10000023,Furniture,Furnishings,Eldon Wave Desk Accessories,23.56
466,CA-2017-109869,22/04/2017,29/04/2017,Standard Class,TN-21040,Tanja Norvell,Home Office,United States,Phoenix,Arizona,85023.0,West,OFF-SU-10003505,Office Supplies,Supplies,Premier Electric Letter Opener,185.376
469,CA-2018-154907,31/03/2018,04/04/2018,Standard Class,DS-13180,David Smith,Corporate,United States,Amarillo,Texas,79109.0,Central,FUR-BO-10002824,Furniture,Bookcases,Bush Mission Pointe Library,205.3328
470,US-2017-100419,16/12/2017,20/12/2017,Second Class,CC-12670,Craig Carreira,Consumer,United States,Chicago,Illinois,60610.0,Central,OFF-BI-10002194,Office Supplies,Binders,Cardinal Hold-It CD Pocket,4.788
473,CA-2015-144666,09/11/2015,11/11/2015,Second Class,JP-15520,Jeremy Pistek,Consumer,United States,San Francisco,California,94110.0,West,FUR-BO-10001601,Furniture,Bookcases,"Sauder Mission Library with Doors, Fruitwood Finish",222.666
474,CA-2015-144666,09/11/2015,11/11/2015,Second Class,JP-15520,Jeremy Pistek,Consumer,United States,San Francisco,California,94110.0,West,TEC-PH-10002680,Technology,Phones,Samsung Galaxy Note 3,703.968
475,CA-2015-144666,09/11/2015,11/11/2015,Second Class,JP-15520,Jeremy Pistek,Consumer,United States,San Francisco,California,94110.0,West,OFF-ST-10001321,Office Supplies,Storage,"Decoflex Hanging Personal Folder File, Blue",92.52
477,CA-2015-144666,09/11/2015,11/11/2015,Second Class,JP-15520,Jeremy Pistek,Consumer,United States,San Francisco,California,94110.0,West,OFF-PA-10003465,Office Supplies,Paper,Xerox 1912,94.85
478,CA-2017-103891,12/07/2017,19/07/2017,Standard Class,KH-16690,Kristen Hastings,Corporate,United States,Los Angeles,California,90008.0,West,TEC-PH-10000149,Technology,Phones,Cisco SPA525G2 IP Phone - Wireless,95.76
484,CA-2015-127691,22/07/2015,27/07/2015,Standard Class,EM-14065,Erin Mull,Consumer,United States,New York City,New York,10024.0,East,TEC-AC-10002567,Technology,Accessories,Logitech G602 Wireless Gaming Mouse,159.98
486,CA-2018-140963,10/06/2018,13/06/2018,First Class,MT-18070,Michelle Tran,Home Office,United States,Los Angeles,California,90045.0,West,FUR-BO-10001337,Furniture,Bookcases,O'Sullivan Living Dimensions 2-Shelf Bookcases,514.165
487,CA-2018-140963,10/06/2018,13/06/2018,First Class,MT-18070,Michelle Tran,Home Office,United States,Los Angeles,California,90045.0,West,TEC-PH-10001924,Technology,Phones,iHome FM Clock Radio with Lightning Dock,279.96
488,CA-2015-154627,29/10/2015,31/10/2015,First Class,SA-20830,Sue Ann Reed,Consumer,United States,Chicago,Illinois,60610.0,Central,TEC-PH-10001363,Technology,Phones,Apple iPhone 5S,2735.952
492,CA-2015-113362,14/09/2015,19/09/2015,Standard Class,AJ-10960,Astrea Jones,Consumer,United States,Rochester,New York,14609.0,East,OFF-ST-10001809,Office Supplies,Storage,Fellowes Officeware Wire Shelving,449.15
496,CA-2016-134782,27/12/2016,31/12/2016,Standard Class,MD-17350,Maribeth Dona,Consumer,United States,Fayetteville,Arkansas,72701.0,South,OFF-EN-10001434,Office Supplies,Envelopes,"Strathmore #10 Envelopes, Ultimate White",105.42
497,CA-2017-126158,25/07/2017,31/07/2017,Standard Class,SC-20095,Sanjit Chand,Consumer,United States,Costa Mesa,California,92627.0,West,OFF-BI-10002498,Office Supplies,Binders,Clear Mylar Reinforcing Strips,119.616
501,US-2017-105578,30/05/2017,04/06/2017,Standard Class,MY-17380,Maribeth Yedwab,Corporate,United States,Parker,Colorado,80134.0,West,OFF-BI-10001670,Office Supplies,Binders,Vinyl Sectional Post Binders,22.62
504,US-2017-105578,30/05/2017,04/06/2017,Standard Class,MY-17380,Maribeth Yedwab,Corporate,United States,Parker,Colorado,80134.0,West,OFF-BI-10000831,Office Supplies,Binders,Storex Flexible Poly Binders with Double Pockets,2.376
510,CA-2016-145352,16/03/2016,22/03/2016,Standard Class,CM-12385,Christopher Martinez,Consumer,United States,Atlanta,Georgia,30318.0,South,OFF-BI-10003527,Office Supplies,Binders,Fellowes PB500 Electric Punch Plastic Comb Binding Machine with Manual Bind,6354.95
511,CA-2018-135307,26/11/2018,27/11/2018,First Class,LS-17245,Lynn Smith,Consumer,United States,Gladstone,Missouri,64118.0,Central,FUR-FU-10001290,Furniture,Furnishings,Executive Impressions Supervisor Wall Clock,126.3
512,CA-2018-135307,26/11/2018,27/11/2018,First Class,LS-17245,Lynn Smith,Consumer,United States,Gladstone,Missouri,64118.0,Central,TEC-AC-10002399,Technology,Accessories,SanDisk Cruzer 32 GB USB Flash Drive,38.04
514,CA-2018-163405,21/12/2018,25/12/2018,Standard Class,BN-11515,Bradley Nguyen,Consumer,United States,Los Angeles,California,90049.0,West,OFF-AR-10003811,Office Supplies,Art,Newell 327,6.63
519,CA-2018-127432,22/01/2018,27/01/2018,Standard Class,AD-10180,Alan Dominguez,Home Office,United States,Great Falls,Montana,59405.0,West,OFF-ST-10004459,Office Supplies,Storage,Tennsco Single-Tier Lockers,1126.02
525,US-2017-139486,21/05/2017,23/05/2017,First Class,LH-17155,Logan Haushalter,Consumer,United States,Los Angeles,California,90032.0,West,TEC-AC-10003832,Technology,Accessories,Imation 16GB Mini TravelDrive USB 2.0 Flash Drive,66.26
529,US-2016-138303,03/09/2016,07/09/2016,Standard Class,MG-18145,Mike Gockenbach,Consumer,United States,Philadelphia,Pennsylvania,19134.0,East,OFF-ST-10004963,Office Supplies,Storage,Eldon Gobal File Keepers,36.336
531,US-2016-138303,03/09/2016,07/09/2016,Standard Class,MG-18145,Mike Gockenbach,Consumer,United States,Philadelphia,Pennsylvania,19134.0,East,OFF-EN-10001335,Office Supplies,Envelopes,"White Business Envelopes with Contemporary Seam, Recycled White Business Envelopes",52.512
533,US-2018-129441,07/09/2018,11/09/2018,Standard Class,JC-15340,Jasper Cacioppo,Consumer,United States,Los Angeles,California,90032.0,West,FUR-FU-10000448,Furniture,Furnishings,Tenex Chairmats For Use With Carpeted Floors,47.94
534,CA-2017-168753,29/05/2017,01/06/2017,Second Class,RL-19615,Rob Lucas,Consumer,United States,Montgomery,Alabama,36116.0,South,TEC-PH-10000984,Technology,Phones,Panasonic KX-TG9471B,979.95
535,CA-2017-168753,29/05/2017,01/06/2017,Second Class,RL-19615,Rob Lucas,Consumer,United States,Montgomery,Alabama,36116.0,South,OFF-BI-10002557,Office Supplies,Binders,Presstex Flexible Ring Binders,22.75
536,CA-2017-126613,10/07/2017,16/07/2017,Standard Class,AA-10375,Allen Armold,Consumer,United States,Mesa,Arizona,85204.0,West,OFF-ST-10001325,Office Supplies,Storage,Sterilite Officeware Hinged File Box,16.768
539,CA-2016-134894,07/12/2016,11/12/2016,Standard Class,DK-12985,Darren Koutras,Consumer,United States,Henderson,Kentucky,42420.0,South,OFF-AP-10001271,Office Supplies,Appliances,Eureka The Boss Cordless Rechargeable Stick Vac,152.94
541,CA-2015-140795,01/02/2015,03/02/2015,First Class,BD-11500,Bradley Drucker,Consumer,United States,Green Bay,Wisconsin,54302.0,Central,TEC-AC-10001432,Technology,Accessories,Enermax Aurora Lite Keyboard,468.9
544,CA-2015-103849,11/05/2015,16/05/2015,Standard Class,PG-18895,Paul Gonzalez,Consumer,United States,Fort Worth,Texas,76106.0,Central,TEC-AC-10001465,Technology,Accessories,SanDisk Cruzer 64 GB USB Flash Drive,58.112
545,CA-2015-103849,11/05/2015,16/05/2015,Standard Class,PG-18895,Paul Gonzalez,Consumer,United States,Fort Worth,Texas,76106.0,Central,TEC-PH-10002597,Technology,Phones,Xblue XB-1670-86 X16 Small Office Telephone - Titanium,100.792
548,CA-2018-162929,19/11/2018,22/11/2018,First Class,AS-10135,Adrian Shami,Home Office,United States,New York City,New York,10035.0,East,OFF-PA-10002986,Office Supplies,Paper,Xerox 1898,13.36
551,CA-2016-113173,15/11/2016,17/11/2016,Second Class,DK-13225,Dean Katz,Corporate,United States,Chicago,Illinois,60653.0,Central,OFF-SU-10001935,Office Supplies,Supplies,Staple remover,8.72
552,CA-2017-136406,15/04/2017,17/04/2017,Second Class,BD-11320,Bill Donatelli,Consumer,United States,San Francisco,California,94110.0,West,FUR-CH-10002024,Furniture,Chairs,HON 5400 Series Task Chairs for Big and Tall,1121.568
555,CA-2018-100650,29/06/2018,03/07/2018,Second Class,DK-13225,Dean Katz,Corporate,United States,Anaheim,California,92804.0,West,OFF-ST-10001780,Office Supplies,Storage,Tennsco 16-Compartment Lockers with Coat Rack,1295.78
556,CA-2015-155852,03/03/2015,07/03/2015,Second Class,AJ-10945,Ashley Jarboe,Consumer,United States,Wilmington,North Carolina,28403.0,South,OFF-AR-10003560,Office Supplies,Art,Zebra Zazzle Fluorescent Highlighters,19.456
564,CA-2016-130736,07/12/2016,09/12/2016,First Class,JF-15490,Jeremy Farry,Consumer,United States,Seattle,Washington,98105.0,West,OFF-FA-10003467,Office Supplies,Fasteners,"Alliance Big Bands Rubber Bands, 12/Pack",3.96
565,CA-2016-130736,07/12/2016,09/12/2016,First Class,JF-15490,Jeremy Farry,Consumer,United States,Seattle,Washington,98105.0,West,OFF-LA-10000634,Office Supplies,Labels,Avery 509,2.61
568,CA-2018-156951,01/10/2018,08/10/2018,Standard Class,EB-13840,Ellis Ballard,Corporate,United States,Seattle,Washington,98105.0,West,OFF-BI-10001107,Office Supplies,Binders,"GBC White Gloss Covers, Plain Front",81.088
569,CA-2018-156951,01/10/2018,08/10/2018,Standard Class,EB-13840,Ellis Ballard,Corporate,United States,Seattle,Washington,98105.0,West,OFF-PA-10004451,Office Supplies,Paper,Xerox 222,19.44
574,CA-2018-164826,28/12/2018,04/01/2019,Standard Class,JF-15415,Jennifer Ferguson,Consumer,United States,New York City,New York,10024.0,East,TEC-PH-10000347,Technology,Phones,Cush Cases Heavy Duty Rugged Cover Case for Samsung Galaxy S5 - Purple,14.85
577,CA-2016-149713,18/09/2016,22/09/2016,Second Class,TG-21640,Trudy Glocke,Consumer,United States,Long Beach,California,90805.0,West,OFF-PA-10001450,Office Supplies,Paper,Rediform S.O.S. Phone Message Books,19.92
578,CA-2016-149713,18/09/2016,22/09/2016,Second Class,TG-21640,Trudy Glocke,Consumer,United States,Long Beach,California,90805.0,West,OFF-SU-10001574,Office Supplies,Supplies,Acme Value Line Scissors,7.3
583,CA-2018-145233,01/12/2018,05/12/2018,Standard Class,DV-13465,Dianna Vittorini,Consumer,United States,Denver,Colorado,80219.0,West,TEC-PH-10000586,Technology,Phones,AT&T SB67148 SynJ,105.584
586,CA-2018-145233,01/12/2018,05/12/2018,Standard Class,DV-13465,Dianna Vittorini,Consumer,United States,Denver,Colorado,80219.0,West,TEC-PH-10001254,Technology,Phones,Jabra BIZ 2300 Duo QD Duo Corded Headset,406.368
587,CA-2016-128139,03/07/2016,09/07/2016,Standard Class,BD-11725,Bruce Degenhardt,Consumer,United States,Richmond,Kentucky,40475.0,South,FUR-CH-10003956,Furniture,Chairs,Novimex High-Tech Fabric Mesh Task Chair,70.98
591,US-2017-156986,20/03/2017,24/03/2017,Standard Class,ZC-21910,Zuschuss Carroll,Consumer,United States,Salem,Oregon,97301.0,West,OFF-BI-10002498,Office Supplies,Binders,Clear Mylar Reinforcing Strips,16.821
592,US-2017-156986,20/03/2017,24/03/2017,Standard Class,ZC-21910,Zuschuss Carroll,Consumer,United States,Salem,Oregon,97301.0,West,OFF-PA-10004101,Office Supplies,Paper,Xerox 1894,10.368
593,CA-2015-135405,09/01/2015,13/01/2015,Standard Class,MS-17830,Melanie Seite,Consumer,United States,Laredo,Texas,78041.0,Central,OFF-AR-10004078,Office Supplies,Art,Newell 312,9.344
595,CA-2015-131450,08/08/2015,15/08/2015,Standard Class,LR-16915,Lena Radford,Consumer,United States,San Diego,California,92024.0,West,OFF-AP-10004708,Office Supplies,Appliances,Fellowes Superior 10 Outlet Split Surge Protector,76.12
602,US-2017-100720,16/07/2017,21/07/2017,Standard Class,CK-12205,Chloris Kastensmidt,Consumer,United States,Philadelphia,Pennsylvania,19120.0,East,OFF-SU-10001574,Office Supplies,Supplies,Acme Value Line Scissors,5.84
604,CA-2015-149958,15/03/2015,19/03/2015,Standard Class,AS-10240,Alan Shonely,Consumer,United States,Tampa,Florida,33614.0,South,FUR-FU-10001756,Furniture,Furnishings,"Eldon Expressions Desk Accessory, Wood Photo Frame, Mahogany",45.696
605,CA-2015-149958,15/03/2015,19/03/2015,Standard Class,AS-10240,Alan Shonely,Consumer,United States,Tampa,Florida,33614.0,South,OFF-BI-10000773,Office Supplies,Binders,Insertable Tab Post Binder Dividers,7.218
606,CA-2015-149958,15/03/2015,19/03/2015,Standard Class,AS-10240,Alan Shonely,Consumer,United States,Tampa,Florida,33614.0,South,OFF-BI-10001543,Office Supplies,Binders,GBC VeloBinder Manual Binding System,43.188
612,CA-2017-161816,28/04/2017,01/05/2017,First Class,NB-18655,Nona Balk,Corporate,United States,Dallas,Texas,75217.0,Central,OFF-LA-10004345,Office Supplies,Labels,Avery 493,15.712
614,CA-2017-121223,11/09/2017,13/09/2017,Second Class,GD-14590,Giulietta Dortch,Corporate,United States,Philadelphia,Pennsylvania,19143.0,East,TEC-PH-10004667,Technology,Phones,Cisco 8x8 Inc. 6753i IP Business Phone System,728.946
618,CA-2018-117947,18/08/2018,23/08/2018,Second Class,NG-18355,Nat Gilpin,Corporate,United States,New York City,New York,10011.0,East,FUR-FU-10000010,Furniture,Furnishings,"DAX Value U-Channel Document Frames, Easel Back",9.94
619,CA-2018-117947,18/08/2018,23/08/2018,Second Class,NG-18355,Nat Gilpin,Corporate,United States,New York City,New York,10011.0,East,OFF-BI-10002824,Office Supplies,Binders,Recycled Easel Ring Binders,107.424
621,CA-2018-117947,18/08/2018,23/08/2018,Second Class,NG-18355,Nat Gilpin,Corporate,United States,New York City,New York,10011.0,East,FUR-FU-10000521,Furniture,Furnishings,"Seth Thomas 14"" Putty-Colored Wall Clock",88.02
622,US-2015-111171,26/12/2015,31/12/2015,Standard Class,CA-12265,Christina Anderson,Consumer,United States,Chicago,Illinois,60610.0,Central,OFF-BI-10002103,Office Supplies,Binders,"Cardinal Slant-D Ring Binder, Heavy Gauge Vinyl",8.69
624,CA-2016-138009,29/11/2016,03/12/2016,Standard Class,SF-20965,Sylvia Foulston,Corporate,United States,Dearborn,Michigan,48126.0,Central,OFF-AP-10000179,Office Supplies,Appliances,Honeywell Enviracaire Portable HEPA Air Cleaner for up to 10 x 16 Room,555.21
625,CA-2016-138009,29/11/2016,03/12/2016,Standard Class,SF-20965,Sylvia Foulston,Corporate,United States,Dearborn,Michigan,48126.0,Central,OFF-ST-10001272,Office Supplies,Storage,"Mini 13-1/2 Capacity Data Binder Rack, Pearl",523.48
626,CA-2016-138009,29/11/2016,03/12/2016,Standard Class,SF-20965,Sylvia Foulston,Corporate,United States,Dearborn,Michigan,48126.0,Central,OFF-AR-10004042,Office Supplies,Art,"BOSTON Model 1800 Electric Pencil Sharpeners, Putty/Woodgrain",161.82
634,CA-2018-144694,24/09/2018,26/09/2018,Second Class,BD-11605,Brian Dahlen,Consumer,United States,Miami,Florida,33180.0,South,TEC-AC-10002857,Technology,Accessories,"Verbatim 25 GB 6x Blu-ray Single Layer Recordable Disc, 1/Pack",17.88
638,US-2017-123470,15/08/2017,21/08/2017,Standard Class,ME-17725,Max Engle,Consumer,United States,Aurora,Colorado,80013.0,West,OFF-AP-10003287,Office Supplies,Appliances,Tripp Lite TLP810NET Broadband Surge for Modem/Fax,122.328
642,CA-2018-167913,30/07/2018,03/08/2018,Second Class,JL-15835,John Lee,Consumer,United States,Mission Viejo,California,92691.0,West,OFF-ST-10000585,Office Supplies,Storage,Economy Rollaway Files,330.4
643,CA-2018-167913,30/07/2018,03/08/2018,Second Class,JL-15835,John Lee,Consumer,United States,Mission Viejo,California,92691.0,West,OFF-LA-10002787,Office Supplies,Labels,Avery 480,26.25
648,CA-2017-103947,01/04/2017,08/04/2017,Standard Class,BB-10990,Barry Blumstein,Corporate,United States,Sierra Vista,Arizona,85635.0,West,OFF-AP-10002350,Office Supplies,Appliances,Belkin F9H710-06 7 Outlet SurgeMaster Surge Protector,30.144
654,CA-2018-140844,19/06/2018,23/06/2018,Standard Class,AR-10405,Allen Rosenblatt,Corporate,United States,New York City,New York,10035.0,East,TEC-AC-10001101,Technology,Accessories,Sony 16GB Class 10 Micro SDHC R40 Memory Card,103.12
655,CA-2017-137239,22/08/2017,28/08/2017,Standard Class,CR-12730,Craig Reiter,Consumer,United States,Columbus,Ohio,43229.0,East,OFF-AP-10002439,Office Supplies,Appliances,Tripp Lite Isotel 8 Ultra 8 Outlet Metal Surge,113.552
656,CA-2017-137239,22/08/2017,28/08/2017,Standard Class,CR-12730,Craig Reiter,Consumer,United States,Columbus,Ohio,43229.0,East,OFF-BI-10002827,Office Supplies,Binders,Avery Durable Poly Binders,3.318
665,CA-2017-143308,04/11/2017,04/11/2017,Same Day,RC-19825,Roy Collins,Consumer,United States,Louisville,Kentucky,40214.0,South,OFF-FA-10000621,Office Supplies,Fasteners,"OIC Colored Binder Clips, Assorted Sizes",10.74
666,CA-2018-132682,08/06/2018,10/06/2018,Second Class,TH-21235,Tiffany House,Corporate,United States,Dallas,Texas,75081.0,Central,OFF-SU-10004231,Office Supplies,Supplies,Acme Tagit Stainless Steel Antibacterial Scissors,23.76
669,CA-2015-156314,24/12/2015,26/12/2015,First Class,RP-19390,Resi Pölking,Consumer,United States,Cleveland,Ohio,44105.0,East,FUR-FU-10003096,Furniture,Furnishings,"Master Giant Foot Doorstop, Safety Yellow",30.36
674,CA-2018-130351,05/12/2018,08/12/2018,First Class,RB-19570,Rob Beeghly,Consumer,United States,Columbus,Indiana,47201.0,Central,OFF-AP-10004532,Office Supplies,Appliances,Kensington 6 Outlet Guardian Standard Surge Protector,61.44
676,CA-2018-130351,05/12/2018,08/12/2018,First Class,RB-19570,Rob Beeghly,Consumer,United States,Columbus,Indiana,47201.0,Central,TEC-AC-10003832,Technology,Accessories,Imation 16GB Mini TravelDrive USB 2.0 Flash Drive,99.39
677,US-2018-119438,18/03/2018,23/03/2018,Standard Class,CD-11980,Carol Darley,Consumer,United States,Tyler,Texas,75701.0,Central,OFF-AP-10000804,Office Supplies,Appliances,Hoover Portapower Portable Vacuum,2.688
679,US-2018-119438,18/03/2018,23/03/2018,Standard Class,CD-11980,Carol Darley,Consumer,United States,Tyler,Texas,75701.0,Central,FUR-FU-10003553,Furniture,Furnishings,"Howard Miller 13-1/2"" Diameter Rosebrook Wall Clock",82.524
683,CA-2017-164511,19/11/2017,24/11/2017,Standard Class,DJ-13630,Doug Jacobs,Consumer,United States,New York City,New York,10024.0,East,OFF-ST-10004507,Office Supplies,Storage,Advantus Rolling Storage Box,68.6
684,US-2018-168116,04/11/2018,04/11/2018,Same Day,GT-14635,Grant Thornton,Corporate,United States,Burlington,North Carolina,27217.0,South,TEC-MA-10004125,Technology,Machines,Cubify CubeX 3D Printer Triple Head Print,7999.98
694,CA-2016-131534,28/03/2016,02/04/2016,Standard Class,AB-10165,Alan Barnes,Consumer,United States,Los Angeles,California,90036.0,West,OFF-PA-10000743,Office Supplies,Paper,Xerox 1977,33.4
695,CA-2016-119291,14/05/2016,17/05/2016,First Class,JO-15550,Jesus Ocampo,Home Office,United States,Chester,Pennsylvania,19013.0,East,OFF-AR-10003373,Office Supplies,Art,"Boston School Pro Electric Pencil Sharpener, 1670",198.272
697,CA-2016-119291,14/05/2016,17/05/2016,First Class,JO-15550,Jesus Ocampo,Home Office,United States,Chester,Pennsylvania,19013.0,East,OFF-EN-10000927,Office Supplies,Envelopes,Jet-Pak Recycled Peel 'N' Seal Padded Mailers,200.984
701,CA-2016-119291,14/05/2016,17/05/2016,First Class,JO-15550,Jesus Ocampo,Home Office,United States,Chester,Pennsylvania,19013.0,East,OFF-BI-10001982,Office Supplies,Binders,Wilson Jones Custom Binder Spines & Labels,4.896
706,CA-2015-138527,12/09/2015,17/09/2015,Standard Class,BN-11470,Brad Norvell,Corporate,United States,Cary,North Carolina,27511.0,South,OFF-AP-10001469,Office Supplies,Appliances,Fellowes 8 Outlet Superior Workstation Surge Protector,166.84
707,CA-2015-138527,12/09/2015,17/09/2015,Standard Class,BN-11470,Brad Norvell,Corporate,United States,Cary,North Carolina,27511.0,South,TEC-AC-10002399,Technology,Accessories,SanDisk Cruzer 32 GB USB Flash Drive,15.216
709,CA-2015-112158,02/12/2015,04/12/2015,First Class,DP-13165,David Philippe,Consumer,United States,New York City,New York,10035.0,East,FUR-BO-10003272,Furniture,Bookcases,O'Sullivan Living Dimensions 5-Shelf Bookcases,883.92
711,CA-2015-113887,05/04/2015,07/04/2015,First Class,TH-21550,Tracy Hopkins,Home Office,United States,New York City,New York,10035.0,East,OFF-PA-10004071,Office Supplies,Paper,"Eaton Premium Continuous-Feed Paper, 25% Cotton, Letter Size, White, 1000 Shts/Box",55.48
712,CA-2018-146136,03/09/2018,07/09/2018,Standard Class,AP-10915,Arthur Prichep,Consumer,United States,Palm Coast,Florida,32137.0,South,OFF-EN-10001219,Office Supplies,Envelopes,"#10- 4 1/8"" x 9 1/2"" Security-Tint Envelopes",24.448
713,US-2018-100048,19/05/2018,24/05/2018,Standard Class,RS-19765,Roland Schwarz,Corporate,United States,Mount Vernon,New York,10550.0,East,OFF-AP-10001154,Office Supplies,Appliances,Bionaire Personal Warm Mist Humidifier/Vaporizer,281.34
714,US-2018-100048,19/05/2018,24/05/2018,Standard Class,RS-19765,Roland Schwarz,Corporate,United States,Mount Vernon,New York,10550.0,East,TEC-PH-10003012,Technology,Phones,Nortel Meridian M3904 Professional Digital phone,307.98
716,CA-2015-153150,01/07/2015,06/07/2015,Second Class,Dl-13600,Dorris liebe,Corporate,United States,Seattle,Washington,98105.0,West,OFF-BI-10003355,Office Supplies,Binders,Cardinal Holdit Business Card Pockets,19.92
719,CA-2015-104472,02/06/2015,07/06/2015,Standard Class,CK-12325,Christine Kargatis,Home Office,United States,Orem,Utah,84057.0,West,OFF-BI-10001658,Office Supplies,Binders,GBC Standard Therm-A-Bind Covers,59.808
725,CA-2017-114713,07/07/2017,12/07/2017,Standard Class,SC-20695,Steve Chapman,Corporate,United States,Hialeah,Florida,33012.0,South,OFF-SU-10004664,Office Supplies,Supplies,Acme Softgrip Scissors,45.584
731,US-2017-150861,03/12/2017,06/12/2017,First Class,EG-13900,Emily Grady,Consumer,United States,Oceanside,New York,11572.0,East,FUR-CH-10002965,Furniture,Chairs,"Global Leather Highback Executive Chair with Pneumatic Height Adjustment, Black",542.646
734,CA-2018-131954,21/01/2018,25/01/2018,Standard Class,DS-13030,Darrin Sayre,Home Office,United States,Seattle,Washington,98115.0,West,TEC-AC-10003610,Technology,Accessories,Logitech Illuminated - Keyboard,179.97
737,CA-2018-131954,21/01/2018,25/01/2018,Standard Class,DS-13030,Darrin Sayre,Home Office,United States,Seattle,Washington,98115.0,West,FUR-BO-10001619,Furniture,Bookcases,O'Sullivan Cherrywood Estates Traditional Bookcase,84.98
738,CA-2018-131954,21/01/2018,25/01/2018,Standard Class,DS-13030,Darrin Sayre,Home Office,United States,Seattle,Washington,98115.0,West,OFF-BI-10000138,Office Supplies,Binders,Acco Translucent Poly Ring Binders,18.72
739,CA-2015-132500,08/09/2015,12/09/2015,Standard Class,GZ-14470,Gary Zandusky,Consumer,United States,San Francisco,California,94110.0,West,TEC-AC-10001383,Technology,Accessories,Logitech Wireless Touch Keyboard K400,49.98
741,CA-2015-112326,04/01/2015,08/01/2015,Standard Class,PO-19195,Phillina Ober,Home Office,United States,Naperville,Illinois,60540.0,Central,OFF-ST-10002743,Office Supplies,Storage,SAFCO Boltless Steel Shelving,272.736
743,US-2017-146710,27/08/2017,01/09/2017,Standard Class,SS-20875,Sung Shariari,Consumer,United States,Dallas,Texas,75220.0,Central,OFF-SU-10004498,Office Supplies,Supplies,Martin-Yale Premier Letter Opener,51.52
744,US-2017-146710,27/08/2017,01/09/2017,Standard Class,SS-20875,Sung Shariari,Consumer,United States,Dallas,Texas,75220.0,Central,OFF-PA-10002615,Office Supplies,Paper,"Ampad Gold Fibre Wirebound Steno Books, 6"" x 9"", Gregg Ruled",3.528
745,US-2017-146710,27/08/2017,01/09/2017,Standard Class,SS-20875,Sung Shariari,Consumer,United States,Dallas,Texas,75220.0,Central,OFF-PA-10004971,Office Supplies,Paper,Xerox 196,4.624
746,US-2017-146710,27/08/2017,01/09/2017,Standard Class,SS-20875,Sung Shariari,Consumer,United States,Dallas,Texas,75220.0,Central,OFF-SU-10004261,Office Supplies,Supplies,"Fiskars 8"" Scissors, 2/Pack",55.168
748,CA-2015-124429,27/05/2015,27/05/2015,Same Day,MH-17785,Maya Herman,Corporate,United States,San Diego,California,92105.0,West,OFF-ST-10001809,Office Supplies,Storage,Fellowes Officeware Wire Shelving,359.32
749,CA-2017-150889,20/03/2017,22/03/2017,Second Class,PB-19105,Peter Bühler,Consumer,United States,Evanston,Illinois,60201.0,Central,TEC-PH-10000004,Technology,Phones,Belkin iPhone and iPad Lightning Cable,11.992
750,CA-2018-126074,02/10/2018,06/10/2018,Standard Class,RF-19735,Roland Fjeld,Consumer,United States,Trenton,Michigan,48183.0,Central,OFF-BI-10003638,Office Supplies,Binders,GBC Durable Plastic Covers,58.05
751,CA-2018-126074,02/10/2018,06/10/2018,Standard Class,RF-19735,Roland Fjeld,Consumer,United States,Trenton,Michigan,48183.0,Central,FUR-FU-10003577,Furniture,Furnishings,Nu-Dell Leatherette Frames,157.74
752,CA-2018-126074,02/10/2018,06/10/2018,Standard Class,RF-19735,Roland Fjeld,Consumer,United States,Trenton,Michigan,48183.0,Central,OFF-AR-10003478,Office Supplies,Art,"Avery Hi-Liter EverBold Pen Style Fluorescent Highlighters, 4/Pack",56.98
754,CA-2017-110499,07/04/2017,09/04/2017,First Class,YC-21895,Yoseph Carroll,Corporate,United States,San Francisco,California,94110.0,West,TEC-CO-10002095,Technology,Copiers,Hewlett Packard 610 Color Digital Copier / Printer,1199.976
755,CA-2016-135272,07/12/2016,12/12/2016,Standard Class,MS-17830,Melanie Seite,Consumer,United States,Los Angeles,California,90036.0,West,FUR-FU-10002759,Furniture,Furnishings,12-1/2 Diameter Round Wall Clock,79.92
759,CA-2018-117240,23/07/2018,28/07/2018,Standard Class,CP-12340,Christine Phan,Corporate,United States,New York City,New York,10009.0,East,OFF-BI-10000848,Office Supplies,Binders,Angle-D Ring Binders,13.128
760,CA-2018-133333,18/09/2018,22/09/2018,Standard Class,BF-11020,Barry Französisch,Corporate,United States,Green Bay,Wisconsin,54302.0,Central,OFF-PA-10002377,Office Supplies,Paper,"Adams Telephone Message Book W/Dividers/Space For Phone Numbers, 5 1/4""X8 1/2"", 200/Messages",22.72
762,CA-2018-126046,03/11/2018,07/11/2018,Standard Class,JC-16105,Julie Creighton,Corporate,United States,Atlanta,Georgia,30318.0,South,OFF-LA-10004484,Office Supplies,Labels,Avery 476,12.39
764,CA-2015-162775,13/01/2015,15/01/2015,Second Class,CS-12250,Chris Selesnick,Corporate,United States,Bossier City,Louisiana,71111.0,South,OFF-EN-10001990,Office Supplies,Envelopes,Staple envelope,11.36
765,CA-2015-162775,13/01/2015,15/01/2015,Second Class,CS-12250,Chris Selesnick,Corporate,United States,Bossier City,Louisiana,71111.0,South,OFF-EN-10001532,Office Supplies,Envelopes,Brown Kraft Recycled Envelopes,50.94
766,CA-2015-162775,13/01/2015,15/01/2015,Second Class,CS-12250,Chris Selesnick,Corporate,United States,Bossier City,Louisiana,71111.0,South,TEC-AC-10003174,Technology,Accessories,Plantronics S12 Corded Telephone Headset System,646.74
767,CA-2015-162775,13/01/2015,15/01/2015,Second Class,CS-12250,Chris Selesnick,Corporate,United States,Bossier City,Louisiana,71111.0,South,OFF-BI-10004187,Office Supplies,Binders,3-ring staple pack,5.64
774,CA-2018-104220,30/01/2018,05/02/2018,Standard Class,BV-11245,Benjamin Venier,Corporate,United States,Des Moines,Iowa,50315.0,Central,OFF-BI-10003910,Office Supplies,Binders,DXL Angle-View Binders with Locking Rings by Samsill,7.71
775,CA-2018-104220,30/01/2018,05/02/2018,Standard Class,BV-11245,Benjamin Venier,Corporate,United States,Des Moines,Iowa,50315.0,Central,OFF-AR-10004648,Office Supplies,Art,Boston 19500 Mighty Mite Electric Pencil Sharpener,40.3
780,CA-2016-144267,21/08/2016,23/08/2016,First Class,NZ-18565,Nick Zandusky,Home Office,United States,San Francisco,California,94110.0,West,OFF-PA-10001947,Office Supplies,Paper,Xerox 1974,23.92
783,US-2016-157014,03/10/2016,06/10/2016,Second Class,BM-11785,Bryan Mills,Consumer,United States,Columbus,Ohio,43229.0,East,TEC-AC-10002167,Technology,Accessories,Imation 8gb Micro Traveldrive Usb 2.0 Flash Drive,24.0
787,CA-2018-129567,17/03/2018,21/03/2018,Second Class,CL-12565,Clay Ludtke,Consumer,United States,Lancaster,California,93534.0,West,OFF-BI-10000014,Office Supplies,Binders,Heavy-Duty E-Z-D Binders,17.456
790,CA-2016-115938,26/06/2016,30/06/2016,Standard Class,SA-20830,Sue Ann Reed,Consumer,United States,Richmond,Virginia,23223.0,South,OFF-ST-10001321,Office Supplies,Storage,"Decoflex Hanging Personal Folder File, Blue",15.42
795,CA-2015-156433,20/09/2015,26/09/2015,Standard Class,ES-14020,Erica Smith,Consumer,United States,San Francisco,California,94110.0,West,OFF-PA-10003724,Office Supplies,Paper,"Wirebound Message Book, 4 per Page",21.72
796,CA-2018-151428,21/09/2018,26/09/2018,Standard Class,RH-19495,Rick Hansen,Consumer,United States,Rochester,Minnesota,55901.0,Central,OFF-BI-10000546,Office Supplies,Binders,Avery Durable Binders,20.16
800,CA-2016-101910,27/11/2016,03/12/2016,Standard Class,CD-11920,Carlos Daly,Consumer,United States,Lake Elsinore,California,92530.0,West,FUR-CH-10002647,Furniture,Chairs,"Situations Contoured Folding Chairs, 4/Set",283.92
801,CA-2018-105809,20/02/2018,23/02/2018,First Class,HW-14935,Helen Wasserman,Corporate,United States,San Diego,California,92105.0,West,FUR-FU-10004090,Furniture,Furnishings,"Executive Impressions 14"" Contract Wall Clock",22.23
806,CA-2015-134313,01/11/2015,07/11/2015,Standard Class,RA-19915,Russell Applegate,Consumer,United States,Denver,Colorado,80219.0,West,OFF-AR-10001897,Office Supplies,Art,Model L Table or Wall-Mount Pencil Sharpener,43.176
810,CA-2015-151995,13/10/2015,15/10/2015,First Class,ZC-21910,Zuschuss Carroll,Consumer,United States,Edmonds,Washington,98026.0,West,OFF-AR-10003190,Office Supplies,Art,Newell 32,11.52
811,CA-2015-151995,13/10/2015,15/10/2015,First Class,ZC-21910,Zuschuss Carroll,Consumer,United States,Edmonds,Washington,98026.0,West,FUR-TA-10002903,Furniture,Tables,"Bevis Round Bullnose 29"" High Table Top",1298.55
812,CA-2015-151995,13/10/2015,15/10/2015,First Class,ZC-21910,Zuschuss Carroll,Consumer,United States,Edmonds,Washington,98026.0,West,OFF-AP-10000240,Office Supplies,Appliances,Belkin F9G930V10-GRY 9 Outlet Surge,213.92
816,CA-2016-106565,20/03/2016,23/03/2016,First Class,BW-11110,Bart Watters,Corporate,United States,Milwaukee,Wisconsin,53209.0,Central,OFF-PA-10000061,Office Supplies,Paper,Xerox 205,51.84
829,CA-2018-126956,21/08/2018,28/08/2018,Standard Class,GT-14710,Greg Tran,Consumer,United States,Lakeville,Minnesota,55044.0,Central,OFF-EN-10004459,Office Supplies,Envelopes,Security-Tint Envelopes,15.28
832,CA-2018-129462,16/06/2018,21/06/2018,Second Class,JE-15745,Joel Eaton,Consumer,United States,Florence,Kentucky,41042.0,South,TEC-PH-10001557,Technology,Phones,Pyle PMP37LED,191.98
834,CA-2017-165316,23/07/2017,27/07/2017,Standard Class,JB-15400,Jennifer Braxton,Corporate,United States,Tampa,Florida,33614.0,South,OFF-AR-10002956,Office Supplies,Art,Boston 16801 Nautilus Battery Pencil Sharpener,35.216
835,CA-2017-165316,23/07/2017,27/07/2017,Standard Class,JB-15400,Jennifer Braxton,Corporate,United States,Tampa,Florida,33614.0,South,OFF-AP-10003266,Office Supplies,Appliances,"Holmes Replacement Filter for HEPA Air Cleaner, Large Room",23.696
836,CA-2017-165316,23/07/2017,27/07/2017,Standard Class,JB-15400,Jennifer Braxton,Corporate,United States,Tampa,Florida,33614.0,South,TEC-MA-10004002,Technology,Machines,Zebra GX420t Direct Thermal/Thermal Transfer Printer,265.475
838,US-2018-156083,04/11/2018,11/11/2018,Standard Class,JL-15175,James Lanier,Home Office,United States,Columbia,Tennessee,38401.0,South,OFF-PA-10001560,Office Supplies,Paper,"Adams Telephone Message Books, 5 1/4” x 11”",9.664
842,CA-2016-100454,20/11/2016,25/11/2016,Standard Class,BM-11650,Brian Moss,Corporate,United States,New York City,New York,10035.0,East,FUR-BO-10001519,Furniture,Bookcases,O'Sullivan 3-Shelf Heavy-Duty Bookcases,186.048
853,CA-2017-113747,28/05/2017,04/06/2017,Standard Class,VD-21670,Valerie Dominguez,Consumer,United States,Jackson,Mississippi,39212.0,South,OFF-AR-10003373,Office Supplies,Art,"Boston School Pro Electric Pencil Sharpener, 1670",185.88
857,CA-2015-125612,03/08/2015,08/08/2015,Standard Class,BK-11260,Berenike Kampe,Consumer,United States,New York City,New York,10035.0,East,OFF-SU-10002537,Office Supplies,Supplies,Acme Box Cutter Scissors,102.3
859,CA-2018-161984,10/04/2018,15/04/2018,Standard Class,SJ-20125,Sanjit Jacobs,Home Office,United States,New Brunswick,New Jersey,8901.0,East,OFF-PA-10004569,Office Supplies,Paper,"Wirebound Message Books, Two 4 1/4"" x 5"" Forms per Page",7.61
863,CA-2017-134474,05/01/2017,07/01/2017,Second Class,AJ-10795,Anthony Johnson,Corporate,United States,Jacksonville,Florida,32216.0,South,TEC-AC-10001714,Technology,Accessories,Logitech MX Performance Wireless Mouse,191.472
866,CA-2015-149020,10/01/2015,15/01/2015,Standard Class,AJ-10780,Anthony Jacobs,Corporate,United States,Springfield,Virginia,22153.0,South,OFF-LA-10004272,Office Supplies,Labels,Avery 482,2.89
867,CA-2015-149020,10/01/2015,15/01/2015,Standard Class,AJ-10780,Anthony Jacobs,Corporate,United States,Springfield,Virginia,22153.0,South,FUR-FU-10000965,Furniture,Furnishings,"Howard Miller 11-1/2"" Diameter Ridgewood Wall Clock",51.94
869,CA-2015-136742,06/04/2015,10/04/2015,Standard Class,GP-14740,Guy Phonely,Corporate,United States,Lancaster,Pennsylvania,17602.0,East,OFF-BI-10003719,Office Supplies,Binders,Large Capacity Hanging Post Binders,44.91
872,CA-2016-131128,19/10/2016,20/10/2016,First Class,TB-21520,Tracy Blumstein,Consumer,United States,Concord,New Hampshire,3301.0,East,OFF-PA-10003591,Office Supplies,Paper,Southworth 100% Cotton The Best Paper,34.44
873,CA-2015-148488,10/12/2015,15/12/2015,Standard Class,SM-20005,Sally Matthias,Consumer,United States,New York City,New York,10009.0,East,OFF-PA-10004470,Office Supplies,Paper,"Adams Write n' Stick Phone Message Book, 11"" X 5 1/4"", 200 Messages",11.36
878,CA-2017-116736,17/01/2017,21/01/2017,Standard Class,CC-12430,Chuck Clark,Home Office,United States,Concord,New Hampshire,3301.0,East,TEC-AC-10002049,Technology,Accessories,Logitech G19 Programmable Gaming Keyboard,371.97
880,CA-2018-111689,30/11/2018,02/12/2018,Second Class,HP-14815,Harold Pawlan,Home Office,United States,New York City,New York,10024.0,East,OFF-BI-10003984,Office Supplies,Binders,Lock-Up Easel 'Spel-Binder',68.472
882,CA-2016-129098,09/10/2016,13/10/2016,Standard Class,DK-13090,Dave Kipp,Consumer,United States,Springfield,Virginia,22153.0,South,OFF-ST-10001321,Office Supplies,Storage,"Decoflex Hanging Personal Folder File, Blue",30.84
884,CA-2017-165148,22/10/2017,24/10/2017,First Class,PM-19135,Peter McVee,Home Office,United States,Detroit,Michigan,48227.0,Central,FUR-FU-10000732,Furniture,Furnishings,Eldon 200 Class Desk Accessories,31.4
907,CA-2018-143259,30/12/2018,03/01/2019,Standard Class,PO-18865,Patrick O'Donnell,Consumer,United States,New York City,New York,10009.0,East,FUR-BO-10003441,Furniture,Bookcases,"Bush Westfield Collection Bookcases, Fully Assembled",323.136
909,CA-2018-143259,30/12/2018,03/01/2019,Standard Class,PO-18865,Patrick O'Donnell,Consumer,United States,New York City,New York,10009.0,East,OFF-BI-10003684,Office Supplies,Binders,Wilson Jones Legal Size Ring Binders,52.776
915,CA-2018-102519,27/11/2018,29/11/2018,First Class,BM-11650,Brian Moss,Corporate,United States,Milwaukee,Wisconsin,53209.0,Central,TEC-AC-10001772,Technology,Accessories,Memorex Mini Travel Drive 16 GB USB 2.0 Flash Drive,143.73
922,CA-2016-111164,11/04/2016,15/04/2016,Standard Class,SE-20110,Sanjit Engle,Consumer,United States,New York City,New York,10009.0,East,TEC-AC-10002473,Technology,Accessories,Maxell 4.7GB DVD-R,85.14
928,CA-2016-115091,05/10/2016,09/10/2016,Standard Class,JJ-15760,Joel Jenkins,Home Office,United States,Springfield,Virginia,22153.0,South,OFF-AR-10000658,Office Supplies,Art,Newell 324,46.2
933,CA-2018-114216,02/09/2018,06/09/2018,Standard Class,RK-19300,Ralph Kennedy,Consumer,United States,Philadelphia,Pennsylvania,19140.0,East,OFF-PA-10002195,Office Supplies,Paper,"RSVP Cards & Envelopes, Blank White, 8-1/2"" X 11"", 24 Cards/25 Envelopes/Set",12.192
935,CA-2017-140081,20/06/2017,24/06/2017,Standard Class,CG-12040,Catherine Glotzbach,Home Office,United States,Philadelphia,Pennsylvania,19120.0,East,OFF-BI-10004826,Office Supplies,Binders,JM Magazine Binder,29.718
941,CA-2017-105760,19/06/2017,20/06/2017,First Class,KC-16255,Karen Carlisle,Corporate,United States,San Francisco,California,94110.0,West,OFF-PA-10000350,Office Supplies,Paper,"Message Book, Standard Line ""While You Were Out"", 5 1/2"" X 4"", 200 Sets/Book",17.12
948,US-2018-110576,28/11/2018,02/12/2018,Standard Class,RB-19795,Ross Baird,Home Office,United States,Philadelphia,Pennsylvania,19120.0,East,FUR-FU-10003601,Furniture,Furnishings,"Deflect-o RollaMat Studded, Beveled Mat for Medium Pile Carpeting",516.488
953,CA-2018-131156,03/04/2018,07/04/2018,Standard Class,KH-16360,Katherine Hughes,Consumer,United States,Philadelphia,Pennsylvania,19143.0,East,FUR-FU-10001940,Furniture,Furnishings,Staple-based wall hangings,25.472
958,CA-2018-102414,15/05/2018,18/05/2018,Second Class,JA-15970,Joseph Airdo,Consumer,United States,Phoenix,Arizona,85023.0,West,OFF-BI-10004465,Office Supplies,Binders,Avery Durable Slant Ring Binders,4.752
959,CA-2018-102414,15/05/2018,18/05/2018,Second Class,JA-15970,Joseph Airdo,Consumer,United States,Phoenix,Arizona,85023.0,West,OFF-PA-10002333,Office Supplies,Paper,"Universal Ultra Bright White Copier/Laser Paper, 8 1/2"" x 11"", Ream",15.552
961,CA-2018-152142,14/11/2018,19/11/2018,Standard Class,LW-16990,Lindsay Williams,Corporate,United States,San Francisco,California,94110.0,West,FUR-CH-10002965,Furniture,Chairs,"Global Leather Highback Executive Chair with Pneumatic Height Adjustment, Black",321.568
965,CA-2018-135279,09/04/2018,11/04/2018,First Class,BS-11800,Bryan Spruell,Home Office,United States,New York City,New York,10011.0,East,OFF-LA-10004055,Office Supplies,Labels,Color-Coded Legal Exhibit Labels,9.82
966,CA-2018-135279,09/04/2018,11/04/2018,First Class,BS-11800,Bryan Spruell,Home Office,United States,New York City,New York,10011.0,East,OFF-AR-10004344,Office Supplies,Art,Bulldog Vacuum Base Pencil Sharpener,35.97
968,CA-2018-135279,09/04/2018,11/04/2018,First Class,BS-11800,Bryan Spruell,Home Office,United States,New York City,New York,10011.0,East,OFF-PA-10001281,Office Supplies,Paper,Computer Printout Paper with Letter-Trim Fine Perforations,191.6
971,CA-2015-115791,16/01/2015,18/01/2015,Second Class,DL-13315,Delfina Latchford,Consumer,United States,Philadelphia,Pennsylvania,19134.0,East,FUR-FU-10001095,Furniture,Furnishings,DAX Black Cherry Wood-Tone Poster Frame,127.104
972,CA-2015-115791,16/01/2015,18/01/2015,Second Class,DL-13315,Delfina Latchford,Consumer,United States,Philadelphia,Pennsylvania,19134.0,East,TEC-PH-10004614,Technology,Phones,AT&T 841000 Phone,124.2
982,CA-2015-163419,11/11/2015,14/11/2015,Second Class,TZ-21580,Tracy Zic,Consumer,United States,Louisville,Colorado,80027.0,West,OFF-AR-10000034,Office Supplies,Art,"BIC Brite Liner Grip Highlighters, Assorted, 5/Pack",3.392
983,CA-2015-163419,11/11/2015,14/11/2015,Second Class,TZ-21580,Tracy Zic,Consumer,United States,Louisville,Colorado,80027.0,West,TEC-PH-10000560,Technology,Phones,Samsung Galaxy S III - 16GB - pebble blue (T-Mobile),559.984
995,CA-2015-117639,21/05/2015,25/05/2015,Standard Class,MW-18235,Mitch Willingham,Corporate,United States,Virginia Beach,Virginia,23464.0,South,OFF-BI-10003925,Office Supplies,Binders,Fellowes PB300 Plastic Comb Binding Machine,2715.93
997,CA-2016-162537,28/10/2016,03/11/2016,Standard Class,RD-19585,Rob Dowd,Consumer,United States,Henderson,Kentucky,42420.0,South,OFF-EN-10003862,Office Supplies,Envelopes,Laser & Ink Jet Business Envelopes,10.67
998,CA-2016-162537,28/10/2016,03/11/2016,Standard Class,RD-19585,Rob Dowd,Consumer,United States,Henderson,Kentucky,42420.0,South,OFF-ST-10004258,Office Supplies,Storage,Portable Personal File Box,36.63
1003,CA-2016-124891,31/07/2016,31/07/2016,Same Day,RH-19495,Rick Hansen,Consumer,United States,New York City,New York,10024.0,East,FUR-TA-10002903,Furniture,Tables,"Bevis Round Bullnose 29"" High Table Top",1090.782
1006,CA-2016-111199,13/11/2016,17/11/2016,Standard Class,JK-15730,Joe Kamberova,Consumer,United States,Jacksonville,North Carolina,28540.0,South,OFF-PA-10001790,Office Supplies,Paper,Xerox 1910,115.296
1010,CA-2018-135034,01/08/2018,03/08/2018,First Class,AT-10735,Annie Thurman,Consumer,United States,Chicago,Illinois,60653.0,Central,TEC-PH-10003931,Technology,Phones,JBL Micro Wireless Portable Bluetooth Speaker,95.984
1011,CA-2015-158540,24/11/2015,26/11/2015,First Class,VG-21790,Vivek Gonzalez,Consumer,United States,San Diego,California,92037.0,West,FUR-FU-10001602,Furniture,Furnishings,"Eldon Delta Triangular Chair Mat, 52"" x 58"", Clear",151.72
1018,CA-2016-108665,06/07/2016,10/07/2016,Standard Class,KM-16225,Kalyca Meade,Corporate,United States,New York City,New York,10011.0,East,FUR-FU-10000965,Furniture,Furnishings,"Howard Miller 11-1/2"" Diameter Ridgewood Wall Clock",155.82
1019,CA-2016-108665,06/07/2016,10/07/2016,Standard Class,KM-16225,Kalyca Meade,Corporate,United States,New York City,New York,10011.0,East,TEC-PH-10004188,Technology,Phones,OtterBox Commuter Series Case - Samsung Galaxy S4,124.95
1021,CA-2016-124450,27/04/2016,03/05/2016,Standard Class,GT-14710,Greg Tran,Consumer,United States,Washington,District of Columbia,20016.0,East,OFF-AR-10001166,Office Supplies,Art,Staples in misc. colors,22.74
1023,CA-2016-124450,27/04/2016,03/05/2016,Standard Class,GT-14710,Greg Tran,Consumer,United States,Washington,District of Columbia,20016.0,East,TEC-MA-10004212,Technology,Machines,Cisco SPA525G2 5-Line IP Phone,1379.92
1026,CA-2017-126529,11/01/2017,13/01/2017,Second Class,DE-13255,Deanra Eno,Home Office,United States,Springfield,Ohio,45503.0,East,OFF-PA-10001166,Office Supplies,Paper,Xerox 2,15.552
1028,CA-2017-126529,11/01/2017,13/01/2017,Second Class,DE-13255,Deanra Eno,Home Office,United States,Springfield,Ohio,45503.0,East,TEC-PH-10000148,Technology,Phones,Cyber Acoustics AC-202b Speech Recognition Stereo Headset,15.588
1035,CA-2017-109820,20/11/2017,22/11/2017,First Class,AG-10390,Allen Goldenen,Consumer,United States,Cincinnati,Ohio,45231.0,East,OFF-BI-10003460,Office Supplies,Binders,Acco 3-Hole Punch,2.628
1039,CA-2018-121818,20/11/2018,21/11/2018,First Class,JH-15430,Jennifer Halladay,Consumer,United States,Burlington,North Carolina,27217.0,South,OFF-AR-10000203,Office Supplies,Art,Newell 336,23.968
1040,CA-2018-121818,20/11/2018,21/11/2018,First Class,JH-15430,Jennifer Halladay,Consumer,United States,Burlington,North Carolina,27217.0,South,OFF-AR-10004790,Office Supplies,Art,Staples in misc. colors,28.728
1043,CA-2017-102981,06/09/2017,09/09/2017,Second Class,MO-17500,Mary O'Rourke,Consumer,United States,New York City,New York,10035.0,East,FUR-BO-10001811,Furniture,Bookcases,"Atlantic Metals Mobile 5-Shelf Bookcases, Custom Colors",722.352
1045,CA-2018-115651,09/07/2018,12/07/2018,First Class,NS-18640,Noel Staavos,Corporate,United States,Chicago,Illinois,60610.0,Central,OFF-AP-10000055,Office Supplies,Appliances,Belkin F9S820V06 8 Outlet Surge,58.464
1047,CA-2017-169103,08/03/2017,13/03/2017,Standard Class,ZC-21910,Zuschuss Carroll,Consumer,United States,Miami,Florida,33142.0,South,TEC-PH-10001530,Technology,Phones,Cisco Unified IP Phone 7945G VoIP phone,1363.96
1053,US-2016-153500,03/07/2016,05/07/2016,First Class,DG-13300,Deirdre Greer,Corporate,United States,Philadelphia,Pennsylvania,19134.0,East,FUR-FU-10004460,Furniture,Furnishings,"Howard Miller 12"" Round Wall Clock",282.888
1054,CA-2016-110667,04/04/2016,08/04/2016,Standard Class,NF-18595,Nicole Fjeld,Home Office,United States,New York City,New York,10009.0,East,OFF-AR-10000716,Office Supplies,Art,DIXON Ticonderoga Erasable Checking Pencils,11.16
1056,CA-2016-110667,04/04/2016,08/04/2016,Standard Class,NF-18595,Nicole Fjeld,Home Office,United States,New York City,New York,10009.0,East,OFF-BI-10002735,Office Supplies,Binders,GBC Prestige Therm-A-Bind Covers,82.344
1057,CA-2016-110667,04/04/2016,08/04/2016,Standard Class,NF-18595,Nicole Fjeld,Home Office,United States,New York City,New York,10009.0,East,OFF-BI-10003529,Office Supplies,Binders,Avery Round Ring Poly Binders,9.088
1058,CA-2018-167150,10/12/2018,17/12/2018,Standard Class,BP-11185,Ben Peterman,Corporate,United States,San Diego,California,92037.0,West,OFF-BI-10001097,Office Supplies,Binders,Avery Hole Reinforcements,19.936
1062,CA-2016-161263,16/04/2016,21/04/2016,Standard Class,TS-21160,Theresa Swint,Corporate,United States,Toledo,Ohio,43615.0,East,OFF-AP-10002350,Office Supplies,Appliances,Belkin F9H710-06 7 Outlet SurgeMaster Surge Protector,45.216
1069,US-2018-139955,28/09/2018,30/09/2018,Second Class,CM-12160,Charles McCrossin,Consumer,United States,Brownsville,Texas,78521.0,Central,OFF-SU-10001935,Office Supplies,Supplies,Staple remover,1.744
1072,CA-2017-152814,28/04/2017,02/05/2017,Standard Class,EH-14005,Erica Hernandez,Home Office,United States,Denver,Colorado,80219.0,West,OFF-PA-10001970,Office Supplies,Paper,Xerox 1881,29.472
1075,CA-2017-134348,12/11/2017,19/11/2017,Standard Class,MS-17710,Maurice Satty,Consumer,United States,Mesa,Arizona,85204.0,West,OFF-BI-10004967,Office Supplies,Binders,Round Ring Binders,4.368
1076,CA-2017-134348,12/11/2017,19/11/2017,Standard Class,MS-17710,Maurice Satty,Consumer,United States,Mesa,Arizona,85204.0,West,TEC-AC-10003447,Technology,Accessories,Micropad Numeric Keypads,31.984
1077,CA-2017-161781,29/09/2017,30/09/2017,First Class,CC-12100,Chad Cunningham,Home Office,United States,Columbus,Indiana,47201.0,Central,OFF-AR-10000255,Office Supplies,Art,Newell 328,40.88
1079,CA-2018-132521,23/09/2018,25/09/2018,Second Class,DW-13540,Don Weiss,Consumer,United States,Seattle,Washington,98105.0,West,OFF-ST-10001325,Office Supplies,Storage,Sterilite Officeware Hinged File Box,31.44
1085,US-2017-143819,01/03/2017,05/03/2017,Standard Class,KD-16270,Karen Daniels,Consumer,United States,Yonkers,New York,10701.0,East,OFF-ST-10003208,Office Supplies,Storage,Adjustable Depth Letter/Legal Cart,362.92
1088,CA-2017-166163,15/08/2017,20/08/2017,Second Class,CY-12745,Craig Yedwab,Corporate,United States,Oakland,California,94601.0,West,TEC-PH-10004896,Technology,Phones,Nokia Lumia 521 (T-Mobile),71.976
1091,CA-2018-158407,04/06/2018,10/06/2018,Standard Class,LW-16990,Lindsay Williams,Corporate,United States,Monroe,North Carolina,28110.0,South,TEC-PH-10001819,Technology,Phones,Innergie mMini Combo Duo USB Travel Charging Kit,71.984
1096,CA-2018-160423,21/01/2018,26/01/2018,Standard Class,PS-19045,Penelope Sewall,Home Office,United States,Charlotte,North Carolina,28205.0,South,OFF-ST-10004340,Office Supplies,Storage,"Fellowes Mobile File Cart, Black",348.208
1102,CA-2017-107216,14/06/2017,17/06/2017,First Class,PV-18985,Paul Van Hugh,Home Office,United States,San Francisco,California,94122.0,West,OFF-AR-10002255,Office Supplies,Art,Newell 346,8.64
1104,US-2018-145863,21/04/2018,27/04/2018,Standard Class,RP-19390,Resi Pölking,Consumer,United States,Houston,Texas,77041.0,Central,OFF-BI-10002049,Office Supplies,Binders,UniKeep View Case Binders,2.934
1108,US-2017-110156,19/11/2017,24/11/2017,Standard Class,EH-13945,Eric Hoffmann,Consumer,United States,Houston,Texas,77041.0,Central,OFF-BI-10003676,Office Supplies,Binders,"GBC Standard Recycled Report Covers, Clear Plastic Sheets",10.78
1109,US-2017-110156,19/11/2017,24/11/2017,Standard Class,EH-13945,Eric Hoffmann,Consumer,United States,Houston,Texas,77041.0,Central,OFF-FA-10003495,Office Supplies,Fasteners,Staples,58.368
1110,US-2017-110156,19/11/2017,24/11/2017,Standard Class,EH-13945,Eric Hoffmann,Consumer,United States,Houston,Texas,77041.0,Central,OFF-EN-10003798,Office Supplies,Envelopes,"Recycled Interoffice Envelopes with Re-Use-A-Seal Closure, 10 x 13",40.968
1112,US-2017-110156,19/11/2017,24/11/2017,Standard Class,EH-13945,Eric Hoffmann,Consumer,United States,Houston,Texas,77041.0,Central,OFF-PA-10004735,Office Supplies,Paper,Xerox 1905,10.368
1113,US-2017-110156,19/11/2017,24/11/2017,Standard Class,EH-13945,Eric Hoffmann,Consumer,United States,Houston,Texas,77041.0,Central,OFF-BI-10002609,Office Supplies,Binders,Avery Hidden Tab Dividers for Binding Systems,1.192
1116,CA-2018-140585,18/12/2018,23/12/2018,Second Class,RA-19915,Russell Applegate,Consumer,United States,Encinitas,California,92024.0,West,TEC-AC-10003610,Technology,Accessories,Logitech Illuminated - Keyboard,119.98
1124,US-2015-147627,20/01/2015,26/01/2015,Standard Class,HL-15040,Hunter Lopez,Consumer,United States,Jonesboro,Arkansas,72401.0,South,FUR-FU-10003194,Furniture,Furnishings,"Eldon Expressions Desk Accessory, Wood Pencil Holder, Oak",38.6
1127,US-2015-147627,20/01/2015,26/01/2015,Standard Class,HL-15040,Hunter Lopez,Consumer,United States,Jonesboro,Arkansas,72401.0,South,FUR-CH-10002331,Furniture,Chairs,Hon 4700 Series Mobuis Mid-Back Task Chairs with Adjustable Arms,1067.94
1128,CA-2016-105970,02/03/2016,07/03/2016,Standard Class,PA-19060,Pete Armstrong,Home Office,United States,Richmond,Indiana,47374.0,Central,OFF-AR-10003156,Office Supplies,Art,50 Colored Long Pencils,10.16
1140,CA-2017-152170,12/11/2017,15/11/2017,Second Class,FH-14275,Frank Hawley,Corporate,United States,La Porte,Indiana,46350.0,Central,OFF-AR-10003394,Office Supplies,Art,Newell 332,20.58
1143,CA-2015-146969,29/09/2015,03/10/2015,Standard Class,AP-10915,Arthur Prichep,Consumer,United States,Los Angeles,California,90045.0,West,OFF-FA-10001561,Office Supplies,Fasteners,Stockwell Push Pins,8.72
1145,CA-2015-146969,29/09/2015,03/10/2015,Standard Class,AP-10915,Arthur Prichep,Consumer,United States,Los Angeles,California,90045.0,West,TEC-MA-10004241,Technology,Machines,Star Micronics TSP800 TSP847IIU Receipt Printer,686.32
1146,CA-2015-146969,29/09/2015,03/10/2015,Standard Class,AP-10915,Arthur Prichep,Consumer,United States,Los Angeles,California,90045.0,West,OFF-ST-10004340,Office Supplies,Storage,"Fellowes Mobile File Cart, Black",62.18
1148,CA-2016-112452,04/04/2016,04/04/2016,Same Day,NC-18340,Nat Carroll,Consumer,United States,Lansing,Michigan,48911.0,Central,OFF-FA-10000735,Office Supplies,Fasteners,Staples,5.84
1150,CA-2016-112452,04/04/2016,04/04/2016,Same Day,NC-18340,Nat Carroll,Consumer,United States,Lansing,Michigan,48911.0,Central,TEC-PH-10000307,Technology,Phones,Shocksock Galaxy S4 Armband,10.95
1153,CA-2017-160395,31/12/2017,06/01/2018,Standard Class,KL-16555,Kelly Lampkin,Corporate,United States,Reno,Nevada,89502.0,West,OFF-AR-10003759,Office Supplies,Art,"Crayola Anti Dust Chalk, 12/Pack",3.64
1154,CA-2017-160395,31/12/2017,06/01/2018,Standard Class,KL-16555,Kelly Lampkin,Corporate,United States,Reno,Nevada,89502.0,West,OFF-BI-10003984,Office Supplies,Binders,Lock-Up Easel 'Spel-Binder',159.768
1156,CA-2015-136567,20/12/2015,21/12/2015,First Class,PS-19045,Penelope Sewall,Home Office,United States,Harrisonburg,Virginia,22801.0,South,FUR-TA-10001932,Furniture,Tables,"Chromcraft 48"" x 96"" Racetrack Double Pedestal Table",2244.48
1157,CA-2015-136567,20/12/2015,21/12/2015,First Class,PS-19045,Penelope Sewall,Home Office,United States,Harrisonburg,Virginia,22801.0,South,OFF-BI-10003982,Office Supplies,Binders,Wilson Jones Century Plastic Molded Ring Binders,62.31
1158,CA-2015-136567,20/12/2015,21/12/2015,First Class,PS-19045,Penelope Sewall,Home Office,United States,Harrisonburg,Virginia,22801.0,South,FUR-TA-10000617,Furniture,Tables,"Hon Practical Foundations 30 x 60 Training Table, Light Gray/Charcoal",455.1
1163,CA-2015-127964,03/03/2015,08/03/2015,Standard Class,AP-10720,Anne Pryor,Home Office,United States,New York City,New York,10035.0,East,TEC-PH-10004700,Technology,Phones,PowerGen Dual USB Car Charger,9.99
1164,CA-2015-127964,03/03/2015,08/03/2015,Standard Class,AP-10720,Anne Pryor,Home Office,United States,New York City,New York,10035.0,East,OFF-BI-10004593,Office Supplies,Binders,Ibico Laser Imprintable Binding System Covers,125.76
1167,CA-2016-125416,02/11/2016,02/11/2016,Same Day,KC-16540,Kelly Collister,Consumer,United States,Seattle,Washington,98115.0,West,TEC-AC-10001552,Technology,Accessories,Logitech K350 2.4Ghz Wireless Keyboard,447.93
1169,CA-2018-145226,08/12/2018,10/12/2018,Second Class,DL-13315,Delfina Latchford,Consumer,United States,New York City,New York,10035.0,East,OFF-ST-10004123,Office Supplies,Storage,Safco Industrial Wire Shelving System,272.94
1173,CA-2015-158064,21/04/2015,25/04/2015,Standard Class,AA-10375,Allen Armold,Consumer,United States,Los Angeles,California,90008.0,West,OFF-BI-10002976,Office Supplies,Binders,ACCOHIDE Binder by Acco,16.52
1174,US-2016-104430,22/10/2016,26/10/2016,Standard Class,LT-17110,Liz Thompson,Consumer,United States,Bloomington,Illinois,61701.0,Central,OFF-BI-10000301,Office Supplies,Binders,GBC Instant Report Kit,5.176
1176,CA-2017-161207,29/08/2017,03/09/2017,Standard Class,AB-10060,Adam Bellavance,Home Office,United States,Concord,New Hampshire,3301.0,East,OFF-SU-10000381,Office Supplies,Supplies,Acme Forged Steel Scissors with Black Enamel Handles,27.93
1177,CA-2015-120243,27/12/2015,30/12/2015,Second Class,AT-10435,Alyssa Tate,Home Office,United States,Los Angeles,California,90004.0,West,OFF-LA-10004425,Office Supplies,Labels,Staple-on labels,11.56
1181,CA-2015-128146,21/06/2015,25/06/2015,Standard Class,DB-13060,Dave Brooks,Consumer,United States,Lakewood,New Jersey,8701.0,East,TEC-PH-10004539,Technology,Phones,Wireless Extenders zBoost YX545 SOHO Signal Booster,1322.93
1184,CA-2018-138779,14/01/2018,15/01/2018,First Class,RB-19570,Rob Beeghly,Consumer,United States,Jacksonville,North Carolina,28540.0,South,TEC-PH-10003655,Technology,Phones,Sannysis Cute Owl Design Soft Skin Case Cover for Samsung Galaxy S4,7.92
1189,CA-2018-117212,26/02/2018,28/02/2018,Second Class,BT-11530,Bradley Talbott,Home Office,United States,Los Angeles,California,90036.0,West,OFF-AP-10004532,Office Supplies,Appliances,Kensington 6 Outlet Guardian Standard Surge Protector,81.92
1194,US-2016-130519,15/09/2016,15/09/2016,Same Day,NG-18355,Nat Gilpin,Corporate,United States,Coral Springs,Florida,33065.0,South,OFF-PA-10001937,Office Supplies,Paper,Xerox 21,15.552
1195,US-2016-130519,15/09/2016,15/09/2016,Same Day,NG-18355,Nat Gilpin,Corporate,United States,Coral Springs,Florida,33065.0,South,FUR-FU-10002268,Furniture,Furnishings,Ultra Door Push Plate,15.712
1196,US-2016-130519,15/09/2016,15/09/2016,Same Day,NG-18355,Nat Gilpin,Corporate,United States,Coral Springs,Florida,33065.0,South,OFF-ST-10001321,Office Supplies,Storage,"Decoflex Hanging Personal Folder File, Blue",24.672
1198,CA-2017-130946,08/04/2017,12/04/2017,Standard Class,ZC-21910,Zuschuss Carroll,Consumer,United States,Houston,Texas,77041.0,Central,TEC-AC-10001990,Technology,Accessories,Kensington Orbit Wireless Mobile Trackball for PC and Mac,431.928
1200,CA-2017-130946,08/04/2017,12/04/2017,Standard Class,ZC-21910,Zuschuss Carroll,Consumer,United States,Houston,Texas,77041.0,Central,OFF-BI-10004995,Office Supplies,Binders,GBC DocuBind P400 Electric Binding System,1088.792
1202,CA-2017-114727,18/07/2017,24/07/2017,Standard Class,LS-16945,Linda Southworth,Corporate,United States,Denver,Colorado,80219.0,West,OFF-BI-10004967,Office Supplies,Binders,Round Ring Binders,1.872
1204,CA-2017-114727,18/07/2017,24/07/2017,Standard Class,LS-16945,Linda Southworth,Corporate,United States,Denver,Colorado,80219.0,West,OFF-ST-10002292,Office Supplies,Storage,"Sauder Facets Collection Locker/File Cabinet, Sky Alder Finish",593.568
1205,CA-2017-114727,18/07/2017,24/07/2017,Standard Class,LS-16945,Linda Southworth,Corporate,United States,Denver,Colorado,80219.0,West,OFF-ST-10000689,Office Supplies,Storage,"Fellowes Strictly Business Drawer File, Letter/Legal Size",338.04
1209,CA-2017-137050,14/07/2017,18/07/2017,Second Class,SW-20755,Steven Ward,Corporate,United States,New York City,New York,10009.0,East,OFF-FA-10002988,Office Supplies,Fasteners,Ideal Clamps,14.07
1211,CA-2017-137050,14/07/2017,18/07/2017,Second Class,SW-20755,Steven Ward,Corporate,United States,New York City,New York,10009.0,East,OFF-BI-10001031,Office Supplies,Binders,Pressboard Data Binders by Wilson Jones,8.544
1218,US-2018-118087,09/09/2018,13/09/2018,Standard Class,SP-20620,Stefania Perrino,Corporate,United States,Philadelphia,Pennsylvania,19134.0,East,FUR-FU-10001867,Furniture,Furnishings,"Eldon Expressions Punched Metal & Wood Desk Accessories, Pewter & Cherry",17.024
1220,US-2018-118087,09/09/2018,13/09/2018,Standard Class,SP-20620,Stefania Perrino,Corporate,United States,Philadelphia,Pennsylvania,19134.0,East,TEC-PH-10002200,Technology,Phones,Samsung Galaxy Note 2,1931.958
1221,CA-2015-110184,12/07/2015,16/07/2015,Standard Class,BF-11170,Ben Ferrer,Home Office,United States,Los Angeles,California,90036.0,West,OFF-ST-10000107,Office Supplies,Storage,Fellowes Super Stor/Drawer,249.75
1222,CA-2015-110184,12/07/2015,16/07/2015,Standard Class,BF-11170,Ben Ferrer,Home Office,United States,Los Angeles,California,90036.0,West,TEC-PH-10000439,Technology,Phones,GE DSL Phone Line Filter,255.936
1223,CA-2017-126004,04/12/2017,05/12/2017,First Class,BM-11140,Becky Martin,Consumer,United States,New York City,New York,10024.0,East,FUR-FU-10001602,Furniture,Furnishings,"Eldon Delta Triangular Chair Mat, 52"" x 58"", Clear",113.79
1225,CA-2017-126004,04/12/2017,05/12/2017,First Class,BM-11140,Becky Martin,Consumer,United States,New York City,New York,10024.0,East,OFF-BI-10004656,Office Supplies,Binders,Peel & Stick Add-On Corner Pockets,1.728
1227,CA-2017-126004,04/12/2017,05/12/2017,First Class,BM-11140,Becky Martin,Consumer,United States,New York City,New York,10024.0,East,OFF-ST-10001418,Office Supplies,Storage,Carina Media Storage Towers in Natural & Black,182.94
1234,CA-2017-153682,30/05/2017,01/06/2017,First Class,BG-11695,Brooke Gillingham,Corporate,United States,Cincinnati,Ohio,45231.0,East,TEC-CO-10001046,Technology,Copiers,Canon Imageclass D680 Copier / Fax,839.988
1243,US-2017-162859,15/02/2017,22/02/2017,Standard Class,PG-18820,Patrick Gardner,Consumer,United States,New York City,New York,10009.0,East,OFF-BI-10004519,Office Supplies,Binders,GBC DocuBind P100 Manual Binding Machine,398.352
1245,CA-2018-133641,14/05/2018,21/05/2018,Standard Class,EJ-14155,Eva Jacobs,Consumer,United States,Gulfport,Mississippi,39503.0,South,OFF-EN-10004955,Office Supplies,Envelopes,Fashion Color Clasp Envelopes,48.69
1246,CA-2015-168494,12/12/2015,14/12/2015,Second Class,NP-18700,Nora Preis,Consumer,United States,Fresno,California,93727.0,West,FUR-TA-10004619,Furniture,Tables,Hon Non-Folding Utility Tables,764.688
1248,CA-2015-168494,12/12/2015,14/12/2015,Second Class,NP-18700,Nora Preis,Consumer,United States,Fresno,California,93727.0,West,FUR-BO-10004467,Furniture,Bookcases,Bestar Classic Bookcase,254.9745
1251,CA-2018-115602,18/12/2018,24/12/2018,Standard Class,DJ-13630,Doug Jacobs,Consumer,United States,New York City,New York,10009.0,East,OFF-AP-10000891,Office Supplies,Appliances,Kensington 7 Outlet MasterPiece HOMEOFFICE Power Control Center,1704.56
1254,CA-2018-144638,10/03/2018,14/03/2018,Standard Class,MH-18115,Mick Hernandez,Home Office,United States,Chester,Pennsylvania,19013.0,East,OFF-AR-10003958,Office Supplies,Art,Newell 337,5.248
1255,CA-2018-144638,10/03/2018,14/03/2018,Standard Class,MH-18115,Mick Hernandez,Home Office,United States,Chester,Pennsylvania,19013.0,East,TEC-PH-10000149,Technology,Phones,Cisco SPA525G2 IP Phone - Wireless,35.91
1262,US-2017-144393,28/10/2017,04/11/2017,Standard Class,SM-20950,Suzanne McNair,Corporate,United States,Greenville,North Carolina,27834.0,South,OFF-BI-10004236,Office Supplies,Binders,"XtraLife ClearVue Slant-D Ring Binder, White, 3""",17.616
1264,CA-2017-155992,01/10/2017,02/10/2017,First Class,CC-12220,Chris Cortes,Consumer,United States,La Porte,Indiana,46350.0,Central,TEC-PH-10000215,Technology,Phones,Plantronics Cordless Phone Headset with In-line Volume - M214C,69.9
1278,CA-2017-148698,02/05/2017,07/05/2017,Standard Class,BD-11770,Bryan Davis,Consumer,United States,Houston,Texas,77070.0,Central,OFF-AR-10004022,Office Supplies,Art,Panasonic KP-380BK Classic Electric Pencil Sharpener,86.352
1279,CA-2015-163293,08/09/2015,11/09/2015,First Class,KC-16255,Karen Carlisle,Corporate,United States,Macon,Georgia,31204.0,South,TEC-AC-10004209,Technology,Accessories,Memorex Froggy Flash Drive 4 GB,32.97
1281,CA-2017-160815,05/09/2017,06/09/2017,First Class,TR-21325,Toby Ritter,Consumer,United States,Cedar Rapids,Iowa,52402.0,Central,TEC-PH-10003505,Technology,Phones,Geemarc AmpliPOWER60,278.4
1282,CA-2018-122154,09/04/2018,11/04/2018,First Class,SA-20830,Sue Ann Reed,Consumer,United States,Jacksonville,Florida,32216.0,South,OFF-LA-10000121,Office Supplies,Labels,Avery 48,15.12
1283,CA-2018-122154,09/04/2018,11/04/2018,First Class,SA-20830,Sue Ann Reed,Consumer,United States,Jacksonville,Florida,32216.0,South,OFF-BI-10002026,Office Supplies,Binders,Avery Arch Ring Binders,17.43
1286,CA-2017-119445,26/06/2017,03/07/2017,Standard Class,GM-14500,Gene McClure,Consumer,United States,Providence,Rhode Island,2908.0,East,OFF-ST-10000617,Office Supplies,Storage,Woodgrain Magazine Files by Perma,14.9
1288,CA-2017-154711,22/11/2017,26/11/2017,Standard Class,TB-21355,Todd Boyes,Corporate,United States,New York City,New York,10009.0,East,FUR-FU-10000397,Furniture,Furnishings,Luxo Economy Swing Arm Lamp,39.88
1296,CA-2016-138898,25/05/2016,29/05/2016,Standard Class,JH-16180,Justin Hirsh,Consumer,United States,Pueblo,Colorado,81001.0,West,OFF-AP-10004487,Office Supplies,Appliances,Kensington 4 Outlet MasterPiece Compact Power Control Center,845.728
1298,CA-2018-115427,30/12/2018,03/01/2019,Standard Class,EB-13975,Erica Bern,Corporate,United States,Fairfield,California,94533.0,West,OFF-BI-10004632,Office Supplies,Binders,GBC Binding covers,20.72
1299,CA-2017-134425,08/12/2017,12/12/2017,Second Class,QJ-19255,Quincy Jones,Corporate,United States,Saint Paul,Minnesota,55106.0,Central,TEC-PH-10003555,Technology,Phones,Motorola HK250 Universal Bluetooth Headset,114.95
1303,CA-2016-115847,19/09/2016,24/09/2016,Second Class,TC-21535,Tracy Collins,Home Office,United States,Arlington,Virginia,22204.0,South,FUR-BO-10003433,Furniture,Bookcases,Sauder Cornerstone Collection Library,61.96
1311,CA-2017-141397,20/06/2017,21/06/2017,First Class,RC-19825,Roy Collins,Consumer,United States,Pasadena,California,91104.0,West,FUR-CH-10003846,Furniture,Chairs,Hon Valutask Swivel Chairs,161.568
1314,US-2017-134488,24/09/2017,01/10/2017,Standard Class,PK-19075,Pete Kriz,Consumer,United States,Columbus,Ohio,43229.0,East,FUR-CH-10003199,Furniture,Chairs,Office Star - Contemporary Task Swivel Chair,155.372
1315,CA-2017-145919,18/12/2017,23/12/2017,Standard Class,HG-14965,Henry Goldwyn,Corporate,United States,Los Angeles,California,90032.0,West,OFF-PA-10003072,Office Supplies,Paper,"Eureka Recycled Copy Paper 8 1/2"" x 11"", Ream",38.88
1316,CA-2017-145919,18/12/2017,23/12/2017,Standard Class,HG-14965,Henry Goldwyn,Corporate,United States,Los Angeles,California,90032.0,West,FUR-FU-10004960,Furniture,Furnishings,"Seth Thomas 12"" Clock w/ Goldtone Case",183.84
1318,CA-2018-157651,10/12/2018,14/12/2018,Standard Class,HA-14920,Helen Andreada,Consumer,United States,Philadelphia,Pennsylvania,19120.0,East,TEC-AC-10003116,Technology,Accessories,Memorex Froggy Flash Drive 8 GB,14.2
1319,CA-2015-160773,01/07/2015,05/07/2015,Standard Class,LW-16825,Laurel Workman,Corporate,United States,Deltona,Florida,32725.0,South,TEC-PH-10004586,Technology,Phones,Wilson SignalBoost 841262 DB PRO Amplifier Kit,575.92
1321,CA-2018-167703,03/02/2018,08/02/2018,Standard Class,MC-17575,Matt Collins,Consumer,United States,Cincinnati,Ohio,45231.0,East,OFF-BI-10002071,Office Supplies,Binders,Fellowes Black Plastic Comb Bindings,5.229
1323,CA-2018-121804,03/03/2018,08/03/2018,Standard Class,LP-17095,Liz Preis,Consumer,United States,Murray,Kentucky,42071.0,South,OFF-AP-10004859,Office Supplies,Appliances,Acco 6 Outlet Guardian Premium Surge Suppressor,72.8
1324,CA-2018-162635,09/10/2018,10/10/2018,First Class,EB-14170,Evan Bailliet,Consumer,United States,Wilmington,North Carolina,28403.0,South,OFF-PA-10002659,Office Supplies,Paper,Avoid Verbal Orders Carbonless Minifold Book,10.816
1329,CA-2018-106033,15/10/2018,18/10/2018,Second Class,FG-14260,Frank Gastineau,Home Office,United States,San Francisco,California,94110.0,West,OFF-AR-10002818,Office Supplies,Art,Panasonic KP-310 Heavy-Duty Electric Pencil Sharpener,87.92
1330,CA-2017-142762,23/05/2017,27/05/2017,Standard Class,LD-17005,Lisa DeCherney,Consumer,United States,San Francisco,California,94109.0,West,FUR-FU-10003691,Furniture,Furnishings,"Eldon Image Series Desk Accessories, Ebony",37.05
1331,CA-2018-127705,02/06/2018,06/06/2018,Standard Class,AB-10255,Alejandro Ballentine,Home Office,United States,Lorain,Ohio,44052.0,East,TEC-PH-10000347,Technology,Phones,Cush Cases Heavy Duty Rugged Cover Case for Samsung Galaxy S5 - Purple,2.97
1335,CA-2015-121664,06/05/2015,10/05/2015,Standard Class,HP-14815,Harold Pawlan,Home Office,United States,Los Angeles,California,90049.0,West,OFF-BI-10003684,Office Supplies,Binders,Wilson Jones Legal Size Ring Binders,140.736
1340,CA-2018-100524,31/03/2018,02/04/2018,Second Class,CM-12115,Chad McGuire,Consumer,United States,New York City,New York,10011.0,East,OFF-PA-10004911,Office Supplies,Paper,"Rediform S.O.S. 1-Up Phone Message Bk, 4-1/4x3-1/16 Bk, 1 Form/Pg, 40 Messages/Bk, 3/Pk",75.04
1346,CA-2015-118339,17/03/2015,24/03/2015,Standard Class,BN-11515,Bradley Nguyen,Consumer,United States,Lakeville,Minnesota,55044.0,Central,OFF-AP-10001154,Office Supplies,Appliances,Bionaire Personal Warm Mist Humidifier/Vaporizer,93.78
1347,CA-2015-118339,17/03/2015,24/03/2015,Standard Class,BN-11515,Bradley Nguyen,Consumer,United States,Lakeville,Minnesota,55044.0,Central,OFF-PA-10000466,Office Supplies,Paper,"Memo Book, 100 Message Capacity, 5 3/8” x 11”",47.18
1350,CA-2015-118339,17/03/2015,24/03/2015,Standard Class,BN-11515,Bradley Nguyen,Consumer,United States,Lakeville,Minnesota,55044.0,Central,OFF-BI-10000136,Office Supplies,Binders,Avery Non-Stick Heavy Duty View Round Locking Ring Binders,35.88
1355,CA-2018-162978,04/05/2018,09/05/2018,Standard Class,LW-16990,Lindsay Williams,Corporate,United States,San Francisco,California,94109.0,West,FUR-TA-10003473,Furniture,Tables,Bretford Rectangular Conference Table Tops,300.904
1356,US-2015-160444,05/07/2015,05/07/2015,Same Day,DC-12850,Dan Campbell,Consumer,United States,Houston,Texas,77036.0,Central,OFF-ST-10001522,Office Supplies,Storage,"Gould Plastics 18-Pocket Panel Bin, 34w x 5-1/4d x 20-1/2h",220.776
1360,US-2015-151925,26/09/2015,01/10/2015,Second Class,KT-16465,Kean Takahito,Consumer,United States,Los Angeles,California,90049.0,West,FUR-CH-10002961,Furniture,Chairs,"Leather Task Chair, Black",145.568
1361,CA-2018-125199,19/10/2018,25/10/2018,Standard Class,HM-14860,Harry Marie,Corporate,United States,Philadelphia,Pennsylvania,19120.0,East,OFF-AR-10002956,Office Supplies,Art,Boston 16801 Nautilus Battery Pencil Sharpener,123.256
1370,US-2016-103471,24/12/2016,28/12/2016,Standard Class,JR-15670,Jim Radford,Consumer,United States,Colorado Springs,Colorado,80906.0,West,FUR-BO-10002613,Furniture,Bookcases,"Atlantic Metals Mobile 4-Shelf Bookcases, Custom Colors",590.058
1373,US-2015-157021,01/04/2015,06/04/2015,Second Class,KM-16720,Kunst Miller,Consumer,United States,Vallejo,California,94591.0,West,OFF-LA-10002312,Office Supplies,Labels,Avery 490,29.6
1374,US-2015-157021,01/04/2015,06/04/2015,Second Class,KM-16720,Kunst Miller,Consumer,United States,Vallejo,California,94591.0,West,OFF-BI-10000042,Office Supplies,Binders,"Pressboard Data Binder, Crimson, 12"" X 8 1/2""",17.088
1375,CA-2016-120362,14/09/2016,19/09/2016,Standard Class,CA-12265,Christina Anderson,Consumer,United States,Provo,Utah,84604.0,West,FUR-TA-10003008,Furniture,Tables,"Lesro Round Back Collection Coffee Table, End Table",912.75
1380,CA-2015-126361,04/08/2015,09/08/2015,Second Class,VD-21670,Valerie Dominguez,Consumer,United States,Pleasant Grove,Utah,84062.0,West,OFF-ST-10002289,Office Supplies,Storage,"Safco Wire Cube Shelving System, For Use as 4 or 5 14"" Cubes, Black",158.9
1384,US-2017-108504,05/02/2017,05/02/2017,Same Day,PP-18955,Paul Prost,Home Office,United States,Smyrna,Georgia,30080.0,South,OFF-PA-10001289,Office Supplies,Paper,White Computer Printout Paper by Universal,348.84
1386,US-2017-108504,05/02/2017,05/02/2017,Same Day,PP-18955,Paul Prost,Home Office,United States,Smyrna,Georgia,30080.0,South,FUR-FU-10004091,Furniture,Furnishings,"Eldon 200 Class Desk Accessories, Black",18.84
1393,US-2017-108504,05/02/2017,05/02/2017,Same Day,PP-18955,Paul Prost,Home Office,United States,Smyrna,Georgia,30080.0,South,OFF-PA-10003892,Office Supplies,Paper,Xerox 1943,342.37
1394,CA-2018-124828,03/07/2018,04/07/2018,First Class,YS-21880,Yana Sorensen,Corporate,United States,Burlington,North Carolina,27217.0,South,OFF-AR-10003514,Office Supplies,Art,4009 Highlighters by Sanford,9.552
1397,CA-2017-124485,24/11/2017,26/11/2017,First Class,NC-18340,Nat Carroll,Consumer,United States,New York City,New York,10035.0,East,OFF-BI-10000822,Office Supplies,Binders,"Acco PRESSTEX Data Binder with Storage Hooks, Light Blue, 9 1/2"" X 11""",17.216
1401,CA-2017-159212,01/11/2017,05/11/2017,Standard Class,KM-16375,Katherine Murray,Home Office,United States,Salem,Virginia,24153.0,South,TEC-PH-10003988,Technology,Phones,"LF Elite 3D Dazzle Designer Hard Case Cover, Lf Stylus Pen and Wiper For Apple Iphone 5c Mini Lite",21.8
1403,US-2017-161396,19/04/2017,25/04/2017,Standard Class,GM-14455,Gary Mitchum,Home Office,United States,Columbus,Ohio,43229.0,East,FUR-TA-10002622,Furniture,Tables,"Bush Andora Conference Table, Maple/Graphite Gray Finish",205.176
1406,US-2015-118486,06/04/2015,08/04/2015,First Class,SD-20485,Shirley Daniels,Home Office,United States,Philadelphia,Pennsylvania,19143.0,East,FUR-TA-10001039,Furniture,Tables,KI Adjustable-Height Table,154.764
1407,US-2015-118486,06/04/2015,08/04/2015,First Class,SD-20485,Shirley Daniels,Home Office,United States,Philadelphia,Pennsylvania,19143.0,East,TEC-AC-10004659,Technology,Accessories,Imation Secure+ Hardware Encrypted USB 2.0 Flash Drive; 16GB,116.784
1408,CA-2017-130407,02/09/2017,06/09/2017,Standard Class,KD-16270,Karen Daniels,Consumer,United States,New York City,New York,10024.0,East,OFF-AR-10002240,Office Supplies,Art,Panasonic KP-150 Electric Pencil Sharpener,75.48
1414,CA-2015-146640,30/06/2015,05/07/2015,Standard Class,HA-14905,Helen Abelman,Consumer,United States,New York City,New York,10024.0,East,OFF-BI-10002867,Office Supplies,Binders,GBC Recycled Regency Composition Covers,334.768
1415,CA-2018-115994,28/01/2018,31/01/2018,Second Class,BT-11305,Beth Thompson,Home Office,United States,Costa Mesa,California,92627.0,West,TEC-AC-10000580,Technology,Accessories,Logitech G13 Programmable Gameboard with LCD Display,239.97
1417,CA-2016-126697,21/09/2016,24/09/2016,First Class,SV-20815,Stuart Van,Corporate,United States,Houston,Texas,77041.0,Central,TEC-PH-10002922,Technology,Phones,ShoreTel ShorePhone IP 230 VoIP phone,946.344
1418,CA-2016-126697,21/09/2016,24/09/2016,First Class,SV-20815,Stuart Van,Corporate,United States,Houston,Texas,77041.0,Central,TEC-AC-10004353,Technology,Accessories,Hypercom P1300 Pinpad,151.2
1419,CA-2016-126697,21/09/2016,24/09/2016,First Class,SV-20815,Stuart Van,Corporate,United States,Houston,Texas,77041.0,Central,FUR-FU-10001706,Furniture,Furnishings,Longer-Life Soft White Bulbs,4.928
1421,CA-2016-124800,26/09/2016,30/09/2016,Standard Class,RW-19540,Rick Wilson,Corporate,United States,Mesa,Arizona,85204.0,West,OFF-BI-10000778,Office Supplies,Binders,GBC VeloBinder Electric Binding Machine,72.588
1422,CA-2016-124800,26/09/2016,30/09/2016,Standard Class,RW-19540,Rick Wilson,Corporate,United States,Mesa,Arizona,85204.0,West,OFF-AP-10004980,Office Supplies,Appliances,3M Replacement Filter for Office Air Cleaner for 20' x 33' Room,60.672
1427,US-2016-164448,31/10/2016,04/11/2016,Second Class,DK-12835,Damala Kotsonis,Corporate,United States,Salinas,California,93905.0,West,OFF-BI-10002949,Office Supplies,Binders,Prestige Round Ring Binders,9.728
1428,US-2016-164448,31/10/2016,04/11/2016,Second Class,DK-12835,Damala Kotsonis,Corporate,United States,Salinas,California,93905.0,West,OFF-EN-10002600,Office Supplies,Envelopes,"Redi-Strip #10 Envelopes, 4 1/8 x 9 1/2",14.75
1430,US-2016-164448,31/10/2016,04/11/2016,Second Class,DK-12835,Damala Kotsonis,Corporate,United States,Salinas,California,93905.0,West,OFF-LA-10003510,Office Supplies,Labels,"Avery 4027 File Folder Labels for Dot Matrix Printers, 5000 Labels per Box, White",427.42
1431,CA-2018-122700,26/11/2018,30/11/2018,Standard Class,LT-17110,Liz Thompson,Consumer,United States,Columbus,Ohio,43229.0,East,TEC-PH-10003092,Technology,Phones,Motorola L804,220.752
1433,CA-2015-120768,19/12/2015,21/12/2015,Second Class,IM-15070,Irene Maddox,Consumer,United States,Florence,Alabama,35630.0,South,OFF-SU-10004115,Office Supplies,Supplies,Acme Stainless Steel Office Snips,7.27
1434,CA-2015-120768,19/12/2015,21/12/2015,Second Class,IM-15070,Irene Maddox,Consumer,United States,Florence,Alabama,35630.0,South,FUR-CH-10000513,Furniture,Chairs,High-Back Leather Manager's Chair,1819.86
1435,US-2017-153129,26/12/2017,30/12/2017,Standard Class,FP-14320,Frank Preis,Consumer,United States,Seattle,Washington,98105.0,West,OFF-PA-10003673,Office Supplies,Paper,Strathmore Photo Mount Cards,33.9
1438,CA-2016-139731,15/10/2016,15/10/2016,Same Day,JE-15745,Joel Eaton,Consumer,United States,Amarillo,Texas,79109.0,Central,TEC-AC-10004975,Technology,Accessories,Plantronics Audio 995 Wireless Stereo Headset,263.88
1439,CA-2016-139731,15/10/2016,15/10/2016,Same Day,JE-15745,Joel Eaton,Consumer,United States,Amarillo,Texas,79109.0,Central,FUR-CH-10002024,Furniture,Chairs,HON 5400 Series Task Chairs for Big and Tall,2453.43
1442,CA-2018-128160,19/12/2018,24/12/2018,Second Class,MM-17920,Michael Moore,Consumer,United States,San Francisco,California,94110.0,West,OFF-BI-10001510,Office Supplies,Binders,Deluxe Heavy-Duty Vinyl Round Ring Binder,36.672
1444,CA-2016-166135,01/10/2016,06/10/2016,Standard Class,SC-20440,Shaun Chance,Corporate,United States,Aurora,Colorado,80013.0,West,OFF-ST-10002974,Office Supplies,Storage,"Trav-L-File Heavy-Duty Shuttle II, Black",139.424
1447,CA-2018-102337,13/06/2018,16/06/2018,First Class,SD-20485,Shirley Daniels,Home Office,United States,Chicago,Illinois,60653.0,Central,FUR-CH-10004289,Furniture,Chairs,Global Super Steno Chair,470.302
1453,CA-2017-133711,26/11/2017,29/11/2017,First Class,MC-17425,Mark Cousins,Corporate,United States,Mobile,Alabama,36608.0,South,OFF-BI-10000666,Office Supplies,Binders,Surelock Post Binders,91.68
1454,CA-2017-133711,26/11/2017,29/11/2017,First Class,MC-17425,Mark Cousins,Corporate,United States,Mobile,Alabama,36608.0,South,OFF-BI-10004352,Office Supplies,Binders,Wilson Jones DublLock D-Ring Binders,33.75
1455,CA-2017-133711,26/11/2017,29/11/2017,First Class,MC-17425,Mark Cousins,Corporate,United States,Mobile,Alabama,36608.0,South,TEC-MA-10000010,Technology,Machines,Hewlett-Packard Deskjet 3050a All-in-One Color Inkjet Printer,3040.0
1457,CA-2018-148474,12/06/2018,19/06/2018,Standard Class,ME-17320,Maria Etezadi,Home Office,United States,Columbus,Georgia,31907.0,South,FUR-TA-10002530,Furniture,Tables,"Iceberg OfficeWorks 42"" Round Tables",452.94
1459,CA-2017-123722,25/09/2017,01/10/2017,Standard Class,NH-18610,Nicole Hansen,Corporate,United States,Irving,Texas,75061.0,Central,OFF-LA-10001569,Office Supplies,Labels,Avery 499,15.936
1466,CA-2015-151708,08/08/2015,14/08/2015,Standard Class,MB-17305,Maria Bertelson,Consumer,United States,Glendale,Arizona,85301.0,West,FUR-FU-10001602,Furniture,Furnishings,"Eldon Delta Triangular Chair Mat, 52"" x 58"", Clear",121.376
1468,CA-2016-100769,16/05/2016,16/05/2016,Same Day,TH-21550,Tracy Hopkins,Home Office,United States,Jacksonville,Florida,32216.0,South,TEC-AC-10002402,Technology,Accessories,Razer Kraken PRO Over Ear PC and Music Headset,255.968
1469,CA-2018-139199,09/12/2018,13/12/2018,Standard Class,DK-12835,Damala Kotsonis,Corporate,United States,Detroit,Michigan,48234.0,Central,FUR-CH-10000847,Furniture,Chairs,Global Executive Mid-Back Manager's Chair,872.94
1471,CA-2018-139199,09/12/2018,13/12/2018,Standard Class,DK-12835,Damala Kotsonis,Corporate,United States,Detroit,Michigan,48234.0,Central,OFF-PA-10001293,Office Supplies,Paper,Xerox 1946,12.96
1473,CA-2018-164959,11/07/2018,15/07/2018,Standard Class,KN-16390,Katherine Nockton,Corporate,United States,Los Angeles,California,90004.0,West,OFF-LA-10004272,Office Supplies,Labels,Avery 482,8.67
1478,CA-2017-121958,13/11/2017,17/11/2017,Standard Class,CS-12505,Cindy Stewart,Consumer,United States,Thomasville,North Carolina,27360.0,South,OFF-SU-10000381,Office Supplies,Supplies,Acme Forged Steel Scissors with Black Enamel Handles,52.136
1480,US-2017-108455,02/12/2017,08/12/2017,Standard Class,MK-18160,Mike Kennedy,Consumer,United States,San Francisco,California,94122.0,West,OFF-PA-10002262,Office Supplies,Paper,Xerox 192,25.92
1481,US-2017-108455,02/12/2017,08/12/2017,Standard Class,MK-18160,Mike Kennedy,Consumer,United States,San Francisco,California,94122.0,West,OFF-PA-10002464,Office Supplies,Paper,HP Office Recycled Paper (20Lb. and 87 Bright),40.46
1483,CA-2018-101210,25/08/2018,28/08/2018,Second Class,DW-13540,Don Weiss,Consumer,United States,Jackson,Tennessee,38301.0,South,OFF-AR-10003560,Office Supplies,Art,Zebra Zazzle Fluorescent Highlighters,9.728
1484,CA-2018-101210,25/08/2018,28/08/2018,Second Class,DW-13540,Don Weiss,Consumer,United States,Jackson,Tennessee,38301.0,South,OFF-PA-10000130,Office Supplies,Paper,Xerox 199,3.424
1489,CA-2016-140410,03/11/2016,07/11/2016,Standard Class,CM-12655,Corinna Mitchell,Home Office,United States,Los Angeles,California,90008.0,West,FUR-FU-10003347,Furniture,Furnishings,Coloredge Poster Frame,42.6
1492,CA-2018-166436,24/11/2018,28/11/2018,Standard Class,TS-21370,Todd Sumrall,Corporate,United States,New York City,New York,10035.0,East,OFF-PA-10001838,Office Supplies,Paper,"Adams Telephone Message Book W/Dividers/Space For Phone Numbers, 5 1/4""X8 1/2"", 300/Messages",5.88
1497,CA-2018-152485,04/09/2018,08/09/2018,Standard Class,JD-15790,John Dryer,Consumer,United States,Coppell,Texas,75019.0,Central,OFF-ST-10004950,Office Supplies,Storage,Acco Perma 3000 Stacking Storage Drawers,16.784
1499,CA-2017-141586,17/10/2017,20/10/2017,First Class,NK-18490,Neil Knudson,Home Office,United States,San Francisco,California,94122.0,West,OFF-BI-10003981,Office Supplies,Binders,"Avery Durable Plastic 1"" Binders",18.16
1502,CA-2018-130386,12/11/2018,18/11/2018,Standard Class,NG-18430,Nathan Gelder,Consumer,United States,Austin,Texas,78745.0,Central,OFF-ST-10003716,Office Supplies,Storage,Tennsco Double-Tier Lockers,540.048
1503,CA-2017-100468,24/11/2017,01/12/2017,Standard Class,AT-10435,Alyssa Tate,Home Office,United States,Los Angeles,California,90045.0,West,TEC-PH-10001300,Technology,Phones,"iKross Bluetooth Portable Keyboard + Cell Phone Stand Holder + Brush for Apple iPhone 5S 5C 5, 4S 4",33.52
1510,CA-2018-103611,12/09/2018,15/09/2018,First Class,JM-15535,Jessica Myrick,Consumer,United States,Los Angeles,California,90036.0,West,FUR-FU-10004270,Furniture,Furnishings,"Eldon Image Series Desk Accessories, Burgundy",8.36
1513,CA-2018-112809,18/08/2018,22/08/2018,Standard Class,RA-19915,Russell Applegate,Consumer,United States,Dallas,Texas,75220.0,Central,OFF-ST-10002276,Office Supplies,Storage,Safco Steel Mobile File Cart,200.064
1514,CA-2018-112809,18/08/2018,22/08/2018,Standard Class,RA-19915,Russell Applegate,Consumer,United States,Dallas,Texas,75220.0,Central,OFF-BI-10001098,Office Supplies,Binders,Acco D-Ring Binder w/DublLock,21.38
1517,CA-2018-148446,10/12/2018,14/12/2018,Second Class,MC-17845,Michael Chen,Consumer,United States,North Las Vegas,Nevada,89031.0,West,FUR-TA-10004256,Furniture,Tables,Bretford “Just In Time” Height-Adjustable Multi-Task Work Tables,1669.6
1528,CA-2017-122392,22/07/2017,27/07/2017,Standard Class,CJ-12010,Caroline Jumper,Consumer,United States,Allentown,Pennsylvania,18103.0,East,FUR-FU-10002456,Furniture,Furnishings,"Master Caster Door Stop, Large Neon Orange",11.648
1531,CA-2016-103793,26/03/2016,31/03/2016,Standard Class,BV-11245,Benjamin Venier,Corporate,United States,Miami,Florida,33142.0,South,OFF-PA-10001125,Office Supplies,Paper,Xerox 1988,74.352
1533,CA-2018-159884,31/08/2018,05/09/2018,Standard Class,JF-15490,Jeremy Farry,Consumer,United States,Tempe,Arizona,85281.0,West,OFF-FA-10000585,Office Supplies,Fasteners,OIC Bulk Pack Metal Binder Clips,8.376
1534,CA-2017-139885,04/12/2017,08/12/2017,Standard Class,EB-13840,Ellis Ballard,Corporate,United States,New York City,New York,10035.0,East,OFF-ST-10003324,Office Supplies,Storage,Belkin OmniView SE Rackmount Kit,212.88
1536,CA-2017-112389,29/10/2017,02/11/2017,Standard Class,JM-15655,Jim Mitchum,Corporate,United States,Bridgeton,New Jersey,8302.0,East,OFF-ST-10000419,Office Supplies,Storage,"Rogers Jumbo File, Granite",40.74
1537,CA-2017-112389,29/10/2017,02/11/2017,Standard Class,JM-15655,Jim Mitchum,Corporate,United States,Bridgeton,New Jersey,8302.0,East,OFF-AP-10001626,Office Supplies,Appliances,"Commercial WindTunnel Clean Air Upright Vacuum, Replacement Belts, Filtration Bags",11.67
1544,CA-2015-107181,04/02/2015,08/02/2015,Standard Class,DB-13270,Deborah Brumfield,Home Office,United States,San Diego,California,92024.0,West,OFF-BI-10004230,Office Supplies,Binders,GBC Recycled Grain Textured Covers,82.896
1545,CA-2015-107181,04/02/2015,08/02/2015,Standard Class,DB-13270,Deborah Brumfield,Home Office,United States,San Diego,California,92024.0,West,OFF-PA-10000350,Office Supplies,Paper,"Message Book, Standard Line ""While You Were Out"", 5 1/2"" X 4"", 200 Sets/Book",34.24
1546,CA-2015-150245,31/12/2015,04/01/2016,Second Class,PC-18745,Pamela Coakley,Corporate,United States,Watertown,New York,13601.0,East,FUR-BO-10002613,Furniture,Bookcases,"Atlantic Metals Mobile 4-Shelf Bookcases, Custom Colors",1573.488
1551,US-2018-124926,13/11/2018,18/11/2018,Second Class,ME-17320,Maria Etezadi,Home Office,United States,Houston,Texas,77095.0,Central,OFF-AP-10004868,Office Supplies,Appliances,Hoover Commercial Soft Guard Upright Vacuum And Disposable Filtration Bags,9.324
1558,CA-2017-109176,09/05/2017,15/05/2017,Standard Class,JW-16075,Julia West,Consumer,United States,Philadelphia,Pennsylvania,19140.0,East,OFF-AR-10001955,Office Supplies,Art,Newell 319,79.36
1559,CA-2016-112116,16/03/2016,18/03/2016,Second Class,JE-15475,Jeremy Ellison,Consumer,United States,Seattle,Washington,98103.0,West,FUR-TA-10001039,Furniture,Tables,KI Adjustable-Height Table,171.96
1560,CA-2017-126809,09/04/2017,13/04/2017,Standard Class,EB-13750,Edward Becker,Corporate,United States,Seattle,Washington,98103.0,West,OFF-BI-10003712,Office Supplies,Binders,"Acco Pressboard Covers with Storage Hooks, 14 7/8"" x 11"", Light Blue",35.352
1562,CA-2018-107293,05/09/2018,06/09/2018,First Class,CS-12400,Christopher Schild,Home Office,United States,Seattle,Washington,98115.0,West,OFF-AR-10003732,Office Supplies,Art,Newell 333,2.78
1563,US-2018-102890,30/06/2018,30/06/2018,Same Day,SG-20470,Sheri Gordon,Consumer,United States,New York City,New York,10011.0,East,FUR-TA-10000577,Furniture,Tables,Bretford CR4500 Series Slim Rectangular Table,1044.63
1567,CA-2016-129112,29/11/2016,30/11/2016,First Class,AW-10840,Anthony Witt,Consumer,United States,Allen,Texas,75002.0,Central,TEC-AC-10003038,Technology,Accessories,Kingston Digital DataTraveler 16GB USB 2.0,21.48
1569,US-2018-152002,11/06/2018,11/06/2018,Same Day,DV-13465,Dianna Vittorini,Consumer,United States,Los Angeles,California,90004.0,West,OFF-PA-10000357,Office Supplies,Paper,"White Dual Perf Computer Printout Paper, 2700 Sheets, 1 Part, Heavyweight, 20 lbs., 14 7/8 x 11",122.97
1570,CA-2018-165029,26/11/2018,30/11/2018,Standard Class,AH-10075,Adam Hart,Corporate,United States,Atlanta,Georgia,30318.0,South,OFF-AR-10003504,Office Supplies,Art,Newell 347,12.84
1571,US-2015-157385,23/11/2015,25/11/2015,First Class,SC-20095,Sanjit Chand,Consumer,United States,Los Angeles,California,90004.0,West,FUR-CH-10000863,Furniture,Chairs,Novimex Swivel Fabric Task Chair,603.92
1576,CA-2015-101602,15/12/2015,18/12/2015,First Class,MC-18100,Mick Crebagga,Consumer,United States,El Paso,Texas,79907.0,Central,FUR-CH-10004675,Furniture,Chairs,"Lifetime Advantage Folding Chairs, 4/Carton",763.28
1577,CA-2017-109057,22/04/2017,27/04/2017,Standard Class,TT-21460,Tonja Turnell,Home Office,United States,Aurora,Illinois,60505.0,Central,OFF-ST-10002406,Office Supplies,Storage,Pizazz Global Quick File,23.952
1579,CA-2017-102456,27/02/2017,01/03/2017,First Class,DL-12865,Dan Lawera,Consumer,United States,New York City,New York,10011.0,East,OFF-AP-10004336,Office Supplies,Appliances,"Conquest 14 Commercial Heavy-Duty Upright Vacuum, Collection System, Accessory Kit",170.88
1580,CA-2016-131338,09/08/2016,12/08/2016,First Class,NP-18325,Naresj Patel,Consumer,United States,New York City,New York,10024.0,East,TEC-PH-10003012,Technology,Phones,Nortel Meridian M3904 Professional Digital phone,307.98
1583,CA-2016-131338,09/08/2016,12/08/2016,First Class,NP-18325,Naresj Patel,Consumer,United States,New York City,New York,10024.0,East,OFF-BI-10000545,Office Supplies,Binders,GBC Ibimaster 500 Manual ProClick Binding System,1217.568
1587,CA-2016-131338,09/08/2016,12/08/2016,First Class,NP-18325,Naresj Patel,Consumer,United States,New York City,New York,10024.0,East,OFF-PA-10001357,Office Supplies,Paper,Xerox 1886,143.7
1594,CA-2015-117317,19/10/2015,19/10/2015,Same Day,JF-15490,Jeremy Farry,Consumer,United States,Los Angeles,California,90032.0,West,OFF-PA-10004519,Office Supplies,Paper,Spiral Phone Message Books with Labels by Adams,13.44
1596,CA-2018-149181,08/05/2018,12/05/2018,Standard Class,MD-17350,Maribeth Dona,Consumer,United States,Columbus,Ohio,43229.0,East,FUR-CH-10004540,Furniture,Chairs,Global Chrome Stack Chair,47.992
1598,CA-2018-158876,19/11/2018,21/11/2018,Second Class,AB-10150,Aimee Bixby,Consumer,United States,Carrollton,Texas,75007.0,Central,OFF-PA-10000308,Office Supplies,Paper,Xerox 1901,16.896
1599,CA-2018-158876,19/11/2018,21/11/2018,Second Class,AB-10150,Aimee Bixby,Consumer,United States,Carrollton,Texas,75007.0,Central,OFF-SU-10001165,Office Supplies,Supplies,Acme Elite Stainless Steel Scissors,6.672
1600,CA-2018-158876,19/11/2018,21/11/2018,Second Class,AB-10150,Aimee Bixby,Consumer,United States,Carrollton,Texas,75007.0,Central,OFF-AR-10003373,Office Supplies,Art,"Boston School Pro Electric Pencil Sharpener, 1670",99.136
1601,CA-2018-158876,19/11/2018,21/11/2018,Second Class,AB-10150,Aimee Bixby,Consumer,United States,Carrollton,Texas,75007.0,Central,FUR-FU-10001967,Furniture,Furnishings,Telescoping Adjustable Floor Lamp,15.992
1604,CA-2018-116645,30/11/2018,04/12/2018,Standard Class,ME-17725,Max Engle,Consumer,United States,Newark,Delaware,19711.0,East,OFF-AR-10001044,Office Supplies,Art,"BOSTON Ranger #55 Pencil Sharpener, Black",155.94
1607,US-2017-115819,19/04/2017,24/04/2017,Second Class,JO-15280,Jas O'Carroll,Consumer,United States,Los Angeles,California,90049.0,West,OFF-AR-10004456,Office Supplies,Art,Panasonic KP-4ABK Battery-Operated Pencil Sharpener,73.2
1609,US-2017-115819,19/04/2017,24/04/2017,Second Class,JO-15280,Jas O'Carroll,Consumer,United States,Los Angeles,California,90049.0,West,OFF-PA-10002377,Office Supplies,Paper,"Adams Telephone Message Book W/Dividers/Space For Phone Numbers, 5 1/4""X8 1/2"", 200/Messages",22.72
1615,US-2017-113509,15/03/2017,19/03/2017,Standard Class,PL-18925,Paul Lucas,Home Office,United States,Philadelphia,Pennsylvania,19143.0,East,TEC-AC-10004855,Technology,Accessories,V7 USB Numeric Keypad,83.976
1616,CA-2016-130022,10/08/2016,16/08/2016,Standard Class,JK-16120,Julie Kriz,Home Office,United States,Eagan,Minnesota,55122.0,Central,OFF-LA-10002787,Office Supplies,Labels,Avery 480,3.75
1617,CA-2016-130022,10/08/2016,16/08/2016,Standard Class,JK-16120,Julie Kriz,Home Office,United States,Eagan,Minnesota,55122.0,Central,OFF-LA-10002043,Office Supplies,Labels,Avery 489,41.4
1618,CA-2016-130022,10/08/2016,16/08/2016,Standard Class,JK-16120,Julie Kriz,Home Office,United States,Eagan,Minnesota,55122.0,Central,OFF-AR-10001915,Office Supplies,Art,Peel-Off China Markers,29.79
1619,US-2017-118780,10/09/2017,14/09/2017,Second Class,PN-18775,Parhena Norris,Home Office,United States,New York City,New York,10011.0,East,OFF-ST-10000352,Office Supplies,Storage,Acco Perma 2700 Stacking Storage Drawers,59.48
1624,CA-2018-108560,08/07/2018,15/07/2018,Standard Class,JC-15385,Jenna Caffey,Consumer,United States,Kent,Washington,98031.0,West,TEC-AC-10003063,Technology,Accessories,Micro Innovations USB RF Wireless Keyboard with Mouse,50.0
1627,CA-2016-164539,16/11/2016,22/11/2016,Standard Class,PO-19180,Philisse Overcash,Home Office,United States,New York City,New York,10011.0,East,OFF-AP-10002457,Office Supplies,Appliances,"Eureka The Boss Plus 12-Amp Hard Box Upright Vacuum, Red",523.25
1632,CA-2017-106530,08/05/2017,08/05/2017,Same Day,CL-12565,Clay Ludtke,Consumer,United States,Cleveland,Ohio,44105.0,East,OFF-PA-10002986,Office Supplies,Paper,Xerox 1898,10.688
1643,US-2015-134712,29/11/2015,04/12/2015,Standard Class,BS-11380,Bill Stewart,Corporate,United States,Skokie,Illinois,60076.0,Central,OFF-FA-10003112,Office Supplies,Fasteners,Staples,12.624
1644,CA-2016-111829,19/03/2016,20/03/2016,First Class,FH-14365,Fred Hopkins,Corporate,United States,Seattle,Washington,98115.0,West,OFF-ST-10000142,Office Supplies,Storage,Deluxe Rollaway Locking File with Drawer,1247.64
1650,CA-2016-120341,26/09/2016,29/09/2016,Second Class,SF-20200,Sarah Foster,Consumer,United States,Philadelphia,Pennsylvania,19143.0,East,TEC-PH-10003357,Technology,Phones,Grandstream GXP2100 Mainstream Business Phone,45.894
1651,CA-2015-135699,29/08/2015,29/08/2015,Same Day,HH-15010,Hilary Holden,Corporate,United States,San Francisco,California,94110.0,West,OFF-PA-10004475,Office Supplies,Paper,Xerox 1940,109.92
1656,US-2018-132444,18/11/2018,21/11/2018,First Class,CD-12280,Christina DeMoss,Consumer,United States,Seattle,Washington,98105.0,West,OFF-BI-10001116,Office Supplies,Binders,"Wilson Jones 1"" Hanging DublLock Ring Binders",8.448
1657,US-2018-132444,18/11/2018,21/11/2018,First Class,CD-12280,Christina DeMoss,Consumer,United States,Seattle,Washington,98105.0,West,OFF-ST-10000563,Office Supplies,Storage,Fellowes Bankers Box Stor/Drawer Steel Plus,95.94
1660,CA-2018-127285,30/10/2018,06/11/2018,Standard Class,MM-18055,Michelle Moray,Consumer,United States,Seattle,Washington,98115.0,West,OFF-BI-10004330,Office Supplies,Binders,"GBC Velobind Prepunched Cover Sets, Regency Series",88.752
1663,CA-2018-144526,30/04/2018,06/05/2018,Standard Class,QJ-19255,Quincy Jones,Corporate,United States,Philadelphia,Pennsylvania,19143.0,East,OFF-BI-10002353,Office Supplies,Binders,GBC VeloBind Cover Sets,13.896
1666,CA-2017-128531,24/11/2017,26/11/2017,Second Class,NS-18505,Neola Schneider,Consumer,United States,Dallas,Texas,75217.0,Central,OFF-FA-10002676,Office Supplies,Fasteners,Colored Push Pins,4.344
1671,CA-2018-159457,19/10/2018,26/10/2018,Standard Class,RD-19480,Rick Duston,Consumer,United States,Houston,Texas,77095.0,Central,TEC-PH-10002185,Technology,Phones,QVS USB Car Charger 2-Port 2.1Amp for iPod/iPhone/iPad/iPad 2/iPad 3,16.68
1672,CA-2017-107615,22/03/2017,25/03/2017,First Class,RB-19645,Robert Barroso,Corporate,United States,North Las Vegas,Nevada,89031.0,West,TEC-AC-10001013,Technology,Accessories,Logitech ClearChat Comfort/USB Headset H390,58.58
1673,CA-2018-111647,03/07/2018,07/07/2018,Standard Class,RD-19585,Rob Dowd,Consumer,United States,Plano,Texas,75023.0,Central,TEC-PH-10002726,Technology,Phones,netTALK DUO VoIP Telephone Service,167.968
1681,CA-2015-122882,07/09/2015,13/09/2015,Standard Class,SB-20290,Sean Braxton,Corporate,United States,Philadelphia,Pennsylvania,19134.0,East,FUR-FU-10000758,Furniture,Furnishings,DAX Natural Wood-Tone Poster Frame,42.368
1684,CA-2017-147585,07/11/2017,12/11/2017,Standard Class,CB-12535,Claudia Bergmann,Corporate,United States,San Francisco,California,94110.0,West,FUR-FU-10002597,Furniture,Furnishings,"C-Line Magnetic Cubicle Keepers, Clear Polypropylene",14.82
1685,CA-2018-149489,24/04/2018,27/04/2018,First Class,DK-12835,Damala Kotsonis,Corporate,United States,Philadelphia,Pennsylvania,19143.0,East,OFF-AP-10002495,Office Supplies,Appliances,"Acco Smartsocket Table Surge Protector, 6 Color-Coded Adapter Outlets",99.28
1689,CA-2018-143798,10/12/2018,12/12/2018,First Class,AW-10840,Anthony Witt,Consumer,United States,Philadelphia,Pennsylvania,19140.0,East,FUR-FU-10004306,Furniture,Furnishings,Electrix Halogen Magnifier Lamp,310.88
1692,CA-2018-129833,09/12/2018,15/12/2018,Standard Class,HF-14995,Herbert Flentye,Consumer,United States,Indianapolis,Indiana,46203.0,Central,OFF-BI-10004182,Office Supplies,Binders,Economy Binders,10.4
1700,CA-2015-135657,03/06/2015,07/06/2015,Second Class,SC-20725,Steven Cartwright,Consumer,United States,Seattle,Washington,98115.0,West,FUR-TA-10004086,Furniture,Tables,KI Adjustable-Height Table,515.88
1702,CA-2016-114069,13/07/2016,15/07/2016,Second Class,ND-18370,Natalie DeCherney,Consumer,United States,New York City,New York,10035.0,East,FUR-CH-10000595,Furniture,Chairs,Safco Contoured Stacking Chairs,1931.04
1704,CA-2015-139857,02/02/2015,06/02/2015,Standard Class,CD-12790,Cynthia Delaney,Home Office,United States,San Diego,California,92037.0,West,OFF-FA-10001843,Office Supplies,Fasteners,Staples,12.35
1714,US-2018-124968,08/09/2018,13/09/2018,Second Class,MM-18055,Michelle Moray,Consumer,United States,Chicago,Illinois,60610.0,Central,FUR-TA-10004289,Furniture,Tables,BoxOffice By Design Rectangular and Half-Moon Meeting Room Tables,765.625
1719,CA-2017-169943,19/05/2017,24/05/2017,Standard Class,BN-11515,Bradley Nguyen,Consumer,United States,New York City,New York,10011.0,East,FUR-FU-10002088,Furniture,Furnishings,Nu-Dell Float Frame 11 x 14 1/2,35.92
1721,CA-2017-169943,19/05/2017,24/05/2017,Standard Class,BN-11515,Bradley Nguyen,Consumer,United States,New York City,New York,10011.0,East,OFF-BI-10002824,Office Supplies,Binders,Recycled Easel Ring Binders,47.744
1722,US-2016-123218,20/12/2016,25/12/2016,Standard Class,KD-16345,Katherine Ducich,Consumer,United States,Chicago,Illinois,60623.0,Central,TEC-PH-10001061,Technology,Phones,Apple iPhone 5C,159.984
1727,CA-2016-127453,19/12/2016,20/12/2016,First Class,JK-15370,Jay Kimmel,Consumer,United States,Philadelphia,Pennsylvania,19143.0,East,OFF-AP-10003860,Office Supplies,Appliances,Fellowes Advanced 8 Outlet Surge Suppressor with Phone/Fax Protection,88.832
1729,CA-2017-106894,07/02/2017,07/02/2017,Same Day,CA-12265,Christina Anderson,Consumer,United States,Springfield,Virginia,22153.0,South,TEC-AC-10003063,Technology,Accessories,Micro Innovations USB RF Wireless Keyboard with Mouse,100.0
1730,CA-2017-106894,07/02/2017,07/02/2017,Same Day,CA-12265,Christina Anderson,Consumer,United States,Springfield,Virginia,22153.0,South,OFF-LA-10001045,Office Supplies,Labels,Permanent Self-Adhesive File Folder Labels for Typewriters by Universal,7.83
1731,CA-2015-125136,28/09/2015,03/10/2015,Standard Class,KD-16495,Keith Dawkins,Corporate,United States,Fayetteville,North Carolina,28314.0,South,OFF-PA-10001457,Office Supplies,Paper,White GlueTop Scratch Pads,96.256
1732,CA-2015-125136,28/09/2015,03/10/2015,Standard Class,KD-16495,Keith Dawkins,Corporate,United States,Fayetteville,North Carolina,28314.0,South,OFF-PA-10001804,Office Supplies,Paper,Xerox 195,10.688
1733,US-2017-131149,10/07/2017,14/07/2017,Standard Class,LH-17155,Logan Haushalter,Consumer,United States,Dallas,Texas,75081.0,Central,OFF-ST-10000689,Office Supplies,Storage,"Fellowes Strictly Business Drawer File, Letter/Legal Size",338.04
1738,CA-2016-130204,03/09/2016,09/09/2016,Standard Class,DB-13120,David Bremer,Corporate,United States,San Francisco,California,94122.0,West,OFF-ST-10001325,Office Supplies,Storage,Sterilite Officeware Hinged File Box,31.44
1739,CA-2016-130204,03/09/2016,09/09/2016,Standard Class,DB-13120,David Bremer,Corporate,United States,San Francisco,California,94122.0,West,TEC-AC-10003038,Technology,Accessories,Kingston Digital DataTraveler 16GB USB 2.0,17.9
1740,CA-2016-130204,03/09/2016,09/09/2016,Standard Class,DB-13120,David Bremer,Corporate,United States,San Francisco,California,94122.0,West,TEC-AC-10003590,Technology,Accessories,"TRENDnet 56K USB 2.0 Phone, Internet and Fax Modem",129.45
1741,CA-2015-110527,09/08/2015,16/08/2015,Standard Class,ED-13885,Emily Ducich,Home Office,United States,San Diego,California,92037.0,West,OFF-LA-10000262,Office Supplies,Labels,Avery 494,20.88
1742,CA-2018-152807,30/10/2018,03/11/2018,Standard Class,MC-18100,Mick Crebagga,Consumer,United States,Philadelphia,Pennsylvania,19140.0,East,OFF-PA-10004355,Office Supplies,Paper,Xerox 231,20.736
1744,CA-2018-152807,30/10/2018,03/11/2018,Standard Class,MC-18100,Mick Crebagga,Consumer,United States,Philadelphia,Pennsylvania,19140.0,East,OFF-ST-10002486,Office Supplies,Storage,Eldon Shelf Savers Cubes and Bins,11.168
1745,CA-2018-152807,30/10/2018,03/11/2018,Standard Class,MC-18100,Mick Crebagga,Consumer,United States,Philadelphia,Pennsylvania,19140.0,East,TEC-AC-10001142,Technology,Accessories,First Data FD10 PIN Pad,442.4
1746,CA-2015-133270,06/06/2015,09/06/2015,First Class,BM-11785,Bryan Mills,Consumer,United States,Rochester,New York,14609.0,East,OFF-AR-10002656,Office Supplies,Art,Sanford Liquid Accent Highlighters,13.36
1747,CA-2017-155670,13/08/2017,17/08/2017,Second Class,EM-14065,Erin Mull,Consumer,United States,Jacksonville,North Carolina,28540.0,South,OFF-BI-10000138,Office Supplies,Binders,Acco Translucent Poly Ring Binders,11.232
1748,CA-2017-155670,13/08/2017,17/08/2017,Second Class,EM-14065,Erin Mull,Consumer,United States,Jacksonville,North Carolina,28540.0,South,OFF-PA-10004947,Office Supplies,Paper,Easy-staple paper,10.272
1759,CA-2015-139017,11/05/2015,17/05/2015,Standard Class,RM-19375,Raymond Messe,Consumer,United States,Houston,Texas,77095.0,Central,TEC-AC-10001013,Technology,Accessories,Logitech ClearChat Comfort/USB Headset H390,46.864
1761,CA-2016-130785,05/09/2016,09/09/2016,Standard Class,AG-10900,Arthur Gainer,Consumer,United States,San Diego,California,92105.0,West,FUR-BO-10000330,Furniture,Bookcases,"Sauder Camden County Barrister Bookcase, Planked Cherry Finish",411.332
1766,CA-2017-110254,04/08/2017,08/08/2017,Standard Class,ML-17755,Max Ludwig,Home Office,United States,Suffolk,Virginia,23434.0,South,FUR-FU-10001591,Furniture,Furnishings,Advantus Panel Wall Certificate Holder - 8.5x11,109.8
1769,US-2015-158057,22/03/2015,26/03/2015,Standard Class,CC-12685,Craig Carroll,Consumer,United States,Greensboro,North Carolina,27405.0,South,OFF-BI-10002735,Office Supplies,Binders,GBC Prestige Therm-A-Bind Covers,51.465
1771,CA-2018-146024,02/03/2018,08/03/2018,Standard Class,SC-20770,Stewart Carmichael,Corporate,United States,Dallas,Texas,75081.0,Central,OFF-BI-10003291,Office Supplies,Binders,Wilson Jones Leather-Like Binders with DublLock Round Rings,12.222
1776,CA-2015-118976,28/04/2015,03/05/2015,Standard Class,MY-18295,Muhammed Yedwab,Corporate,United States,Baltimore,Maryland,21215.0,East,OFF-AR-10004752,Office Supplies,Art,Blackstonian Pencils,5.34
1778,CA-2016-105347,24/11/2016,28/11/2016,Standard Class,DP-13000,Darren Powers,Consumer,United States,Los Angeles,California,90004.0,West,OFF-PA-10000675,Office Supplies,Paper,Xerox 1919,368.91
1781,CA-2017-124667,11/11/2017,16/11/2017,Standard Class,BD-11770,Bryan Davis,Consumer,United States,New York City,New York,10011.0,East,OFF-ST-10002276,Office Supplies,Storage,Safco Steel Mobile File Cart,83.36
1784,CA-2018-166317,22/09/2018,26/09/2018,Standard Class,JE-15610,Jim Epp,Corporate,United States,Milwaukee,Wisconsin,53209.0,Central,OFF-PA-10004475,Office Supplies,Paper,Xerox 1940,219.84
1786,CA-2018-166317,22/09/2018,26/09/2018,Standard Class,JE-15610,Jim Epp,Corporate,United States,Milwaukee,Wisconsin,53209.0,Central,OFF-BI-10002976,Office Supplies,Binders,ACCOHIDE Binder by Acco,33.04
1791,CA-2015-102008,30/09/2015,04/10/2015,Standard Class,RA-19915,Russell Applegate,Consumer,United States,New York City,New York,10011.0,East,OFF-PA-10004092,Office Supplies,Paper,Tops Green Bar Computer Printout Paper,48.94
1792,CA-2015-120474,01/12/2015,03/12/2015,First Class,RP-19390,Resi Pölking,Consumer,United States,Madison,Wisconsin,53711.0,Central,FUR-CH-10001854,Furniture,Chairs,Office Star - Professional Matrix Back Chair with 2-to-1 Synchro Tilt and Mesh Fabric Seat,2807.84
1794,CA-2015-104773,08/12/2015,13/12/2015,Standard Class,TB-21175,Thomas Boland,Corporate,United States,Houston,Texas,77041.0,Central,OFF-ST-10000777,Office Supplies,Storage,"Companion Letter/Legal File, Black",60.416
1795,CA-2017-140774,05/09/2017,10/09/2017,Standard Class,BE-11455,Brad Eason,Home Office,United States,Olathe,Kansas,66062.0,Central,OFF-AR-10004022,Office Supplies,Art,Panasonic KP-380BK Classic Electric Pencil Sharpener,107.94
1796,US-2018-139465,27/08/2018,30/08/2018,First Class,MR-17545,Mathew Reese,Home Office,United States,New York City,New York,10024.0,East,OFF-ST-10002352,Office Supplies,Storage,Iris Project Case,63.84
1798,US-2018-139465,27/08/2018,30/08/2018,First Class,MR-17545,Mathew Reese,Home Office,United States,New York City,New York,10024.0,East,OFF-BI-10003910,Office Supplies,Binders,DXL Angle-View Binders with Locking Rings by Samsill,37.008
1804,CA-2018-158379,22/09/2018,26/09/2018,Second Class,JA-15970,Joseph Airdo,Consumer,United States,Philadelphia,Pennsylvania,19134.0,East,OFF-SU-10002881,Office Supplies,Supplies,Martin Yale Chadless Opener Electric Letter Opener,4663.736
1806,US-2017-116729,25/12/2017,28/12/2017,First Class,GK-14620,Grace Kelly,Corporate,United States,Los Angeles,California,90049.0,West,TEC-PH-10002200,Technology,Phones,Samsung Galaxy Note 2,2575.944
1808,US-2017-116729,25/12/2017,28/12/2017,First Class,GK-14620,Grace Kelly,Corporate,United States,Los Angeles,California,90049.0,West,TEC-AC-10001465,Technology,Accessories,SanDisk Cruzer 64 GB USB Flash Drive,254.24
1818,CA-2016-125423,13/12/2016,15/12/2016,Second Class,MC-17575,Matt Collins,Consumer,United States,Los Angeles,California,90036.0,West,OFF-LA-10001771,Office Supplies,Labels,Avery 513,9.96
1821,CA-2017-168956,16/02/2017,20/02/2017,Standard Class,EA-14035,Erin Ashbrook,Corporate,United States,Chicago,Illinois,60623.0,Central,OFF-AP-10004233,Office Supplies,Appliances,Honeywell Enviracaire Portable Air Cleaner for up to 8 x 10 Room,92.064
1826,CA-2017-167507,22/12/2017,28/12/2017,Standard Class,SA-20830,Sue Ann Reed,Consumer,United States,Redmond,Oregon,97756.0,West,FUR-FU-10001935,Furniture,Furnishings,3M Hangers With Command Adhesive,11.84
1833,CA-2016-131422,05/11/2016,09/11/2016,Standard Class,GB-14530,George Bell,Corporate,United States,Monroe,North Carolina,28110.0,South,FUR-CH-10001270,Furniture,Chairs,Harbour Creations Steel Folding Chair,207.0
1834,CA-2018-162691,01/08/2018,07/08/2018,Standard Class,AS-10045,Aaron Smayling,Corporate,United States,Austin,Texas,78745.0,Central,TEC-MA-10000488,Technology,Machines,Bady BDG101FRU Card Printer,1439.982
1836,CA-2015-141278,21/06/2015,24/06/2015,First Class,RM-19375,Raymond Messe,Consumer,United States,Meriden,Connecticut,6450.0,East,OFF-AR-10003056,Office Supplies,Art,Newell 341,21.4
1840,CA-2015-117345,01/08/2015,05/08/2015,Standard Class,BF-10975,Barbara Fisher,Corporate,United States,Charlotte,North Carolina,28205.0,South,OFF-AP-10001005,Office Supplies,Appliances,Honeywell Quietcare HEPA Air Cleaner,62.92
1841,CA-2015-117345,01/08/2015,05/08/2015,Standard Class,BF-10975,Barbara Fisher,Corporate,United States,Charlotte,North Carolina,28205.0,South,OFF-PA-10002377,Office Supplies,Paper,Xerox 1916,78.304
1845,US-2018-113852,29/07/2018,02/08/2018,Standard Class,GW-14605,Giulietta Weimer,Consumer,United States,Seattle,Washington,98115.0,West,TEC-AC-10003027,Technology,Accessories,Imation 8GB Mini TravelDrive USB 2.0 Flash Drive,90.57
1852,CA-2016-160472,20/07/2016,25/07/2016,Second Class,RK-19300,Ralph Kennedy,Consumer,United States,South Bend,Indiana,46614.0,Central,OFF-PA-10000528,Office Supplies,Paper,Xerox 1981,26.4
1859,CA-2016-121608,03/09/2016,05/09/2016,First Class,JB-15400,Jennifer Braxton,Corporate,United States,Bristol,Connecticut,6010.0,East,OFF-AP-10002311,Office Supplies,Appliances,"Holmes Replacement Filter for HEPA Air Cleaner, Very Large Room, HEPA Filter",137.62
1861,US-2018-121251,26/03/2018,27/03/2018,First Class,GM-14440,Gary McGarr,Consumer,United States,New York City,New York,10009.0,East,FUR-BO-10001918,Furniture,Bookcases,"Sauder Forest Hills Library with Doors, Woodland Oak Finish",257.568
1863,CA-2015-151078,12/11/2015,12/11/2015,Same Day,RF-19840,Roy Französisch,Consumer,United States,San Antonio,Texas,78207.0,Central,OFF-ST-10001328,Office Supplies,Storage,"Personal Filing Tote with Lid, Black/Gray",49.632
1865,US-2017-100839,13/10/2017,17/10/2017,Standard Class,NC-18625,Noah Childs,Corporate,United States,Aurora,Colorado,80013.0,West,FUR-FU-10001617,Furniture,Furnishings,"Executive Impressions 8-1/2"" Career Panel/Partition Cubicle Clock",24.96
1868,CA-2016-127110,25/06/2016,01/07/2016,Standard Class,CH-12070,Cathy Hwang,Home Office,United States,Philadelphia,Pennsylvania,19143.0,East,OFF-PA-10003309,Office Supplies,Paper,Xerox 211,31.104
1871,CA-2015-116932,21/07/2015,25/07/2015,Standard Class,ME-18010,Michelle Ellison,Corporate,United States,San Francisco,California,94122.0,West,OFF-AR-10002067,Office Supplies,Art,Newell 334,99.2
1878,CA-2018-118885,29/12/2018,02/01/2019,Standard Class,JG-15160,James Galang,Consumer,United States,Los Angeles,California,90049.0,West,FUR-CH-10002880,Furniture,Chairs,"Global High-Back Leather Tilter, Burgundy",393.568
1881,CA-2016-109512,05/03/2016,05/03/2016,Same Day,LF-17185,Luke Foster,Consumer,United States,New York City,New York,10011.0,East,OFF-EN-10002621,Office Supplies,Envelopes,Staple envelope,29.34
1889,CA-2015-142587,21/10/2015,22/10/2015,First Class,TB-21520,Tracy Blumstein,Consumer,United States,Fairfield,Ohio,45014.0,East,OFF-AP-10004708,Office Supplies,Appliances,Fellowes Superior 10 Outlet Split Surge Protector,121.792
1892,CA-2015-157623,14/03/2015,18/03/2015,Standard Class,DK-13225,Dean Katz,Corporate,United States,Huntington Beach,California,92646.0,West,OFF-AR-10003723,Office Supplies,Art,Avery Hi-Liter Fluorescent Desk Style Markers,3.38
1898,CA-2015-169775,29/08/2015,02/09/2015,Second Class,RA-19945,Ryan Akin,Consumer,United States,Miami,Florida,33178.0,South,OFF-EN-10001749,Office Supplies,Envelopes,Jiffy Padded Mailers with Self-Seal Closure,29.808
1902,CA-2017-151141,20/08/2017,23/08/2017,First Class,DW-13480,Dianna Wilson,Home Office,United States,Detroit,Michigan,48205.0,Central,TEC-PH-10004924,Technology,Phones,"SKILCRAFT Telephone Shoulder Rest, 2"" x 6.5"" x 2.5"", Black",14.78
1916,CA-2018-124597,30/04/2018,05/05/2018,Standard Class,AS-10630,Ann Steele,Home Office,United States,Boynton Beach,Florida,33437.0,South,OFF-AR-10002280,Office Supplies,Art,Staples in misc. colors,15.528
1917,CA-2018-124597,30/04/2018,05/05/2018,Standard Class,AS-10630,Ann Steele,Home Office,United States,Boynton Beach,Florida,33437.0,South,OFF-LA-10001569,Office Supplies,Labels,Avery 499,11.952
1919,CA-2016-123673,30/10/2016,01/11/2016,Second Class,CH-12070,Cathy Hwang,Home Office,United States,Detroit,Michigan,48227.0,Central,TEC-PH-10001809,Technology,Phones,Panasonic KX T7736-B Digital phone,299.9
1920,US-2018-111423,17/08/2018,19/08/2018,First Class,EH-13765,Edward Hooks,Corporate,United States,Watertown,New York,13601.0,East,OFF-BI-10003091,Office Supplies,Binders,GBC DocuBind TL200 Manual Binding Machine,895.92
1922,CA-2016-125178,03/10/2016,09/10/2016,Standard Class,MZ-17515,Mary Zewe,Corporate,United States,Reading,Pennsylvania,19601.0,East,OFF-ST-10002562,Office Supplies,Storage,Staple magnet,15.008
1923,CA-2017-156685,08/07/2017,10/07/2017,Second Class,SC-20230,Scot Coram,Corporate,United States,Arlington,Texas,76017.0,Central,TEC-PH-10004345,Technology,Phones,Cisco SPA 502G IP Phone,863.64
1927,US-2017-139710,09/06/2017,15/06/2017,Standard Class,GM-14680,Greg Matthias,Consumer,United States,Los Angeles,California,90045.0,West,TEC-PH-10001198,Technology,Phones,Avaya 4621SW VoIP phone,177.48
1929,US-2018-101539,16/03/2018,18/03/2018,Second Class,VM-21685,Valerie Mitchum,Home Office,United States,Seattle,Washington,98105.0,West,OFF-PA-10001972,Office Supplies,Paper,Xerox 214,6.48
1935,CA-2018-101245,27/11/2018,03/12/2018,Standard Class,LW-16990,Lindsay Williams,Corporate,United States,San Francisco,California,94109.0,West,OFF-PA-10003129,Office Supplies,Paper,Tops White Computer Printout Paper,244.55
1938,CA-2017-112109,08/07/2017,12/07/2017,Standard Class,JE-15715,Joe Elijah,Consumer,United States,Broomfield,Colorado,80020.0,West,OFF-BI-10002082,Office Supplies,Binders,GBC Twin Loop Wire Binding Elements,19.968
1942,CA-2018-144064,29/08/2018,01/09/2018,First Class,CP-12085,Cathy Prescott,Corporate,United States,Quincy,Illinois,62301.0,Central,OFF-LA-10004544,Office Supplies,Labels,Avery 505,47.36
1946,CA-2017-108581,20/06/2017,26/06/2017,Standard Class,EA-14035,Erin Ashbrook,Corporate,United States,Carrollton,Texas,75007.0,Central,OFF-PA-10000809,Office Supplies,Paper,Xerox 206,10.368
1953,CA-2018-157987,02/09/2018,06/09/2018,Standard Class,AC-10615,Ann Chong,Corporate,United States,New York City,New York,10009.0,East,OFF-LA-10001641,Office Supplies,Labels,Avery 518,18.9
1955,CA-2018-157987,02/09/2018,06/09/2018,Standard Class,AC-10615,Ann Chong,Corporate,United States,New York City,New York,10009.0,East,OFF-AR-10004582,Office Supplies,Art,BIC Brite Liner Grip Highlighters,4.92
1958,CA-2018-157987,02/09/2018,06/09/2018,Standard Class,AC-10615,Ann Chong,Corporate,United States,New York City,New York,10009.0,East,OFF-PA-10003893,Office Supplies,Paper,Xerox 1962,17.12
1963,CA-2018-110905,10/09/2018,15/09/2018,Second Class,RW-19690,Robert Waldorf,Consumer,United States,Springfield,Missouri,65807.0,Central,OFF-BI-10002954,Office Supplies,Binders,Newell 3-Hole Punched Plastic Slotted Magazine Holders for Binders,13.71
1964,CA-2018-110905,10/09/2018,15/09/2018,Second Class,RW-19690,Robert Waldorf,Consumer,United States,Springfield,Missouri,65807.0,Central,OFF-PA-10002586,Office Supplies,Paper,Xerox 1970,24.9
1966,CA-2018-110905,10/09/2018,15/09/2018,Second Class,RW-19690,Robert Waldorf,Consumer,United States,Springfield,Missouri,65807.0,Central,OFF-AP-10003281,Office Supplies,Appliances,Acco 6 Outlet Guardian Standard Surge Suppressor,24.18
1972,CA-2018-140242,06/05/2018,11/05/2018,Standard Class,ML-17755,Max Ludwig,Home Office,United States,Chicago,Illinois,60623.0,Central,TEC-AC-10004659,Technology,Accessories,Imation Secure+ Hardware Encrypted USB 2.0 Flash Drive; 16GB,408.744
1979,CA-2016-109939,08/05/2016,12/05/2016,Standard Class,AA-10375,Allen Armold,Consumer,United States,Salem,Oregon,97301.0,West,OFF-AR-10000127,Office Supplies,Art,Newell 321,5.248
1982,CA-2016-119592,14/12/2016,16/12/2016,Second Class,MM-18280,Muhammed MacIntyre,Corporate,United States,Columbus,Georgia,31907.0,South,OFF-BI-10004187,Office Supplies,Binders,3-ring staple pack,3.76
1983,CA-2015-122749,03/12/2015,09/12/2015,Standard Class,NG-18430,Nathan Gelder,Consumer,United States,Oklahoma City,Oklahoma,73120.0,Central,TEC-PH-10003811,Technology,Phones,Jabra Supreme Plus Driver Edition Headset,479.96
1985,CA-2015-164721,25/11/2015,27/11/2015,Second Class,LW-16825,Laurel Workman,Corporate,United States,Brentwood,California,94513.0,West,FUR-FU-10001940,Furniture,Furnishings,Staple-based wall hangings,23.88
1990,CA-2016-127509,09/11/2016,13/11/2016,Standard Class,AS-10090,Adam Shillingsburg,Consumer,United States,Springfield,Missouri,65807.0,Central,OFF-EN-10000781,Office Supplies,Envelopes,"#10- 4 1/8"" x 9 1/2"" Recycled Envelopes",26.22
1993,CA-2018-133648,25/06/2018,02/07/2018,Standard Class,ML-17755,Max Ludwig,Home Office,United States,Springfield,Oregon,97477.0,West,OFF-LA-10003923,Office Supplies,Labels,Alphabetical Labels for Top Tab Filing,71.04
1996,US-2018-147221,02/12/2018,04/12/2018,Second Class,JS-16030,Joy Smith,Consumer,United States,Houston,Texas,77036.0,Central,OFF-AP-10002534,Office Supplies,Appliances,3.6 Cubic Foot Counter Height Office Refrigerator,294.62
2003,CA-2018-163510,25/12/2018,28/12/2018,Second Class,JW-15955,Joni Wasserman,Consumer,United States,Louisville,Kentucky,40214.0,South,OFF-ST-10000563,Office Supplies,Storage,Fellowes Bankers Box Stor/Drawer Steel Plus,95.94
2005,US-2018-143028,11/04/2018,18/04/2018,Standard Class,SC-20050,Sample Company A,Home Office,United States,Lubbock,Texas,79424.0,Central,OFF-BI-10004738,Office Supplies,Binders,Flexible Leather- Look Classic Collection Ring Binder,11.364
2007,CA-2015-111150,31/12/2015,04/01/2016,Standard Class,RW-19630,Rob Williams,Corporate,United States,Columbia,Missouri,65203.0,Central,TEC-AC-10000290,Technology,Accessories,Sabrent 4-Port USB 2.0 Hub,47.53
2009,CA-2015-116407,15/11/2015,21/11/2015,Standard Class,JF-15190,Jamie Frazer,Consumer,United States,Johnson City,Tennessee,37604.0,South,OFF-AR-10001315,Office Supplies,Art,Newell 310,4.224
2013,CA-2016-155761,11/12/2016,11/12/2016,Same Day,SC-20800,Stuart Calhoun,Consumer,United States,Houston,Texas,77041.0,Central,OFF-ST-10000943,Office Supplies,Storage,Eldon ProFile File 'N Store Portable File Tub Letter/Legal Size Black,46.344
2014,CA-2017-145905,18/09/2017,23/09/2017,Standard Class,AM-10705,Anne McFarland,Consumer,United States,Auburn,Alabama,36830.0,South,FUR-CH-10001854,Furniture,Chairs,Office Star - Professional Matrix Back Chair with 2-to-1 Synchro Tilt and Mesh Fabric Seat,350.98
2019,CA-2016-113110,19/03/2016,23/03/2016,Standard Class,BK-11260,Berenike Kampe,Consumer,United States,San Bernardino,California,92404.0,West,OFF-SU-10001165,Office Supplies,Supplies,Acme Elite Stainless Steel Scissors,33.36
2023,CA-2017-168354,19/09/2017,21/09/2017,First Class,RH-19510,Rick Huthwaite,Home Office,United States,Providence,Rhode Island,2908.0,East,OFF-BI-10004826,Office Supplies,Binders,JM Magazine Binder,49.53
2026,CA-2016-114237,13/03/2016,15/03/2016,First Class,MC-17275,Marc Crier,Consumer,United States,Seattle,Washington,98103.0,West,FUR-BO-10004409,Furniture,Bookcases,"Safco Value Mate Series Steel Bookcases, Baked Enamel Finish on Steel, Gray",141.96
2030,CA-2016-117961,26/11/2016,30/11/2016,Standard Class,GP-14740,Guy Phonely,Corporate,United States,Leominster,Massachusetts,1453.0,East,OFF-ST-10001172,Office Supplies,Storage,"Tennsco Lockers, Sand",104.9
2035,CA-2018-162481,25/09/2018,29/09/2018,Standard Class,CT-11995,Carol Triggs,Consumer,United States,Rochester,Minnesota,55901.0,Central,OFF-BI-10002976,Office Supplies,Binders,ACCOHIDE Binder by Acco,8.26
2037,CA-2016-119214,23/01/2016,27/01/2016,Standard Class,CW-11905,Carl Weiss,Home Office,United States,Bozeman,Montana,59715.0,West,OFF-PA-10002893,Office Supplies,Paper,"Wirebound Service Call Books, 5 1/2"" x 4""",29.04
2040,CA-2016-122287,18/06/2016,23/06/2016,Standard Class,SN-20560,Skye Norling,Home Office,United States,Peoria,Arizona,85345.0,West,OFF-BI-10004656,Office Supplies,Binders,Peel & Stick Add-On Corner Pockets,4.536
2046,CA-2017-131835,17/07/2017,21/07/2017,Standard Class,MC-17590,Matt Collister,Corporate,United States,Perth Amboy,New Jersey,8861.0,East,OFF-AP-10004487,Office Supplies,Appliances,Kensington 4 Outlet MasterPiece Compact Power Control Center,162.64
2055,CA-2017-136434,01/12/2017,07/12/2017,Standard Class,RD-19480,Rick Duston,Consumer,United States,Richmond,Indiana,47374.0,Central,FUR-FU-10001196,Furniture,Furnishings,DAX Cubicle Frames - 8x10,17.31
2056,CA-2018-120376,22/12/2018,25/12/2018,First Class,TP-21130,Theone Pippenger,Consumer,United States,Detroit,Michigan,48227.0,Central,TEC-AC-10001114,Technology,Accessories,Microsoft Wireless Mobile Mouse 4000,199.95
2058,CA-2018-120376,22/12/2018,25/12/2018,First Class,TP-21130,Theone Pippenger,Consumer,United States,Detroit,Michigan,48227.0,Central,TEC-AC-10000844,Technology,Accessories,Logitech Gaming G510s - Keyboard,84.99
2059,CA-2018-120376,22/12/2018,25/12/2018,First Class,TP-21130,Theone Pippenger,Consumer,United States,Detroit,Michigan,48227.0,Central,FUR-TA-10004534,Furniture,Tables,Bevis 44 x 96 Conference Tables,411.8
2064,CA-2015-106439,31/10/2015,04/11/2015,Standard Class,GG-14650,Greg Guthrie,Corporate,United States,Los Angeles,California,90049.0,West,OFF-BI-10004209,Office Supplies,Binders,"Fellowes Twister Kit, Gray/Clear, 3/pkg",19.296
2068,CA-2015-106439,31/10/2015,04/11/2015,Standard Class,GG-14650,Greg Guthrie,Corporate,United States,Los Angeles,California,90049.0,West,OFF-AR-10001419,Office Supplies,Art,Newell 325,12.39
2073,CA-2017-129693,26/11/2017,02/12/2017,Standard Class,TC-20980,Tamara Chand,Corporate,United States,Seattle,Washington,98105.0,West,OFF-BI-10002954,Office Supplies,Binders,Newell 3-Hole Punched Plastic Slotted Magazine Holders for Binders,7.312
2076,CA-2015-131051,01/12/2015,05/12/2015,Standard Class,TR-21325,Toby Ritter,Consumer,United States,San Francisco,California,94122.0,West,FUR-FU-10001861,Furniture,Furnishings,"Floodlight Indoor Halogen Bulbs, 1 Bulb per Pack, 60 Watts",58.2
2084,CA-2015-110352,23/11/2015,29/11/2015,Standard Class,ED-13885,Emily Ducich,Home Office,United States,Houston,Texas,77036.0,Central,OFF-LA-10003923,Office Supplies,Labels,Alphabetical Labels for Top Tab Filing,23.68
2085,CA-2017-140501,23/06/2017,28/06/2017,Standard Class,IM-15070,Irene Maddox,Consumer,United States,New York City,New York,10009.0,East,OFF-LA-10003510,Office Supplies,Labels,"Avery 4027 File Folder Labels for Dot Matrix Printers, 5000 Labels per Box, White",122.12
2088,CA-2017-140501,23/06/2017,28/06/2017,Standard Class,IM-15070,Irene Maddox,Consumer,United States,New York City,New York,10009.0,East,OFF-PA-10003129,Office Supplies,Paper,Tops White Computer Printout Paper,146.73
2089,CA-2017-140501,23/06/2017,28/06/2017,Standard Class,IM-15070,Irene Maddox,Consumer,United States,New York City,New York,10009.0,East,OFF-FA-10004076,Office Supplies,Fasteners,Translucent Push Pins by OIC,3.96
2090,CA-2016-139290,26/10/2016,30/10/2016,Standard Class,MY-17380,Maribeth Yedwab,Corporate,United States,Rancho Cucamonga,California,91730.0,West,OFF-LA-10004008,Office Supplies,Labels,Avery 507,5.76
2095,US-2016-164357,25/11/2016,29/11/2016,Standard Class,SF-20065,Sandra Flanagan,Consumer,United States,Wilmington,North Carolina,28403.0,South,OFF-AR-10001177,Office Supplies,Art,Newell 349,13.12
2099,CA-2018-124401,07/09/2018,12/09/2018,Standard Class,RD-19900,Ruben Dartt,Consumer,United States,Portland,Oregon,97206.0,West,OFF-ST-10000649,Office Supplies,Storage,Hanging Personal Folder File,37.68
2108,CA-2016-164882,31/10/2016,31/10/2016,Same Day,SG-20080,Sandra Glassco,Consumer,United States,Redlands,California,92374.0,West,OFF-PA-10000157,Office Supplies,Paper,Xerox 191,19.98
2109,CA-2016-164882,31/10/2016,31/10/2016,Same Day,SG-20080,Sandra Glassco,Consumer,United States,Redlands,California,92374.0,West,OFF-BI-10004519,Office Supplies,Binders,GBC DocuBind P100 Manual Binding Machine,398.352
2110,CA-2016-164882,31/10/2016,31/10/2016,Same Day,SG-20080,Sandra Glassco,Consumer,United States,Redlands,California,92374.0,West,OFF-AR-10004272,Office Supplies,Art,Newell 308,5.04
2111,CA-2016-164882,31/10/2016,31/10/2016,Same Day,SG-20080,Sandra Glassco,Consumer,United States,Redlands,California,92374.0,West,OFF-FA-10000585,Office Supplies,Fasteners,OIC Bulk Pack Metal Binder Clips,17.45
2112,CA-2016-164882,31/10/2016,31/10/2016,Same Day,SG-20080,Sandra Glassco,Consumer,United States,Redlands,California,92374.0,West,FUR-CH-10004218,Furniture,Chairs,"Global Fabric Manager's Chair, Dark Gray",323.136
2115,CA-2016-164882,31/10/2016,31/10/2016,Same Day,SG-20080,Sandra Glassco,Consumer,United States,Redlands,California,92374.0,West,OFF-ST-10003638,Office Supplies,Storage,Mobile Personal File Cube,46.84
2116,CA-2016-164882,31/10/2016,31/10/2016,Same Day,SG-20080,Sandra Glassco,Consumer,United States,Redlands,California,92374.0,West,FUR-BO-10002213,Furniture,Bookcases,DMI Eclipse Executive Suite Bookcases,425.833
2120,CA-2018-155460,13/04/2018,15/04/2018,First Class,RW-19630,Rob Williams,Corporate,United States,Seattle,Washington,98105.0,West,OFF-BI-10003091,Office Supplies,Binders,GBC DocuBind TL200 Manual Binding Machine,895.92
2122,CA-2018-158246,09/11/2018,11/11/2018,First Class,JB-15400,Jennifer Braxton,Corporate,United States,Sunnyvale,California,94086.0,West,FUR-CH-10003061,Furniture,Chairs,"Global Leather Task Chair, Black",215.976
2123,CA-2018-167381,22/09/2018,24/09/2018,Second Class,EH-14005,Erica Hernandez,Home Office,United States,Lansing,Michigan,48911.0,Central,FUR-BO-10001972,Furniture,Bookcases,O'Sullivan 4-Shelf Bookcase in Odessa Pine,241.96
2125,CA-2018-144862,01/12/2018,05/12/2018,Standard Class,EH-14005,Erica Hernandez,Home Office,United States,Philadelphia,Pennsylvania,19143.0,East,OFF-EN-10003040,Office Supplies,Envelopes,Quality Park Security Envelopes,104.68
2128,CA-2016-134859,04/10/2016,09/10/2016,Standard Class,JK-16120,Julie Kriz,Home Office,United States,Philadelphia,Pennsylvania,19134.0,East,FUR-FU-10003623,Furniture,Furnishings,"DataProducts Ampli Magnifier Task Lamp, Black,",64.944
2129,CA-2016-134859,04/10/2016,09/10/2016,Standard Class,JK-16120,Julie Kriz,Home Office,United States,Philadelphia,Pennsylvania,19134.0,East,OFF-PA-10001293,Office Supplies,Paper,Xerox 1946,20.736
2130,US-2015-114188,20/05/2015,22/05/2015,Second Class,RF-19345,Randy Ferguson,Corporate,United States,Dover,New Hampshire,3820.0,East,OFF-AP-10000124,Office Supplies,Appliances,Acco 6 Outlet Guardian Basic Surge Suppressor,33.28
2132,US-2015-114188,20/05/2015,22/05/2015,Second Class,RF-19345,Randy Ferguson,Corporate,United States,Dover,New Hampshire,3820.0,East,FUR-FU-10000076,Furniture,Furnishings,24-Hour Round Wall Clock,139.86
2133,CA-2016-156524,20/11/2016,26/11/2016,Standard Class,DL-12865,Dan Lawera,Consumer,United States,New York City,New York,10011.0,East,OFF-PA-10003883,Office Supplies,Paper,"Message Book, Phone, Wirebound Standard Line Memo, 2 3/4"" X 5""",19.65
2134,CA-2016-122210,30/11/2016,04/12/2016,Standard Class,WB-21850,William Brown,Consumer,United States,Philadelphia,Pennsylvania,19134.0,East,OFF-BI-10003656,Office Supplies,Binders,Fellowes PB200 Plastic Comb Binding Machine,152.991
2135,CA-2016-122210,30/11/2016,04/12/2016,Standard Class,WB-21850,William Brown,Consumer,United States,Philadelphia,Pennsylvania,19134.0,East,OFF-FA-10000053,Office Supplies,Fasteners,Revere Boxed Rubber Bands by Revere,10.584
2139,US-2018-157896,16/11/2018,16/11/2018,Same Day,CB-12415,Christy Brittain,Consumer,United States,New York City,New York,10009.0,East,OFF-PA-10004092,Office Supplies,Paper,Tops Green Bar Computer Printout Paper,146.82
2143,CA-2017-155481,01/09/2017,05/09/2017,Standard Class,DK-13225,Dean Katz,Corporate,United States,Philadelphia,Pennsylvania,19140.0,East,OFF-PA-10004675,Office Supplies,Paper,"Telephone Message Books with Fax/Mobile Section, 5 1/2"" x 3 3/16""",30.48
2146,US-2017-152051,25/06/2017,29/06/2017,Standard Class,TS-21160,Theresa Swint,Corporate,United States,York,Pennsylvania,17403.0,East,FUR-CH-10002965,Furniture,Chairs,"Global Leather Highback Executive Chair with Pneumatic Height Adjustment, Black",422.058
2148,US-2017-152051,25/06/2017,29/06/2017,Standard Class,TS-21160,Theresa Swint,Corporate,United States,York,Pennsylvania,17403.0,East,OFF-ST-10001713,Office Supplies,Storage,"Gould Plastics 9-Pocket Panel Bin, 18-3/8w x 5-1/4d x 20-1/2h, Black",254.352
2150,CA-2018-102771,31/03/2018,05/04/2018,Standard Class,DO-13435,Denny Ordway,Consumer,United States,New York City,New York,10035.0,East,TEC-PH-10001536,Technology,Phones,Spigen Samsung Galaxy S5 Case Wallet,84.95
2151,US-2018-139969,19/11/2018,26/11/2018,Standard Class,AF-10870,Art Ferguson,Consumer,United States,College Station,Texas,77840.0,Central,FUR-CH-10001973,Furniture,Chairs,Office Star Flex Back Scooter Chair with White Frame,233.058
2153,CA-2016-123505,22/11/2016,26/11/2016,Standard Class,AR-10540,Andy Reiter,Consumer,United States,Quincy,Massachusetts,2169.0,East,OFF-PA-10002586,Office Supplies,Paper,Xerox 1970,14.94
2155,US-2017-120460,30/04/2017,05/05/2017,Standard Class,BF-11170,Ben Ferrer,Home Office,United States,Dallas,Texas,75081.0,Central,FUR-FU-10004973,Furniture,Furnishings,Flat Face Poster Frame,22.608
2158,CA-2015-124646,22/06/2015,24/06/2015,First Class,DV-13465,Dianna Vittorini,Consumer,United States,Minneapolis,Minnesota,55407.0,Central,OFF-ST-10001469,Office Supplies,Storage,Fellowes Bankers Box Recycled Super Stor/Drawer,161.94
2165,CA-2017-154018,13/10/2017,19/10/2017,Standard Class,HA-14920,Helen Andreada,Consumer,United States,Laredo,Texas,78041.0,Central,OFF-PA-10000551,Office Supplies,Paper,Array Memo Cubes,8.288
2166,CA-2017-154018,13/10/2017,19/10/2017,Standard Class,HA-14920,Helen Andreada,Consumer,United States,Laredo,Texas,78041.0,Central,FUR-FU-10003394,Furniture,Furnishings,"Tenex ""The Solids"" Textured Chair Mats",139.92
2167,CA-2017-154018,13/10/2017,19/10/2017,Standard Class,HA-14920,Helen Andreada,Consumer,United States,Laredo,Texas,78041.0,Central,OFF-AR-10002067,Office Supplies,Art,Newell 334,15.872
2168,CA-2017-154018,13/10/2017,19/10/2017,Standard Class,HA-14920,Helen Andreada,Consumer,United States,Laredo,Texas,78041.0,Central,OFF-BI-10004140,Office Supplies,Binders,Avery Non-Stick Binders,6.286
2169,CA-2018-117870,27/01/2018,30/01/2018,Second Class,JH-15820,John Huston,Consumer,United States,Kent,Ohio,44240.0,East,OFF-AR-10004078,Office Supplies,Art,Newell 312,14.016
2174,CA-2017-112025,30/07/2017,04/08/2017,Standard Class,LS-16975,Lindsay Shagiari,Home Office,United States,Houston,Texas,77070.0,Central,OFF-BI-10002353,Office Supplies,Binders,GBC VeloBind Cover Sets,9.264
2176,CA-2017-125738,15/10/2017,21/10/2017,Standard Class,PB-18805,Patrick Bzostek,Home Office,United States,Salt Lake City,Utah,84106.0,West,OFF-PA-10000740,Office Supplies,Paper,Xerox 1982,45.68
2178,CA-2017-125738,15/10/2017,21/10/2017,Standard Class,PB-18805,Patrick Bzostek,Home Office,United States,Salt Lake City,Utah,84106.0,West,OFF-BI-10001628,Office Supplies,Binders,"Acco Data Flex Cable Posts For Top & Bottom Load Binders, 6"" Capacity",41.72
2179,CA-2017-125738,15/10/2017,21/10/2017,Standard Class,PB-18805,Patrick Bzostek,Home Office,United States,Salt Lake City,Utah,84106.0,West,OFF-PA-10001509,Office Supplies,Paper,"Recycled Desk Saver Line ""While You Were Out"" Book, 5 1/2"" X 4""",71.6
2184,CA-2017-128818,07/05/2017,11/05/2017,Standard Class,CJ-12010,Caroline Jumper,Consumer,United States,New York City,New York,10009.0,East,TEC-AC-10001767,Technology,Accessories,SanDisk Ultra 64 GB MicroSDHC Class 10 Memory Card,199.95
2190,CA-2018-143063,10/08/2018,15/08/2018,Standard Class,IL-15100,Ivan Liston,Consumer,United States,Columbus,Indiana,47201.0,Central,TEC-PH-10003645,Technology,Phones,Aastra 57i VoIP phone,1454.49
2192,CA-2017-128412,10/12/2017,17/12/2017,Standard Class,AP-10915,Arthur Prichep,Consumer,United States,Seattle,Washington,98105.0,West,OFF-BI-10001718,Office Supplies,Binders,GBC DocuBind P50 Personal Binding Machine,153.552
2200,CA-2016-135363,28/03/2016,02/04/2016,Standard Class,CK-12205,Chloris Kastensmidt,Consumer,United States,Philadelphia,Pennsylvania,19120.0,East,OFF-PA-10000533,Office Supplies,Paper,Southworth Parchment Paper & Envelopes,5.232
2211,CA-2015-125556,14/11/2015,16/11/2015,Second Class,ML-17410,Maris LaWare,Consumer,United States,Fairfield,Connecticut,6824.0,East,OFF-BI-10003460,Office Supplies,Binders,Acco 3-Hole Punch,43.8
2214,CA-2018-129378,01/10/2018,02/10/2018,First Class,NS-18505,Neola Schneider,Consumer,United States,San Jose,California,95123.0,West,OFF-BI-10002012,Office Supplies,Binders,Wilson Jones Easy Flow II Sheet Lifters,1.44
2215,CA-2018-129378,01/10/2018,02/10/2018,First Class,NS-18505,Neola Schneider,Consumer,United States,San Jose,California,95123.0,West,OFF-BI-10001922,Office Supplies,Binders,Storex Dura Pro Binders,61.776
2216,CA-2018-129378,01/10/2018,02/10/2018,First Class,NS-18505,Neola Schneider,Consumer,United States,San Jose,California,95123.0,West,OFF-AP-10000576,Office Supplies,Appliances,"Belkin 325VA UPS Surge Protector, 6'",241.96
2222,CA-2016-131884,06/12/2016,06/12/2016,Same Day,DK-13375,Dennis Kane,Consumer,United States,Marion,Ohio,43302.0,East,TEC-PH-10001578,Technology,Phones,Polycom SoundStation2 EX Conference phone,485.94
2224,CA-2016-131884,06/12/2016,06/12/2016,Same Day,DK-13375,Dennis Kane,Consumer,United States,Marion,Ohio,43302.0,East,FUR-CH-10004860,Furniture,Chairs,Global Low Back Tilter Chair,70.686
2226,CA-2017-106383,19/03/2017,21/03/2017,Second Class,BT-11440,Bobby Trafton,Consumer,United States,Littleton,Colorado,80122.0,West,FUR-BO-10002202,Furniture,Bookcases,"Atlantic Metals Mobile 2-Shelf Bookcases, Custom Colors",72.294
2228,CA-2018-130771,29/07/2018,03/08/2018,Standard Class,LA-16780,Laura Armstrong,Corporate,United States,Austin,Texas,78745.0,Central,TEC-PH-10002496,Technology,Phones,Cisco SPA301,124.792
2229,CA-2017-139157,01/10/2017,05/10/2017,Standard Class,GM-14680,Greg Matthias,Consumer,United States,New York City,New York,10024.0,East,FUR-TA-10003238,Furniture,Tables,"Chromcraft Bull-Nose Wood 48"" x 96"" Rectangular Conference Tables",330.588
2232,CA-2018-157091,26/06/2018,01/07/2018,Standard Class,DB-13405,Denny Blanton,Consumer,United States,La Porte,Indiana,46350.0,Central,FUR-FU-10000293,Furniture,Furnishings,Eldon Antistatic Chair Mats for Low to Medium Pile Carpets,526.45
2233,CA-2018-132122,09/07/2018,14/07/2018,Standard Class,JH-15820,John Huston,Consumer,United States,Chicago,Illinois,60610.0,Central,OFF-ST-10003692,Office Supplies,Storage,Recycled Steel Personal File for Hanging File Folders,228.92
2234,CA-2016-123232,14/12/2016,16/12/2016,Second Class,DJ-13630,Doug Jacobs,Consumer,United States,Portland,Oregon,97206.0,West,TEC-PH-10001051,Technology,Phones,HTC One,319.968
2235,CA-2018-104066,05/12/2018,10/12/2018,Standard Class,QJ-19255,Quincy Jones,Corporate,United States,Burlington,Vermont,,East,TEC-AC-10001013,Technology,Accessories,Logitech ClearChat Comfort/USB Headset H390,205.03
2240,CA-2017-146633,15/11/2017,17/11/2017,Second Class,TG-21310,Toby Gnade,Consumer,United States,Los Angeles,California,90049.0,West,OFF-BI-10003527,Office Supplies,Binders,Fellowes PB500 Electric Punch Plastic Comb Binding Machine with Manual Bind,1016.792
2246,CA-2018-103380,21/11/2018,25/11/2018,Standard Class,BF-11005,Barry Franz,Home Office,United States,Pasadena,California,91104.0,West,OFF-AP-10001492,Office Supplies,Appliances,"Acco Six-Outlet Power Strip, 4' Cord Length",8.62
2247,CA-2018-103380,21/11/2018,25/11/2018,Standard Class,BF-11005,Barry Franz,Home Office,United States,Pasadena,California,91104.0,West,TEC-PH-10004165,Technology,Phones,Mitel MiVoice 5330e IP Phone,659.976
2249,CA-2016-116092,15/02/2016,18/02/2016,Second Class,JM-16195,Justin MacKendrick,Consumer,United States,Los Angeles,California,90004.0,West,OFF-BI-10001628,Office Supplies,Binders,"Acco Data Flex Cable Posts For Top & Bottom Load Binders, 6"" Capacity",41.72
2250,CA-2016-116092,15/02/2016,18/02/2016,Second Class,JM-16195,Justin MacKendrick,Consumer,United States,Los Angeles,California,90004.0,West,OFF-BI-10000546,Office Supplies,Binders,Avery Durable Binders,11.52
2252,CA-2016-116092,15/02/2016,18/02/2016,Second Class,JM-16195,Justin MacKendrick,Consumer,United States,Los Angeles,California,90004.0,West,OFF-PA-10000477,Office Supplies,Paper,Xerox 22,19.44
2253,CA-2017-117849,15/04/2017,17/04/2017,Second Class,JK-16120,Julie Kriz,Home Office,United States,San Diego,California,92105.0,West,OFF-PA-10004327,Office Supplies,Paper,Xerox 1911,143.7
2255,CA-2016-169201,28/09/2016,01/10/2016,First Class,HG-14965,Henry Goldwyn,Corporate,United States,San Francisco,California,94110.0,West,OFF-AP-10002082,Office Supplies,Appliances,Holmes HEPA Air Purifier,43.56
2261,CA-2016-117611,08/11/2016,10/11/2016,Second Class,MZ-17335,Maria Zettner,Home Office,United States,San Diego,California,92024.0,West,TEC-AC-10002049,Technology,Accessories,Logitech G19 Programmable Gaming Keyboard,371.97
2265,CA-2017-131065,14/11/2017,16/11/2017,Second Class,AA-10375,Allen Armold,Consumer,United States,Atlanta,Georgia,30318.0,South,OFF-PA-10002479,Office Supplies,Paper,Xerox 4200 Series MultiUse Premium Copy Paper (20Lb. and 84 Bright),5.28
2267,CA-2018-149146,12/10/2018,12/10/2018,Same Day,SM-20320,Sean Miller,Home Office,United States,Monroe,North Carolina,28110.0,South,OFF-PA-10003919,Office Supplies,Paper,Xerox 1989,7.968
2269,CA-2018-105480,20/12/2018,26/12/2018,Standard Class,DK-13225,Dean Katz,Corporate,United States,Rochester,New York,14609.0,East,OFF-PA-10002787,Office Supplies,Paper,Xerox 227,6.48
2271,CA-2018-164917,02/12/2018,07/12/2018,Standard Class,MK-17905,Michael Kennedy,Corporate,United States,Miami,Florida,33180.0,South,OFF-AR-10004344,Office Supplies,Art,Bulldog Vacuum Base Pencil Sharpener,47.96
2273,CA-2016-142944,06/03/2016,11/03/2016,Standard Class,JL-15850,John Lucas,Consumer,United States,San Francisco,California,94122.0,West,FUR-FU-10000308,Furniture,Furnishings,Deflect-o Glass Clear Studded Chair Mats,435.26
2274,CA-2016-142944,06/03/2016,11/03/2016,Standard Class,JL-15850,John Lucas,Consumer,United States,San Francisco,California,94122.0,West,TEC-CO-10003763,Technology,Copiers,Canon PC1060 Personal Laser Copier,1119.984
2276,CA-2015-157882,03/10/2015,08/10/2015,Second Class,AR-10405,Allen Rosenblatt,Corporate,United States,Los Angeles,California,90036.0,West,FUR-CH-10002774,Furniture,Chairs,"Global Deluxe Stacking Chair, Gray",122.352
2277,CA-2015-104283,27/06/2015,01/07/2015,Standard Class,LM-17065,Liz MacKendrick,Consumer,United States,Southaven,Mississippi,38671.0,South,OFF-ST-10004337,Office Supplies,Storage,"SAFCO Commercial Wire Shelving, 72h",306.2
2287,CA-2018-165687,17/11/2018,23/11/2018,Standard Class,CS-12355,Christine Sundaresam,Consumer,United States,Salem,Virginia,24153.0,South,OFF-AP-10004036,Office Supplies,Appliances,Bionaire 99.97% HEPA Air Cleaner,35.04
2288,US-2018-112928,01/06/2018,05/06/2018,Second Class,BB-10990,Barry Blumstein,Corporate,United States,Toledo,Ohio,43615.0,East,OFF-AP-10002287,Office Supplies,Appliances,"Eureka Sanitaire  Multi-Pro Heavy-Duty Upright, Disposable Bags",17.48
2289,CA-2018-143343,10/06/2018,13/06/2018,First Class,BW-11200,Ben Wallace,Consumer,United States,Los Angeles,California,90032.0,West,OFF-AR-10002375,Office Supplies,Art,Newell 351,16.4
2292,CA-2016-149342,20/04/2016,25/04/2016,Standard Class,TS-21160,Theresa Swint,Corporate,United States,Columbus,Georgia,31907.0,South,FUR-FU-10002937,Furniture,Furnishings,"GE 48"" Fluorescent Tube, Cool White Energy Saver, 34 Watts, 30/Box",595.38
2300,CA-2016-113145,01/11/2016,05/11/2016,Standard Class,VD-21670,Valerie Dominguez,Consumer,United States,New York City,New York,10011.0,East,TEC-PH-10002597,Technology,Phones,Xblue XB-1670-86 X16 Small Office Telephone - Titanium,503.96
2302,CA-2015-162362,14/11/2015,18/11/2015,Standard Class,JL-15505,Jeremy Lonsdale,Consumer,United States,Midland,Michigan,48640.0,Central,OFF-BI-10000546,Office Supplies,Binders,Avery Durable Binders,11.52
2303,CA-2017-106558,17/01/2017,21/01/2017,Standard Class,DL-13495,Dionis Lloyd,Corporate,United States,Columbus,Georgia,31907.0,South,TEC-AC-10001142,Technology,Accessories,First Data FD10 PIN Pad,316.0
2304,CA-2018-157931,17/09/2018,22/09/2018,Second Class,MO-17800,Meg O'Connel,Home Office,United States,Roswell,Georgia,30076.0,South,FUR-CH-10000785,Furniture,Chairs,Global Ergonomic Managers Chair,723.92
2305,CA-2018-157931,17/09/2018,22/09/2018,Second Class,MO-17800,Meg O'Connel,Home Office,United States,Roswell,Georgia,30076.0,South,OFF-PA-10000474,Office Supplies,Paper,Easy-staple paper,106.32
2311,US-2018-120418,11/06/2018,12/06/2018,First Class,BC-11125,Becky Castell,Home Office,United States,Peoria,Arizona,85345.0,West,OFF-AR-10002956,Office Supplies,Art,Boston 16801 Nautilus Battery Pencil Sharpener,88.04
2313,US-2018-120418,11/06/2018,12/06/2018,First Class,BC-11125,Becky Castell,Home Office,United States,Peoria,Arizona,85345.0,West,OFF-ST-10001809,Office Supplies,Storage,Fellowes Officeware Wire Shelving,215.592
2317,CA-2018-122035,20/07/2018,25/07/2018,Standard Class,EM-13825,Elizabeth Moffitt,Corporate,United States,Sioux Falls,South Dakota,57103.0,Central,FUR-CH-10003833,Furniture,Chairs,Novimex Fabric Task Chair,182.94
2320,CA-2016-117828,23/12/2016,26/12/2016,First Class,BD-11500,Bradley Drucker,Consumer,United States,Richmond,Virginia,23223.0,South,OFF-AP-10001563,Office Supplies,Appliances,Belkin Premiere Surge Master II 8-outlet surge protector,194.32
2322,CA-2016-109470,31/12/2016,03/01/2017,Second Class,KC-16255,Karen Carlisle,Corporate,United States,Henderson,Kentucky,42420.0,South,OFF-BI-10004492,Office Supplies,Binders,Tuf-Vin Binders,94.74
2329,CA-2018-138422,23/09/2018,26/09/2018,First Class,KN-16705,Kristina Nunn,Home Office,United States,Fort Collins,Colorado,80525.0,West,OFF-EN-10004147,Office Supplies,Envelopes,Wausau Papers Astrobrights Colored Envelopes,14.352
2334,CA-2018-169285,21/03/2018,25/03/2018,Standard Class,RW-19690,Robert Waldorf,Consumer,United States,Lafayette,Indiana,47905.0,Central,OFF-PA-10004971,Office Supplies,Paper,Xerox 196,5.78
2336,CA-2018-152695,10/12/2018,10/12/2018,Same Day,CC-12220,Chris Cortes,Consumer,United States,Fairfield,Connecticut,6824.0,East,OFF-EN-10004030,Office Supplies,Envelopes,Convenience Packs of Business Envelopes,10.86
2338,CA-2015-110639,23/08/2015,23/08/2015,Same Day,RH-19495,Rick Hansen,Consumer,United States,New York City,New York,10009.0,East,OFF-PA-10003936,Office Supplies,Paper,Xerox 1994,25.92
2341,CA-2017-137736,10/11/2017,15/11/2017,Standard Class,DC-13285,Debra Catini,Consumer,United States,Warner Robins,Georgia,31088.0,South,OFF-AR-10004999,Office Supplies,Art,Newell 315,41.86
2345,CA-2017-119025,22/02/2017,28/02/2017,Standard Class,PV-18985,Paul Van Hugh,Home Office,United States,Milwaukee,Wisconsin,53209.0,Central,OFF-AP-10001205,Office Supplies,Appliances,Belkin 5 Outlet SurgeMaster Power Centers,490.32
2349,CA-2018-109701,02/12/2018,03/12/2018,Same Day,AM-10360,Alice McCarthy,Corporate,United States,Los Angeles,California,90032.0,West,OFF-BI-10004187,Office Supplies,Binders,3-ring staple pack,9.024
2352,CA-2018-109701,02/12/2018,03/12/2018,Same Day,AM-10360,Alice McCarthy,Corporate,United States,Los Angeles,California,90032.0,West,OFF-AP-10002765,Office Supplies,Appliances,Fellowes Advanced Computer Series Surge Protectors,79.47
2355,CA-2016-111514,31/08/2016,02/09/2016,First Class,SC-20260,Scott Cohen,Corporate,United States,San Francisco,California,94122.0,West,OFF-BI-10002735,Office Supplies,Binders,GBC Prestige Therm-A-Bind Covers,137.24
2359,US-2015-148838,17/03/2015,21/03/2015,Standard Class,CP-12340,Christine Phan,Corporate,United States,New York City,New York,10024.0,East,FUR-TA-10001950,Furniture,Tables,Balt Solid Wood Round Tables,1071.576
2361,US-2015-148838,17/03/2015,21/03/2015,Standard Class,CP-12340,Christine Phan,Corporate,United States,New York City,New York,10024.0,East,OFF-PA-10002960,Office Supplies,Paper,Xerox 1926,34.86
2363,CA-2018-136497,16/04/2018,20/04/2018,Standard Class,RF-19840,Roy Französisch,Consumer,United States,Columbus,Ohio,43229.0,East,OFF-BI-10001553,Office Supplies,Binders,SpineVue Locking Slant-D Ring Binders by Cardinal,13.71
2374,CA-2017-159940,07/07/2017,11/07/2017,Second Class,BF-11020,Barry Französisch,Corporate,United States,Aurora,Illinois,60505.0,Central,OFF-PA-10001609,Office Supplies,Paper,Tops Wirebound Message Log Books,23.688
2376,CA-2018-119669,24/01/2018,30/01/2018,Standard Class,TP-21130,Theone Pippenger,Consumer,United States,Smyrna,Georgia,30080.0,South,OFF-FA-10000053,Office Supplies,Fasteners,Revere Boxed Rubber Bands by Revere,5.67
2378,US-2015-164616,19/08/2015,21/08/2015,Second Class,MS-17770,Maxwell Schwartz,Consumer,United States,Columbus,Ohio,43229.0,East,OFF-SU-10004768,Office Supplies,Supplies,Acme Kleencut Forged Steel Scissors,9.184
2389,CA-2016-145065,12/12/2016,15/12/2016,First Class,DK-13375,Dennis Kane,Consumer,United States,San Diego,California,92105.0,West,OFF-BI-10002437,Office Supplies,Binders,Recycled Premium Regency Composition Covers,24.448
2390,US-2016-127040,06/12/2016,10/12/2016,Standard Class,SG-20605,Speros Goranitis,Consumer,United States,New York City,New York,10009.0,East,OFF-PA-10004255,Office Supplies,Paper,Xerox 219,6.48
2393,US-2016-127040,06/12/2016,10/12/2016,Standard Class,SG-20605,Speros Goranitis,Consumer,United States,New York City,New York,10009.0,East,FUR-FU-10002878,Furniture,Furnishings,"Seth Thomas 14"" Day/Date Wall Clock",113.92
2400,CA-2018-147361,09/09/2018,15/09/2018,Standard Class,SB-20290,Sean Braxton,Corporate,United States,Florence,South Carolina,29501.0,South,OFF-ST-10001809,Office Supplies,Storage,Fellowes Officeware Wire Shelving,628.81
2405,CA-2018-108574,07/10/2018,11/10/2018,Standard Class,MG-18145,Mike Gockenbach,Consumer,United States,Los Angeles,California,90045.0,West,TEC-AC-10002049,Technology,Accessories,Logitech G19 Programmable Gaming Keyboard,1115.91
2406,CA-2018-108574,07/10/2018,11/10/2018,Standard Class,MG-18145,Mike Gockenbach,Consumer,United States,Los Angeles,California,90045.0,West,TEC-PH-10003555,Technology,Phones,Motorola HK250 Universal Bluetooth Headset,128.744
2407,CA-2018-108574,07/10/2018,11/10/2018,Standard Class,MG-18145,Mike Gockenbach,Consumer,United States,Los Angeles,California,90045.0,West,TEC-PH-10000702,Technology,Phones,"Square Credit Card Reader, 4 1/2"" x 4 1/2"" x 1"", White",79.92
2408,CA-2018-144589,20/01/2018,25/01/2018,Standard Class,TM-21010,Tamara Manning,Consumer,United States,San Francisco,California,94122.0,West,OFF-AR-10003631,Office Supplies,Art,Staples in misc. colors,24.2
2413,CA-2015-151295,12/11/2015,16/11/2015,Standard Class,JA-15970,Joseph Airdo,Consumer,United States,Los Angeles,California,90045.0,West,OFF-PA-10001947,Office Supplies,Paper,Xerox 1974,11.96
2414,CA-2015-151295,12/11/2015,16/11/2015,Standard Class,JA-15970,Joseph Airdo,Consumer,United States,Los Angeles,California,90045.0,West,FUR-TA-10002356,Furniture,Tables,Bevis Boat-Shaped Conference Table,629.064
2418,CA-2018-168655,12/10/2018,18/10/2018,Standard Class,ML-18040,Michelle Lonsdale,Corporate,United States,Albuquerque,New Mexico,87105.0,West,OFF-BI-10002082,Office Supplies,Binders,GBC Twin Loop Wire Binding Elements,79.872
2421,CA-2018-159597,09/11/2018,14/11/2018,Standard Class,MC-17590,Matt Collister,Corporate,United States,Coachella,California,92236.0,West,TEC-AC-10004171,Technology,Accessories,Razer Kraken 7.1 Surround Sound Over Ear USB Gaming Headset,99.99
2424,US-2018-147669,25/12/2018,30/12/2018,Standard Class,SV-20935,Susan Vittorini,Consumer,United States,Fairfield,Ohio,45014.0,East,TEC-AC-10002473,Technology,Accessories,Maxell 4.7GB DVD-R,158.928
2437,CA-2018-140053,03/07/2018,10/07/2018,Standard Class,CA-12265,Christina Anderson,Consumer,United States,Farmington,New Mexico,87401.0,West,FUR-FU-10003708,Furniture,Furnishings,"Tenex Traditional Chairmats for Medium Pile Carpet, Standard Lip, 36"" x 48""",545.85
2440,CA-2018-139948,17/07/2018,22/07/2018,Standard Class,SW-20455,Shaun Weien,Consumer,United States,Tampa,Florida,33614.0,South,FUR-FU-10002597,Furniture,Furnishings,"C-Line Magnetic Cubicle Keepers, Clear Polypropylene",7.904
2442,CA-2017-146934,22/05/2017,27/05/2017,Standard Class,AF-10870,Art Ferguson,Consumer,United States,Passaic,New Jersey,7055.0,East,FUR-TA-10003748,Furniture,Tables,Bevis 36 x 72 Conference Tables,174.286
2447,CA-2016-100573,25/09/2016,01/10/2016,Standard Class,AM-10705,Anne McFarland,Consumer,United States,Los Angeles,California,90004.0,West,OFF-EN-10000461,Office Supplies,Envelopes,"#10- 4 1/8"" x 9 1/2"" Recycled Envelopes",17.48
2448,CA-2017-119165,31/10/2017,06/11/2017,Standard Class,BD-11320,Bill Donatelli,Consumer,United States,Philadelphia,Pennsylvania,19143.0,East,FUR-CH-10000988,Furniture,Chairs,Hon Olson Stacker Stools,492.835
2450,CA-2017-140207,05/11/2017,10/11/2017,Standard Class,CS-12400,Christopher Schild,Home Office,United States,San Jose,California,95123.0,West,OFF-BI-10003963,Office Supplies,Binders,Cardinal Holdit Data Disk Pockets,29.12
2454,CA-2018-140949,17/03/2018,22/03/2018,Second Class,DB-13405,Denny Blanton,Consumer,United States,New York City,New York,10011.0,East,TEC-AC-10002399,Technology,Accessories,SanDisk Cruzer 32 GB USB Flash Drive,57.06
2456,CA-2018-140949,17/03/2018,22/03/2018,Second Class,DB-13405,Denny Blanton,Consumer,United States,New York City,New York,10011.0,East,OFF-ST-10000344,Office Supplies,Storage,"Neat Ideas Personal Hanging Folder Files, Black",107.44
2457,CA-2018-140949,17/03/2018,22/03/2018,Second Class,DB-13405,Denny Blanton,Consumer,United States,New York City,New York,10011.0,East,OFF-LA-10004093,Office Supplies,Labels,Avery 486,7.31
2459,CA-2018-140949,17/03/2018,22/03/2018,Second Class,DB-13405,Denny Blanton,Consumer,United States,New York City,New York,10011.0,East,OFF-ST-10003455,Office Supplies,Storage,"Tenex File Box, Personal Filing Tote with Lid, Black",46.53
2465,CA-2018-148691,03/12/2018,09/12/2018,Standard Class,CS-12460,Chuck Sachs,Consumer,United States,New York City,New York,10009.0,East,TEC-PH-10000576,Technology,Phones,AT&T 1080 Corded phone,136.99
2466,CA-2018-148691,03/12/2018,09/12/2018,Standard Class,CS-12460,Chuck Sachs,Consumer,United States,New York City,New York,10009.0,East,OFF-LA-10001317,Office Supplies,Labels,Avery 520,3.15
2471,US-2017-135923,22/01/2017,28/01/2017,Standard Class,CM-11935,Carlos Meador,Consumer,United States,Fayetteville,North Carolina,28314.0,South,FUR-FU-10002107,Furniture,Furnishings,Eldon Pizzaz Desk Accessories,14.272
2472,US-2017-135923,22/01/2017,28/01/2017,Standard Class,CM-11935,Carlos Meador,Consumer,United States,Fayetteville,North Carolina,28314.0,South,FUR-BO-10002213,Furniture,Bookcases,"Sauder Forest Hills Library, Woodland Oak Finish",451.136
2474,CA-2017-114972,03/11/2017,06/11/2017,First Class,PF-19225,Phillip Flathmann,Consumer,United States,Los Angeles,California,90032.0,West,FUR-CH-10001190,Furniture,Chairs,Global Deluxe High-Back Office Chair in Storm,217.584
2479,CA-2015-145212,13/09/2015,19/09/2015,Standard Class,DC-12850,Dan Campbell,Consumer,United States,New York City,New York,10011.0,East,OFF-AR-10002833,Office Supplies,Art,Newell 322,5.46
2482,CA-2018-147956,24/12/2018,31/12/2018,Standard Class,AH-10210,Alan Hwang,Consumer,United States,Seattle,Washington,98105.0,West,OFF-ST-10001097,Office Supplies,Storage,Office Impressions Heavy Duty Welded Shelving & Multimedia Storage Drawers,1003.62
2484,CA-2018-126067,28/08/2018,03/09/2018,Standard Class,KN-16705,Kristina Nunn,Home Office,United States,Seattle,Washington,98105.0,West,FUR-TA-10000617,Furniture,Tables,"Hon Practical Foundations 30 x 60 Training Table, Light Gray/Charcoal",1137.75
2485,CA-2018-126067,28/08/2018,03/09/2018,Standard Class,KN-16705,Kristina Nunn,Home Office,United States,Seattle,Washington,98105.0,West,OFF-BI-10001658,Office Supplies,Binders,GBC Standard Therm-A-Bind Covers,99.68
2486,CA-2018-126067,28/08/2018,03/09/2018,Standard Class,KN-16705,Kristina Nunn,Home Office,United States,Seattle,Washington,98105.0,West,OFF-AR-10003856,Office Supplies,Art,Newell 344,5.56
2487,CA-2016-104514,02/01/2016,04/01/2016,Second Class,CB-12535,Claudia Bergmann,Corporate,United States,Newark,Delaware,19711.0,East,OFF-ST-10001837,Office Supplies,Storage,"SAFCO Mobile Desk Side File, Wire Frame",85.52
2488,CA-2016-104514,02/01/2016,04/01/2016,Second Class,CB-12535,Claudia Bergmann,Corporate,United States,Newark,Delaware,19711.0,East,OFF-AR-10001473,Office Supplies,Art,Newell 313,9.84
2493,CA-2015-144624,19/11/2015,23/11/2015,Standard Class,JM-15865,John Murray,Consumer,United States,Jamestown,New York,14701.0,East,TEC-PH-10002885,Technology,Phones,Apple iPhone 5,4548.81
2499,CA-2017-126935,19/05/2017,24/05/2017,Standard Class,BT-11395,Bill Tyler,Corporate,United States,San Francisco,California,94109.0,West,OFF-BI-10004817,Office Supplies,Binders,GBC Personal VeloBind Strips,9.584
2500,US-2018-133781,22/06/2018,23/06/2018,First Class,DC-12850,Dan Campbell,Consumer,United States,Miami,Florida,33178.0,South,OFF-EN-10004483,Office Supplies,Envelopes,"#10 White Business Envelopes,4 1/8 x 9 1/2",37.608
2509,CA-2018-163902,02/03/2018,08/03/2018,Standard Class,MY-17380,Maribeth Yedwab,Corporate,United States,Los Angeles,California,90045.0,West,TEC-PH-10000675,Technology,Phones,Panasonic KX TS3282B Corded phone,196.776
2511,CA-2017-136812,18/11/2017,23/11/2017,Standard Class,AW-10930,Arthur Wiediger,Home Office,United States,Oklahoma City,Oklahoma,73120.0,Central,OFF-ST-10003470,Office Supplies,Storage,"Tennsco Snap-Together Open Shelving Units, Starter Sets and Add-On Units",1117.92
2514,CA-2017-124506,11/11/2017,17/11/2017,Standard Class,BB-11545,Brenda Bowman,Corporate,United States,Chicago,Illinois,60623.0,Central,TEC-AC-10003280,Technology,Accessories,Belkin F8E887 USB Wired Ergonomic Keyboard,95.968
2516,CA-2015-106572,05/09/2015,10/09/2015,Standard Class,NP-18700,Nora Preis,Consumer,United States,Bowling Green,Ohio,43402.0,East,OFF-ST-10000585,Office Supplies,Storage,Economy Rollaway Files,264.32
2517,CA-2015-128888,15/11/2015,22/11/2015,Standard Class,PB-19105,Peter Bühler,Consumer,United States,Houston,Texas,77095.0,Central,OFF-EN-10003001,Office Supplies,Envelopes,Ames Color-File Green Diamond Border X-ray Mailers,604.656
2518,CA-2018-123134,02/05/2018,07/05/2018,Standard Class,DW-13585,Dorothy Wardle,Corporate,United States,Westfield,New Jersey,7090.0,East,FUR-FU-10003975,Furniture,Furnishings,Eldon Advantage Chair Mats for Low to Medium Pile Carpets,129.93
2519,CA-2017-124352,15/10/2017,21/10/2017,Standard Class,CD-12790,Cynthia Delaney,Home Office,United States,Oklahoma City,Oklahoma,73120.0,Central,OFF-LA-10004559,Office Supplies,Labels,Avery 49,20.16
2520,CA-2017-124352,15/10/2017,21/10/2017,Standard Class,CD-12790,Cynthia Delaney,Home Office,United States,Oklahoma City,Oklahoma,73120.0,Central,OFF-LA-10003223,Office Supplies,Labels,Avery 508,29.46
2522,CA-2017-124352,15/10/2017,21/10/2017,Standard Class,CD-12790,Cynthia Delaney,Home Office,United States,Oklahoma City,Oklahoma,73120.0,Central,OFF-PA-10003177,Office Supplies,Paper,Xerox 1999,12.96
2523,CA-2017-124352,15/10/2017,21/10/2017,Standard Class,CD-12790,Cynthia Delaney,Home Office,United States,Oklahoma City,Oklahoma,73120.0,Central,TEC-PH-10003442,Technology,Phones,Samsung Replacement EH64AVFWE Premium Headset,5.5
2524,CA-2017-124352,15/10/2017,21/10/2017,Standard Class,CD-12790,Cynthia Delaney,Home Office,United States,Oklahoma City,Oklahoma,73120.0,Central,OFF-BI-10000977,Office Supplies,Binders,Ibico Plastic Spiral Binding Combs,121.6
2527,CA-2016-124541,06/04/2016,10/04/2016,Standard Class,TT-21220,Thomas Thornton,Consumer,United States,Houston,Texas,77041.0,Central,OFF-BI-10004965,Office Supplies,Binders,Ibico Covers for Plastic or Wire Binding Elements,6.9
2532,CA-2015-111500,17/08/2015,21/08/2015,Standard Class,DJ-13510,Don Jones,Corporate,United States,Little Rock,Arkansas,72209.0,South,OFF-BI-10000829,Office Supplies,Binders,Avery Non-Stick Binders,17.96
2534,CA-2015-111500,17/08/2015,21/08/2015,Standard Class,DJ-13510,Don Jones,Corporate,United States,Little Rock,Arkansas,72209.0,South,TEC-AC-10000844,Technology,Accessories,Logitech Gaming G510s - Keyboard,339.96
2535,US-2018-117723,15/08/2018,18/08/2018,Second Class,DL-13495,Dionis Lloyd,Corporate,United States,Philadelphia,Pennsylvania,19120.0,East,OFF-ST-10004459,Office Supplies,Storage,Tennsco Single-Tier Lockers,1801.632
2541,CA-2016-113404,16/07/2016,16/07/2016,Same Day,EM-13810,Eleni McCrary,Corporate,United States,San Francisco,California,94122.0,West,FUR-CH-10004086,Furniture,Chairs,Hon 4070 Series Pagoda Armless Upholstered Stacking Chairs,700.152
2543,CA-2015-164385,26/09/2015,01/10/2015,Second Class,NB-18580,Nicole Brennan,Corporate,United States,Philadelphia,Pennsylvania,19134.0,East,OFF-AP-10002191,Office Supplies,Appliances,Belkin 8 Outlet SurgeMaster II Gold Surge Protector,143.952
2544,US-2017-114174,08/09/2017,14/09/2017,Standard Class,AP-10720,Anne Pryor,Home Office,United States,Malden,Massachusetts,2148.0,East,FUR-BO-10003450,Furniture,Bookcases,"Bush Westfield Collection Bookcases, Dark Cherry Finish",173.94
2549,US-2016-128090,16/08/2016,22/08/2016,Standard Class,JM-15865,John Murray,Consumer,United States,Phoenix,Arizona,85023.0,West,TEC-PH-10002624,Technology,Phones,Samsung Galaxy S4 Mini,1879.96
2555,CA-2017-118626,15/08/2017,20/08/2017,Standard Class,JC-15775,John Castell,Consumer,United States,Tallahassee,Florida,32303.0,South,TEC-PH-10000369,Technology,Phones,HTC One Mini,705.544
2570,CA-2018-134404,27/12/2018,27/12/2018,Same Day,DR-12880,Dan Reichenbach,Corporate,United States,Newark,Ohio,43055.0,East,TEC-PH-10000576,Technology,Phones,AT&T 1080 Corded phone,164.388
2572,CA-2018-109778,16/07/2018,21/07/2018,Standard Class,VM-21685,Valerie Mitchum,Home Office,United States,Woodstock,Illinois,60098.0,Central,OFF-AR-10003759,Office Supplies,Art,"Crayola Anti Dust Chalk, 12/Pack",2.912
2575,CA-2015-129091,22/11/2015,27/11/2015,Standard Class,RA-19885,Ruben Ausman,Corporate,United States,Columbus,Georgia,31907.0,South,OFF-EN-10004955,Office Supplies,Envelopes,Fashion Color Clasp Envelopes,16.23
2577,CA-2015-129091,22/11/2015,27/11/2015,Standard Class,RA-19885,Ruben Ausman,Corporate,United States,Columbus,Georgia,31907.0,South,OFF-EN-10001990,Office Supplies,Envelopes,Staple envelope,11.36
2580,US-2015-155502,26/01/2015,31/01/2015,Standard Class,SD-20485,Shirley Daniels,Home Office,United States,Alexandria,Virginia,22304.0,South,OFF-ST-10004337,Office Supplies,Storage,"SAFCO Commercial Wire Shelving, 72h",489.92
2583,US-2015-155502,26/01/2015,31/01/2015,Standard Class,SD-20485,Shirley Daniels,Home Office,United States,Alexandria,Virginia,22304.0,South,TEC-PH-10004833,Technology,Phones,Macally Suction Cup Mount,155.35
2587,CA-2018-131695,30/06/2018,06/07/2018,Standard Class,RA-19285,Ralph Arnett,Consumer,United States,New York City,New York,10024.0,East,OFF-ST-10001476,Office Supplies,Storage,Steel Personal Filing/Posting Tote,248.57
2589,CA-2017-137729,05/05/2017,09/05/2017,Standard Class,BF-11005,Barry Franz,Home Office,United States,Los Angeles,California,90004.0,West,OFF-ST-10001505,Office Supplies,Storage,"Perma STOR-ALL Hanging File Box, 13 1/8""W x 12 1/4""D x 10 1/2""H",5.98
2593,CA-2018-128300,24/11/2018,26/11/2018,Second Class,RS-19765,Roland Schwarz,Corporate,United States,Summerville,South Carolina,29483.0,South,TEC-PH-10002807,Technology,Phones,Motorla HX550 Universal Bluetooth Headset,79.1
2603,CA-2017-165848,04/06/2017,04/06/2017,Same Day,EN-13780,Edward Nazzal,Consumer,United States,New York City,New York,10035.0,East,TEC-MA-10003356,Technology,Machines,Panasonic KX MC6040 Color Laser Multifunction Printer,1349.85
2604,CA-2017-165848,04/06/2017,04/06/2017,Same Day,EN-13780,Edward Nazzal,Consumer,United States,New York City,New York,10035.0,East,FUR-BO-10000362,Furniture,Bookcases,Sauder Inglewood Library Bookcases,136.784
2606,CA-2015-112718,16/12/2015,21/12/2015,Standard Class,KN-16450,Kean Nguyen,Corporate,United States,Jacksonville,Florida,32216.0,South,OFF-BI-10000591,Office Supplies,Binders,Avery Binder Labels,1.167
2610,CA-2015-127446,25/11/2015,30/11/2015,Standard Class,MC-17590,Matt Collister,Corporate,United States,Arlington,Texas,76017.0,Central,FUR-TA-10000577,Furniture,Tables,Bretford CR4500 Series Slim Rectangular Table,1218.735
2612,CA-2015-127446,25/11/2015,30/11/2015,Standard Class,MC-17590,Matt Collister,Corporate,United States,Arlington,Texas,76017.0,Central,OFF-PA-10000955,Office Supplies,Paper,Southworth 25% Cotton Granite Paper & Envelopes,15.696
2615,CA-2015-147298,26/04/2015,03/05/2015,Standard Class,AG-10300,Aleksandra Gannaway,Corporate,United States,Los Angeles,California,90049.0,West,FUR-CH-10004886,Furniture,Chairs,Bevis Steel Folding Chairs,230.28
2616,CA-2015-147298,26/04/2015,03/05/2015,Standard Class,AG-10300,Aleksandra Gannaway,Corporate,United States,Los Angeles,California,90049.0,West,OFF-BI-10001525,Office Supplies,Binders,"Acco Pressboard Covers with Storage Hooks, 14 7/8"" x 11"", Executive Red",18.288
2620,CA-2018-115931,22/12/2018,26/12/2018,Standard Class,JM-15655,Jim Mitchum,Corporate,United States,Carlsbad,New Mexico,88220.0,West,TEC-PH-10001300,Technology,Phones,"iKross Bluetooth Portable Keyboard + Cell Phone Stand Holder + Brush for Apple iPhone 5S 5C 5, 4S 4",67.04
2621,CA-2018-115931,22/12/2018,26/12/2018,Standard Class,JM-15655,Jim Mitchum,Corporate,United States,Carlsbad,New Mexico,88220.0,West,OFF-ST-10000876,Office Supplies,Storage,Eldon Simplefile Box Office,37.32
2624,CA-2018-127180,22/10/2018,24/10/2018,First Class,TA-21385,Tom Ashbrook,Home Office,United States,New York City,New York,10024.0,East,TEC-CO-10004722,Technology,Copiers,Canon imageCLASS 2200 Advanced Copier,11199.968
2626,CA-2018-127180,22/10/2018,24/10/2018,First Class,TA-21385,Tom Ashbrook,Home Office,United States,New York City,New York,10024.0,East,OFF-EN-10002500,Office Supplies,Envelopes,Globe Weis Peel & Seel First Class Envelopes,63.9
2627,CA-2018-127180,22/10/2018,24/10/2018,First Class,TA-21385,Tom Ashbrook,Home Office,United States,New York City,New York,10024.0,East,TEC-PH-10003800,Technology,Phones,i.Sound Portable Power - 8000 mAh,52.99
2628,US-2018-165344,13/11/2018,15/11/2018,First Class,SB-20290,Sean Braxton,Corporate,United States,Springfield,Ohio,45503.0,East,TEC-AC-10002399,Technology,Accessories,SanDisk Cruzer 32 GB USB Flash Drive,60.864
2629,US-2018-165344,13/11/2018,15/11/2018,First Class,SB-20290,Sean Braxton,Corporate,United States,Springfield,Ohio,45503.0,East,TEC-MA-10002210,Technology,Machines,Epson TM-T88V Direct Thermal Printer - Monochrome - Desktop,652.995
2630,US-2018-165344,13/11/2018,15/11/2018,First Class,SB-20290,Sean Braxton,Corporate,United States,Springfield,Ohio,45503.0,East,OFF-BI-10003196,Office Supplies,Binders,Accohide Poly Flexible Ring Binders,11.22
2639,CA-2018-108441,12/06/2018,18/06/2018,Standard Class,SB-20170,Sarah Bern,Consumer,United States,New York City,New York,10035.0,East,OFF-BI-10000848,Office Supplies,Binders,Angle-D Ring Binders,13.128
2642,CA-2016-169740,20/02/2016,25/02/2016,Standard Class,LM-17065,Liz MacKendrick,Consumer,United States,Hot Springs,Arkansas,71901.0,South,TEC-AC-10000927,Technology,Accessories,Anker Ultrathin Bluetooth Wireless Keyboard Aluminum Cover with Stand,29.99
2649,CA-2015-131002,07/09/2015,12/09/2015,Second Class,TB-21400,Tom Boeckenhauer,Consumer,United States,Tulsa,Oklahoma,74133.0,Central,FUR-FU-10004665,Furniture,Furnishings,"3M Polarizing Task Lamp with Clamp Arm, Light Gray",821.88
2651,US-2017-146794,26/09/2017,01/10/2017,Standard Class,SH-19975,Sally Hughsby,Corporate,United States,Hesperia,California,92345.0,West,FUR-BO-10004467,Furniture,Bookcases,Bestar Classic Bookcase,424.9575
2652,CA-2018-112515,17/09/2018,21/09/2018,Second Class,AS-10225,Alan Schoenberger,Corporate,United States,Provo,Utah,84604.0,West,OFF-BI-10000829,Office Supplies,Binders,Avery Non-Stick Binders,10.776
2664,CA-2017-164784,01/05/2017,04/05/2017,First Class,HF-14995,Herbert Flentye,Consumer,United States,Memphis,Tennessee,38109.0,South,OFF-LA-10001569,Office Supplies,Labels,Avery 499,3.984
2665,CA-2017-164784,01/05/2017,04/05/2017,First Class,HF-14995,Herbert Flentye,Consumer,United States,Memphis,Tennessee,38109.0,South,FUR-TA-10004534,Furniture,Tables,Bevis 44 x 96 Conference Tables,370.62
2674,CA-2015-126403,09/09/2015,12/09/2015,Second Class,RR-19525,Rick Reed,Corporate,United States,Lowell,Massachusetts,1852.0,East,OFF-ST-10000078,Office Supplies,Storage,Tennsco 6- and 18-Compartment Lockers,1325.85
2679,US-2015-160780,21/06/2015,21/06/2015,Same Day,SV-20785,Stewart Visinsky,Consumer,United States,Pueblo,Colorado,81001.0,West,OFF-BI-10002931,Office Supplies,Binders,"Avery Trapezoid Extra Heavy Duty 4"" Binders",25.164
2681,CA-2018-127026,21/01/2018,27/01/2018,Standard Class,MH-18115,Mick Hernandez,Home Office,United States,Jackson,Michigan,49201.0,Central,TEC-AC-10002049,Technology,Accessories,Logitech G19 Programmable Gaming Keyboard,619.95
2683,CA-2018-127026,21/01/2018,27/01/2018,Standard Class,MH-18115,Mick Hernandez,Home Office,United States,Jackson,Michigan,49201.0,Central,TEC-MA-10002981,Technology,Machines,I.R.I.S IRISCard Anywhere 5 Card Scanner,350.973
2684,CA-2018-127026,21/01/2018,27/01/2018,Standard Class,MH-18115,Mick Hernandez,Home Office,United States,Jackson,Michigan,49201.0,Central,TEC-PH-10003601,Technology,Phones,"Ativa D5772 2-Line 5.8GHz Digital Expandable Corded/Cordless Phone System with Answering & Caller ID/Call Waiting, Black/Silver",164.99
2685,CA-2018-137085,29/06/2018,06/07/2018,Standard Class,CT-11995,Carol Triggs,Consumer,United States,Los Angeles,California,90004.0,West,OFF-BI-10000632,Office Supplies,Binders,Satellite Sectional Post Binders,312.552
2686,CA-2017-133123,06/09/2017,11/09/2017,Standard Class,KB-16315,Karl Braun,Consumer,United States,Thomasville,North Carolina,27360.0,South,OFF-EN-10003055,Office Supplies,Envelopes,"Blue String-Tie & Button Interoffice Envelopes, 10 x 13",95.952
2689,CA-2016-153220,12/11/2016,14/11/2016,First Class,YC-21895,Yoseph Carroll,Corporate,United States,Los Angeles,California,90032.0,West,OFF-PA-10003016,Office Supplies,Paper,"Adams ""While You Were Out"" Message Pads",15.7
2690,CA-2015-123064,30/06/2015,02/07/2015,First Class,RA-19915,Russell Applegate,Consumer,United States,Chicago,Illinois,60653.0,Central,OFF-AR-10004582,Office Supplies,Art,BIC Brite Liner Grip Highlighters,5.248
2692,US-2017-144211,28/08/2017,02/09/2017,Standard Class,CS-12130,Chad Sievert,Consumer,United States,Englewood,Colorado,80112.0,West,OFF-PA-10002246,Office Supplies,Paper,"Wirebound Four 2-3/4 x 5 Forms per Page, 400 Sets per Book",15.48
2693,US-2017-144211,28/08/2017,02/09/2017,Standard Class,CS-12130,Chad Sievert,Consumer,United States,Englewood,Colorado,80112.0,West,TEC-PH-10002890,Technology,Phones,AT&T 17929 Lendline Telephone,108.576
2698,CA-2015-145317,18/03/2015,23/03/2015,Standard Class,SM-20320,Sean Miller,Home Office,United States,Jacksonville,Florida,32216.0,South,TEC-MA-10002412,Technology,Machines,Cisco TelePresence System EX90 Videoconferencing Unit,22638.48
2699,CA-2015-145317,18/03/2015,23/03/2015,Standard Class,SM-20320,Sean Miller,Home Office,United States,Jacksonville,Florida,32216.0,South,OFF-PA-10001804,Office Supplies,Paper,Xerox 195,21.376
2700,CA-2015-145317,18/03/2015,23/03/2015,Standard Class,SM-20320,Sean Miller,Home Office,United States,Jacksonville,Florida,32216.0,South,OFF-AR-10003183,Office Supplies,Art,Avery Fluorescent Highlighter Four-Color Set,8.016
2702,CA-2015-145317,18/03/2015,23/03/2015,Standard Class,SM-20320,Sean Miller,Home Office,United States,Jacksonville,Florida,32216.0,South,OFF-FA-10003112,Office Supplies,Fasteners,Staples,18.936
2707,CA-2018-155873,16/06/2018,21/06/2018,Standard Class,AB-10255,Alejandro Ballentine,Home Office,United States,Carlsbad,New Mexico,88220.0,West,OFF-PA-10001246,Office Supplies,Paper,Xerox 215,19.44
2708,CA-2018-155873,16/06/2018,21/06/2018,Standard Class,AB-10255,Alejandro Ballentine,Home Office,United States,Carlsbad,New Mexico,88220.0,West,OFF-PA-10001815,Office Supplies,Paper,Xerox 1885,192.16
2716,CA-2015-127187,04/12/2015,08/12/2015,Standard Class,CP-12085,Cathy Prescott,Corporate,United States,New York City,New York,10024.0,East,TEC-PH-10000673,Technology,Phones,Plantronics Voyager Pro HD - Bluetooth Headset,129.98
2719,CA-2018-144827,21/12/2018,27/12/2018,Standard Class,SE-20110,Sanjit Engle,Consumer,United States,Costa Mesa,California,92627.0,West,OFF-ST-10004340,Office Supplies,Storage,"Fellowes Mobile File Cart, Black",124.36
2725,CA-2015-153479,04/10/2015,08/10/2015,Standard Class,DF-13135,David Flashing,Consumer,United States,Vallejo,California,94591.0,West,OFF-BI-10002867,Office Supplies,Binders,GBC Recycled Regency Composition Covers,95.648
2727,CA-2018-149888,07/11/2018,13/11/2018,Standard Class,EP-13915,Emily Phan,Consumer,United States,Philadelphia,Pennsylvania,19120.0,East,FUR-TA-10000849,Furniture,Tables,Bevis Rectangular Conference Tables,350.352
2729,CA-2018-119193,22/12/2018,24/12/2018,First Class,SK-19990,Sally Knutson,Consumer,United States,Toledo,Ohio,43615.0,East,TEC-PH-10003072,Technology,Phones,Panasonic KX-TG9541B DECT 6.0 Digital 2-Line Expandable Cordless Phone With Digital Answering System,629.958
2730,CA-2018-104801,13/02/2018,19/02/2018,Standard Class,FH-14350,Fred Harton,Consumer,United States,Seattle,Washington,98105.0,West,OFF-AR-10001547,Office Supplies,Art,Newell 311,6.63
2733,CA-2015-107594,02/07/2015,06/07/2015,Standard Class,EH-13945,Eric Hoffmann,Consumer,United States,Plainfield,New Jersey,7060.0,East,TEC-PH-10002923,Technology,Phones,"Logitech B530 USB Headset - headset - Full size, Binaural",73.98
2738,CA-2016-115798,13/11/2016,19/11/2016,Standard Class,KL-16645,Ken Lonsdale,Consumer,United States,Newark,Delaware,19711.0,East,FUR-BO-10004467,Furniture,Bookcases,Bestar Classic Bookcase,299.97
2743,CA-2015-149244,04/11/2015,08/11/2015,Standard Class,MS-17530,MaryBeth Skach,Consumer,United States,San Diego,California,92037.0,West,FUR-FU-10004671,Furniture,Furnishings,"Executive Impressions 12"" Wall Clock",35.34
2749,CA-2016-110247,04/12/2016,08/12/2016,Standard Class,RH-19555,Ritsa Hightower,Consumer,United States,Tallahassee,Florida,32303.0,South,OFF-BI-10001553,Office Supplies,Binders,SpineVue Locking Slant-D Ring Binders by Cardinal,8.226
2751,CA-2015-154669,08/08/2015,11/08/2015,Second Class,TM-21010,Tamara Manning,Consumer,United States,Vacaville,California,95687.0,West,OFF-ST-10000532,Office Supplies,Storage,Advantus Rolling Drawer Organizers,423.28
2752,CA-2015-158029,26/05/2015,30/05/2015,Standard Class,HF-14995,Herbert Flentye,Consumer,United States,Los Angeles,California,90008.0,West,FUR-CH-10000988,Furniture,Chairs,Hon Olson Stacker Stools,225.296
2754,CA-2016-155306,17/04/2016,21/04/2016,Standard Class,GA-14515,George Ashbrook,Consumer,United States,San Francisco,California,94122.0,West,TEC-AC-10003174,Technology,Accessories,Plantronics S12 Corded Telephone Headset System,323.37
2755,CA-2016-155306,17/04/2016,21/04/2016,Standard Class,GA-14515,George Ashbrook,Consumer,United States,San Francisco,California,94122.0,West,TEC-PH-10002310,Technology,Phones,Plantronics Calisto P620-M USB Wireless Speakerphone System,783.96
2756,CA-2016-155306,17/04/2016,21/04/2016,Standard Class,GA-14515,George Ashbrook,Consumer,United States,San Francisco,California,94122.0,West,OFF-AP-10002651,Office Supplies,Appliances,Hoover Upright Vacuum With Dirt Cup,1447.65
2759,CA-2017-146171,11/03/2017,15/03/2017,Standard Class,JP-16135,Julie Prescott,Home Office,United States,Columbus,Georgia,31907.0,South,FUR-FU-10004270,Furniture,Furnishings,"Executive Impressions 13"" Clairmont Wall Clock",76.92
2760,CA-2017-146171,11/03/2017,15/03/2017,Standard Class,JP-16135,Julie Prescott,Home Office,United States,Columbus,Georgia,31907.0,South,OFF-ST-10001526,Office Supplies,Storage,Iceberg Mobile Mega Data/Printer Cart,481.32
2761,CA-2015-129574,26/05/2015,29/05/2015,First Class,Dp-13240,Dean percer,Home Office,United States,Murray,Utah,84107.0,West,OFF-PA-10002893,Office Supplies,Paper,"Wirebound Service Call Books, 5 1/2"" x 4""",48.4
2763,CA-2018-126536,12/10/2018,14/10/2018,First Class,NK-18490,Neil Knudson,Home Office,United States,San Francisco,California,94110.0,West,OFF-BI-10001191,Office Supplies,Binders,Canvas Sectional Post Binders,101.84
2767,CA-2018-167752,15/01/2018,18/01/2018,First Class,RW-19690,Robert Waldorf,Consumer,United States,Philadelphia,Pennsylvania,19134.0,East,OFF-AP-10000159,Office Supplies,Appliances,Belkin F9M820V08 8 Outlet Surge,34.384
2770,US-2016-122140,02/04/2016,07/04/2016,Standard Class,MO-17950,Michael Oakman,Consumer,United States,Dallas,Texas,75220.0,Central,TEC-AC-10003038,Technology,Accessories,Kingston Digital DataTraveler 16GB USB 2.0,50.12
2771,US-2016-122140,02/04/2016,07/04/2016,Standard Class,MO-17950,Michael Oakman,Consumer,United States,Dallas,Texas,75220.0,Central,TEC-AC-10003289,Technology,Accessories,Anker Ultra-Slim Mini Bluetooth 3.0 Wireless Keyboard,47.976
2772,CA-2017-163986,03/09/2017,10/09/2017,Standard Class,JJ-15445,Jennifer Jackson,Consumer,United States,Waukesha,Wisconsin,53186.0,Central,OFF-ST-10000918,Office Supplies,Storage,Crate-A-Files,54.5
2778,CA-2016-138534,17/07/2016,19/07/2016,Second Class,JM-15535,Jessica Myrick,Consumer,United States,Bakersfield,California,93309.0,West,FUR-BO-10003159,Furniture,Bookcases,"Sauder Camden County Collection Libraries, Planked Cherry Finish",195.466
2794,CA-2015-154599,12/04/2015,17/04/2015,Standard Class,KN-16450,Kean Nguyen,Corporate,United States,Redondo Beach,California,90278.0,West,TEC-PH-10001557,Technology,Phones,Pyle PMP37LED,1075.088
2795,CA-2015-154599,12/04/2015,17/04/2015,Standard Class,KN-16450,Kean Nguyen,Corporate,United States,Redondo Beach,California,90278.0,West,TEC-PH-10000576,Technology,Phones,AT&T 1080 Corded phone,438.368
2803,CA-2018-143329,03/11/2018,08/11/2018,Standard Class,DL-13330,Denise Leinenbach,Consumer,United States,Las Cruces,New Mexico,88001.0,West,FUR-FU-10000629,Furniture,Furnishings,9-3/4 Diameter Round Wall Clock,41.37
2808,CA-2016-148635,25/07/2016,27/07/2016,Second Class,MH-18025,Michelle Huthwaite,Consumer,United States,Seattle,Washington,98115.0,West,OFF-PA-10004782,Office Supplies,Paper,Xerox 228,12.96
2817,CA-2016-104626,01/09/2016,08/09/2016,Standard Class,DR-12940,Daniel Raglin,Home Office,United States,Franklin,Massachusetts,2038.0,East,FUR-CH-10003817,Furniture,Chairs,"Global Value Steno Chair, Gray",60.74
2819,CA-2016-104626,01/09/2016,08/09/2016,Standard Class,DR-12940,Daniel Raglin,Home Office,United States,Franklin,Massachusetts,2038.0,East,OFF-ST-10003208,Office Supplies,Storage,Adjustable Depth Letter/Legal Cart,1088.76
2821,CA-2017-160500,05/05/2017,08/05/2017,First Class,DM-13015,Darrin Martin,Consumer,United States,Encinitas,California,92024.0,West,FUR-TA-10003748,Furniture,Tables,Bevis 36 x 72 Conference Tables,298.776
2826,US-2015-112914,25/09/2015,30/09/2015,Standard Class,MT-18070,Michelle Tran,Home Office,United States,Houston,Texas,77041.0,Central,FUR-BO-10003272,Furniture,Bookcases,O'Sullivan Living Dimensions 5-Shelf Bookcases,300.5328
2827,US-2015-112914,25/09/2015,30/09/2015,Standard Class,MT-18070,Michelle Tran,Home Office,United States,Houston,Texas,77041.0,Central,OFF-BI-10002982,Office Supplies,Binders,Avery Self-Adhesive Photo Pockets for Polaroid Photos,2.724
2834,CA-2018-134649,26/01/2018,31/01/2018,Second Class,CA-11965,Carol Adams,Corporate,United States,Hoover,Alabama,35244.0,South,OFF-AR-10001547,Office Supplies,Art,Newell 311,15.47
2836,CA-2018-110842,11/11/2018,16/11/2018,Standard Class,GA-14725,Guy Armstrong,Consumer,United States,Los Angeles,California,90036.0,West,OFF-AP-10003971,Office Supplies,Appliances,Belkin 6 Outlet Metallic Surge Strip,10.89
2837,CA-2018-110842,11/11/2018,16/11/2018,Standard Class,GA-14725,Guy Armstrong,Consumer,United States,Los Angeles,California,90036.0,West,OFF-PA-10000520,Office Supplies,Paper,Xerox 201,19.44
2841,US-2015-125521,14/03/2015,19/03/2015,Standard Class,CK-12325,Christine Kargatis,Home Office,United States,Chesapeake,Virginia,23320.0,South,FUR-CH-10003379,Furniture,Chairs,Global Commerce Series High-Back Swivel/Tilt Chairs,1139.92
2847,CA-2018-152093,10/09/2018,15/09/2018,Standard Class,SN-20560,Skye Norling,Home Office,United States,Chicago,Illinois,60653.0,Central,OFF-BI-10003527,Office Supplies,Binders,Fellowes PB500 Electric Punch Plastic Comb Binding Machine with Manual Bind,762.594
2848,CA-2018-157854,08/04/2018,15/04/2018,Standard Class,DM-13345,Denise Monton,Corporate,United States,Roswell,Georgia,30076.0,South,FUR-FU-10003832,Furniture,Furnishings,"Eldon Expressions Punched Metal & Wood Desk Accessories, Black & Cherry",56.28
2849,CA-2018-157854,08/04/2018,15/04/2018,Standard Class,DM-13345,Denise Monton,Corporate,United States,Roswell,Georgia,30076.0,South,OFF-BI-10001359,Office Supplies,Binders,GBC DocuBind TL300 Electric Binding System,2690.97
2856,CA-2018-169810,25/07/2018,31/07/2018,Standard Class,RB-19360,Raymond Buch,Consumer,United States,Sioux Falls,South Dakota,57103.0,Central,OFF-LA-10003663,Office Supplies,Labels,Avery 498,20.23
2859,CA-2018-138975,19/05/2018,23/05/2018,Standard Class,SC-20380,Shahid Collister,Consumer,United States,Atlanta,Georgia,30318.0,South,TEC-AC-10003441,Technology,Accessories,Kingston Digital DataTraveler 32GB USB 2.0,67.8
2860,CA-2018-138975,19/05/2018,23/05/2018,Standard Class,SC-20380,Shahid Collister,Consumer,United States,Atlanta,Georgia,30318.0,South,TEC-PH-10004389,Technology,Phones,Nokia Lumia 925,377.97
2862,CA-2018-138975,19/05/2018,23/05/2018,Standard Class,SC-20380,Shahid Collister,Consumer,United States,Atlanta,Georgia,30318.0,South,OFF-PA-10000100,Office Supplies,Paper,Xerox 1945,286.93
2863,CA-2018-106537,12/08/2018,17/08/2018,Standard Class,RH-19495,Rick Hansen,Consumer,United States,Orlando,Florida,32839.0,South,OFF-PA-10000223,Office Supplies,Paper,Xerox 2000,20.736
2865,US-2018-103828,13/08/2018,13/08/2018,Same Day,JK-15370,Jay Kimmel,Consumer,United States,San Francisco,California,94122.0,West,OFF-AP-10004249,Office Supplies,Appliances,Staple holder,83.79
2866,US-2018-103828,13/08/2018,13/08/2018,Same Day,JK-15370,Jay Kimmel,Consumer,United States,San Francisco,California,94122.0,West,OFF-AR-10000588,Office Supplies,Art,Newell 345,59.52
2868,CA-2017-115588,10/11/2017,12/11/2017,Second Class,AF-10885,Art Foster,Consumer,United States,Toledo,Ohio,43615.0,East,OFF-SU-10001225,Office Supplies,Supplies,Staple remover,14.72
2869,CA-2017-115588,10/11/2017,12/11/2017,Second Class,AF-10885,Art Foster,Consumer,United States,Toledo,Ohio,43615.0,East,OFF-ST-10001558,Office Supplies,Storage,Acco Perma 4000 Stacking Storage Drawers,38.976
2871,CA-2015-148040,22/03/2015,26/03/2015,Standard Class,BF-11275,Beth Fritzler,Corporate,United States,Tucson,Arizona,85705.0,West,OFF-PA-10002581,Office Supplies,Paper,Xerox 1951,74.352
2875,US-2018-102638,29/12/2018,31/12/2018,First Class,MC-17845,Michael Chen,Consumer,United States,New York City,New York,10035.0,East,OFF-FA-10002988,Office Supplies,Fasteners,Ideal Clamps,6.03
2877,US-2017-167339,21/01/2017,23/01/2017,Second Class,TD-20995,Tamara Dahlen,Consumer,United States,San Diego,California,92037.0,West,FUR-CH-10000785,Furniture,Chairs,Global Ergonomic Managers Chair,1013.488
2881,CA-2017-102932,19/09/2017,23/09/2017,Second Class,SD-20485,Shirley Daniels,Home Office,United States,Orange,New Jersey,7050.0,East,OFF-BI-10000756,Office Supplies,Binders,Storex DuraTech Recycled Plastic Frosted Binders,25.44
2883,CA-2015-165540,21/02/2015,25/02/2015,Standard Class,TM-21010,Tamara Manning,Consumer,United States,Woodstock,Illinois,60098.0,Central,OFF-BI-10004094,Office Supplies,Binders,GBC Standard Plastic Binding Systems Combs,8.85
2884,CA-2017-130799,11/11/2017,16/11/2017,Second Class,BK-11260,Berenike Kampe,Consumer,United States,San Francisco,California,94110.0,West,FUR-FU-10001852,Furniture,Furnishings,"Eldon Regeneration Recycled Desk Accessories, Smoke",6.96
2885,CA-2017-164483,30/01/2017,03/02/2017,Standard Class,JF-15490,Jeremy Farry,Consumer,United States,San Francisco,California,94122.0,West,OFF-BI-10000014,Office Supplies,Binders,Heavy-Duty E-Z-D Binders,17.456
2886,US-2017-159856,18/10/2017,22/10/2017,Standard Class,EP-13915,Emily Phan,Consumer,United States,Tempe,Arizona,85281.0,West,FUR-CH-10003396,Furniture,Chairs,Global Deluxe Steno Chair,307.92
2887,CA-2018-102099,18/12/2018,19/12/2018,First Class,EP-13915,Emily Phan,Consumer,United States,Los Angeles,California,90008.0,West,OFF-AR-10003811,Office Supplies,Art,Newell 327,6.63
2895,CA-2018-139913,23/10/2018,29/10/2018,Standard Class,JC-16105,Julie Creighton,Corporate,United States,Rochester,New York,14609.0,East,FUR-FU-10000771,Furniture,Furnishings,"Eldon 200 Class Desk Accessories, Smoke",69.08
2901,CA-2016-166464,12/09/2016,17/09/2016,Standard Class,PG-18895,Paul Gonzalez,Consumer,United States,New York City,New York,10035.0,East,OFF-LA-10001317,Office Supplies,Labels,Avery 520,12.6
2904,CA-2017-153577,27/06/2017,01/07/2017,Standard Class,KH-16330,Katharine Harms,Corporate,United States,Highland Park,Illinois,60035.0,Central,OFF-PA-10000575,Office Supplies,Paper,"Wirebound Message Books, Four 2 3/4 x 5 White Forms per Page",37.464
2906,CA-2015-127586,26/09/2015,30/09/2015,Standard Class,CS-12400,Christopher Schild,Home Office,United States,Seattle,Washington,98115.0,West,OFF-ST-10002615,Office Supplies,Storage,"Dual Level, Single-Width Filing Carts",310.12
2907,CA-2018-121615,03/11/2018,09/11/2018,Standard Class,DL-12925,Daniel Lacy,Consumer,United States,Eagan,Minnesota,55122.0,Central,OFF-PA-10000327,Office Supplies,Paper,Xerox 1971,8.56
2908,CA-2018-121615,03/11/2018,09/11/2018,Standard Class,DL-12925,Daniel Lacy,Consumer,United States,Eagan,Minnesota,55122.0,Central,OFF-ST-10001325,Office Supplies,Storage,Sterilite Officeware Hinged File Box,52.4
2909,CA-2018-121615,03/11/2018,09/11/2018,Standard Class,DL-12925,Daniel Lacy,Consumer,United States,Eagan,Minnesota,55122.0,Central,OFF-LA-10001771,Office Supplies,Labels,Avery 513,14.94
2911,CA-2016-118444,05/11/2016,09/11/2016,Standard Class,VD-21670,Valerie Dominguez,Consumer,United States,Coral Springs,Florida,33065.0,South,OFF-AP-10000576,Office Supplies,Appliances,"Belkin 325VA UPS Surge Protector, 6'",387.136
2914,CA-2015-113929,16/06/2015,21/06/2015,Standard Class,CK-12205,Chloris Kastensmidt,Consumer,United States,Hempstead,New York,11550.0,East,OFF-BI-10002852,Office Supplies,Binders,Ibico Standard Transparent Covers,39.552
2923,US-2016-141453,30/11/2016,03/12/2016,Second Class,DB-13270,Deborah Brumfield,Home Office,United States,Austin,Texas,78745.0,Central,OFF-BI-10000301,Office Supplies,Binders,GBC Instant Report Kit,3.882
2927,CA-2018-128629,10/07/2018,14/07/2018,Second Class,BP-11155,Becky Pak,Consumer,United States,Columbus,Georgia,31907.0,South,FUR-FU-10000771,Furniture,Furnishings,"Eldon 200 Class Desk Accessories, Smoke",18.84
2928,CA-2018-158106,04/06/2018,10/06/2018,Standard Class,CT-11995,Carol Triggs,Consumer,United States,Apple Valley,Minnesota,55124.0,Central,OFF-AR-10002255,Office Supplies,Art,Newell 346,8.64
2930,CA-2018-143434,18/11/2018,24/11/2018,Standard Class,ME-17320,Maria Etezadi,Home Office,United States,Saginaw,Michigan,48601.0,Central,FUR-FU-10002597,Furniture,Furnishings,"C-Line Magnetic Cubicle Keepers, Clear Polypropylene",19.76
2931,CA-2016-168564,08/08/2016,08/08/2016,Same Day,TT-21220,Thomas Thornton,Consumer,United States,San Francisco,California,94109.0,West,OFF-BI-10004970,Office Supplies,Binders,"ACCOHIDE 3-Ring Binder, Blue, 1""",6.608
2933,CA-2016-168564,08/08/2016,08/08/2016,Same Day,TT-21220,Thomas Thornton,Consumer,United States,San Francisco,California,94109.0,West,FUR-CH-10000785,Furniture,Chairs,Global Ergonomic Managers Chair,144.784
2936,US-2017-169040,06/12/2017,12/12/2017,Standard Class,GT-14710,Greg Tran,Consumer,United States,Seattle,Washington,98105.0,West,OFF-EN-10000927,Office Supplies,Envelopes,Jet-Pak Recycled Peel 'N' Seal Padded Mailers,35.89
2944,CA-2018-126242,19/11/2018,24/11/2018,Standard Class,MC-18100,Mick Crebagga,Consumer,United States,Los Angeles,California,90049.0,West,OFF-ST-10000675,Office Supplies,Storage,"File Shuttle II and Handi-File, Black",305.01
2945,CA-2018-126242,19/11/2018,24/11/2018,Standard Class,MC-18100,Mick Crebagga,Consumer,United States,Los Angeles,California,90049.0,West,FUR-FU-10002685,Furniture,Furnishings,"Executive Impressions 13-1/2"" Indoor/Outdoor Wall Clock",18.7
2946,CA-2017-166443,04/11/2017,05/11/2017,First Class,LH-17020,Lisa Hazard,Consumer,United States,San Francisco,California,94122.0,West,FUR-FU-10004020,Furniture,Furnishings,Advantus Panel Wall Acrylic Frame,38.29
2949,CA-2018-169859,14/12/2018,18/12/2018,Standard Class,MP-18175,Mike Pelletier,Home Office,United States,San Diego,California,92024.0,West,OFF-EN-10000461,Office Supplies,Envelopes,"#10- 4 1/8"" x 9 1/2"" Recycled Envelopes",43.7
2955,CA-2018-134915,12/11/2018,12/11/2018,Same Day,EM-14140,Eugene Moren,Home Office,United States,Glendale,Arizona,85301.0,West,TEC-PH-10001459,Technology,Phones,Samsung Galaxy Mega 6.3,671.984
2956,CA-2017-153353,18/08/2017,24/08/2017,Standard Class,GG-14650,Greg Guthrie,Corporate,United States,New York City,New York,10035.0,East,TEC-PH-10000439,Technology,Phones,GE DSL Phone Line Filter,39.99
2957,CA-2018-123638,27/06/2018,04/07/2018,Standard Class,MA-17995,Michelle Arnett,Home Office,United States,Watertown,New York,13601.0,East,FUR-CH-10002647,Furniture,Chairs,"Situations Contoured Folding Chairs, 4/Set",191.646
2958,CA-2018-168900,04/05/2018,09/05/2018,Standard Class,SH-20395,Shahid Hopkins,Consumer,United States,Springfield,Ohio,45503.0,East,OFF-BI-10003910,Office Supplies,Binders,DXL Angle-View Binders with Locking Rings by Samsill,2.313
2961,CA-2018-143665,26/04/2018,01/05/2018,Standard Class,PO-19180,Philisse Overcash,Home Office,United States,Seattle,Washington,98115.0,West,OFF-PA-10003673,Office Supplies,Paper,Strathmore Photo Mount Cards,20.34
2964,CA-2018-137428,16/12/2018,21/12/2018,Second Class,AY-10555,Andy Yotov,Corporate,United States,Oceanside,California,92054.0,West,FUR-CH-10003817,Furniture,Chairs,"Global Value Steno Chair, Gray",97.184
2969,CA-2018-167941,06/11/2018,09/11/2018,Second Class,JF-15565,Jill Fjeld,Consumer,United States,Fayetteville,North Carolina,28314.0,South,OFF-AP-10002118,Office Supplies,Appliances,"1.7 Cubic Foot Compact ""Cube"" Office Refrigerators",499.584
2971,CA-2018-167941,06/11/2018,09/11/2018,Second Class,JF-15565,Jill Fjeld,Consumer,United States,Fayetteville,North Carolina,28314.0,South,OFF-BI-10002827,Office Supplies,Binders,Avery Durable Poly Binders,13.272
2974,CA-2018-111808,16/12/2018,20/12/2018,Standard Class,AR-10510,Andrew Roberts,Consumer,United States,Tulsa,Oklahoma,74133.0,Central,OFF-BI-10004656,Office Supplies,Binders,Peel & Stick Add-On Corner Pockets,10.8
2983,CA-2015-131310,12/07/2015,18/07/2015,Standard Class,CL-12565,Clay Ludtke,Consumer,United States,Seattle,Washington,98115.0,West,OFF-BI-10003094,Office Supplies,Binders,Self-Adhesive Ring Binder Labels,11.264
2992,CA-2017-139010,21/02/2017,26/02/2017,Second Class,MC-17635,Matthew Clasen,Corporate,United States,Los Angeles,California,90032.0,West,OFF-BI-10002309,Office Supplies,Binders,Avery Heavy-Duty EZD  Binder With Locking Rings,31.248
2996,US-2015-150532,14/07/2015,21/07/2015,Standard Class,PB-19150,Philip Brown,Consumer,United States,Phoenix,Arizona,85023.0,West,OFF-ST-10000760,Office Supplies,Storage,Eldon Fold 'N Roll Cart System,55.92
2998,CA-2015-138317,21/06/2015,25/06/2015,Standard Class,NW-18400,Natalie Webber,Consumer,United States,Philadelphia,Pennsylvania,19120.0,East,FUR-FU-10000550,Furniture,Furnishings,Stacking Trays by OIC,3.984
3001,CA-2015-138317,21/06/2015,25/06/2015,Standard Class,NW-18400,Natalie Webber,Consumer,United States,Philadelphia,Pennsylvania,19120.0,East,OFF-AP-10003860,Office Supplies,Appliances,Fellowes Advanced 8 Outlet Surge Suppressor with Phone/Fax Protection,44.416
3002,CA-2015-138317,21/06/2015,25/06/2015,Standard Class,NW-18400,Natalie Webber,Consumer,United States,Philadelphia,Pennsylvania,19120.0,East,OFF-BI-10000069,Office Supplies,Binders,"GBC Prepunched Paper, 19-Hole, for Binding Systems, 24-lb",9.006
3003,CA-2016-130610,05/07/2016,10/07/2016,Standard Class,VP-21730,Victor Preis,Home Office,United States,Sterling Heights,Michigan,48310.0,Central,OFF-BI-10003655,Office Supplies,Binders,Durable Pressboard Binders,19.0
3007,CA-2018-116519,13/10/2018,15/10/2018,First Class,CR-12730,Craig Reiter,Consumer,United States,New York City,New York,10009.0,East,OFF-AP-10000828,Office Supplies,Appliances,Avanti 4.4 Cu. Ft. Refrigerator,904.9
3008,CA-2015-130729,24/10/2015,29/10/2015,Standard Class,AA-10375,Allen Armold,Consumer,United States,Rancho Cucamonga,California,91730.0,West,OFF-BI-10002706,Office Supplies,Binders,Avery Premier Heavy-Duty Binder with Round Locking Rings,34.272
3012,CA-2018-134845,17/04/2018,23/04/2018,Standard Class,SR-20425,Sharelle Roach,Home Office,United States,Louisville,Colorado,80027.0,West,TEC-MA-10000822,Technology,Machines,Lexmark MX611dhe Monochrome Laser Printer,2549.985
3015,CA-2018-134845,17/04/2018,23/04/2018,Standard Class,SR-20425,Sharelle Roach,Home Office,United States,Louisville,Colorado,80027.0,West,OFF-PA-10002005,Office Supplies,Paper,Xerox 225,20.736
3017,US-2017-160528,23/08/2017,30/08/2017,Standard Class,MH-18115,Mick Hernandez,Home Office,United States,Pharr,Texas,78577.0,Central,OFF-ST-10002743,Office Supplies,Storage,SAFCO Boltless Steel Shelving,727.296
3018,US-2017-160528,23/08/2017,30/08/2017,Standard Class,MH-18115,Mick Hernandez,Home Office,United States,Pharr,Texas,78577.0,Central,FUR-FU-10004973,Furniture,Furnishings,Flat Face Poster Frame,22.608
3019,US-2017-160528,23/08/2017,30/08/2017,Standard Class,MH-18115,Mick Hernandez,Home Office,United States,Pharr,Texas,78577.0,Central,TEC-AC-10002842,Technology,Accessories,WD My Passport Ultra 2TB Portable External Hard Drive,666.4
3020,CA-2016-123568,08/11/2016,14/11/2016,Standard Class,SC-20095,Sanjit Chand,Consumer,United States,West Jordan,Utah,84084.0,West,OFF-FA-10002701,Office Supplies,Fasteners,Alliance Rubber Bands,5.04
3022,CA-2016-123568,08/11/2016,14/11/2016,Standard Class,SC-20095,Sanjit Chand,Consumer,United States,West Jordan,Utah,84084.0,West,FUR-FU-10004090,Furniture,Furnishings,"Executive Impressions 14"" Contract Wall Clock",66.69
3024,CA-2018-124674,17/11/2018,23/11/2018,Standard Class,JB-16000,Joy Bell-,Consumer,United States,Brownsville,Texas,78521.0,Central,FUR-BO-10002202,Furniture,Bookcases,"Atlantic Metals Mobile 2-Shelf Bookcases, Custom Colors",327.7328
3025,CA-2016-164441,08/11/2016,13/11/2016,Standard Class,AC-10450,Amy Cox,Consumer,United States,New York City,New York,10011.0,East,OFF-BI-10001922,Office Supplies,Binders,Storex Dura Pro Binders,52.272
3026,CA-2016-164441,08/11/2016,13/11/2016,Standard Class,AC-10450,Amy Cox,Consumer,United States,New York City,New York,10011.0,East,OFF-PA-10001667,Office Supplies,Paper,Great White Multi-Use Recycled Paper (20Lb. and 84 Bright),17.94
3027,CA-2018-169054,22/04/2018,26/04/2018,Standard Class,MO-17800,Meg O'Connel,Home Office,United States,Philadelphia,Pennsylvania,19140.0,East,FUR-FU-10001488,Furniture,Furnishings,"Tenex 46"" x 60"" Computer Anti-Static Chairmat, Rectangular Shaped",254.352
3028,CA-2015-106719,24/08/2015,24/08/2015,Same Day,RB-19645,Robert Barroso,Corporate,United States,Billings,Montana,59102.0,West,OFF-BI-10002799,Office Supplies,Binders,"SlimView Poly Binder, 3/8""",8.288
3032,CA-2016-168480,21/09/2016,27/09/2016,Standard Class,DM-12955,Dario Medina,Corporate,United States,Lincoln Park,Michigan,48146.0,Central,OFF-AR-10001044,Office Supplies,Art,"BOSTON Ranger #55 Pencil Sharpener, Black",25.99
3033,US-2017-114293,21/11/2017,26/11/2017,Standard Class,JH-16180,Justin Hirsh,Consumer,United States,Gresham,Oregon,97030.0,West,FUR-CH-10003833,Furniture,Chairs,Novimex Fabric Task Chair,195.136
3034,CA-2018-134173,16/09/2018,21/09/2018,Standard Class,AB-10060,Adam Bellavance,Home Office,United States,Philadelphia,Pennsylvania,19143.0,East,OFF-PA-10004355,Office Supplies,Paper,Xerox 231,20.736
3035,US-2016-123960,11/06/2016,16/06/2016,Standard Class,BD-11605,Brian Dahlen,Consumer,United States,Monroe,Louisiana,71203.0,South,TEC-AC-10003038,Technology,Accessories,Kingston Digital DataTraveler 16GB USB 2.0,53.7
3036,US-2016-123960,11/06/2016,16/06/2016,Standard Class,BD-11605,Brian Dahlen,Consumer,United States,Monroe,Louisiana,71203.0,South,OFF-BI-10002799,Office Supplies,Binders,"SlimView Poly Binder, 3/8""",36.26
3038,US-2016-123960,11/06/2016,16/06/2016,Standard Class,BD-11605,Brian Dahlen,Consumer,United States,Monroe,Louisiana,71203.0,South,OFF-PA-10004451,Office Supplies,Paper,Xerox 222,32.4
3039,US-2016-123960,11/06/2016,16/06/2016,Standard Class,BD-11605,Brian Dahlen,Consumer,United States,Monroe,Louisiana,71203.0,South,FUR-FU-10004666,Furniture,Furnishings,DAX Clear Channel Poster Frame,29.16
3044,CA-2018-149559,11/09/2018,12/09/2018,Same Day,KF-16285,Karen Ferguson,Home Office,United States,Long Beach,California,90805.0,West,FUR-CH-10002320,Furniture,Chairs,Hon Pagoda Stacking Chairs,2054.272
3045,CA-2016-135174,30/04/2016,02/05/2016,Second Class,BP-11230,Benjamin Patterson,Consumer,United States,Troy,Ohio,45373.0,East,TEC-PH-10001530,Technology,Phones,Cisco Unified IP Phone 7945G VoIP phone,1022.97
3046,CA-2018-125290,06/11/2018,10/11/2018,Second Class,CC-12430,Chuck Clark,Home Office,United States,Minneapolis,Minnesota,55407.0,Central,OFF-AR-10001216,Office Supplies,Art,Newell 339,13.9
3048,CA-2015-137351,30/09/2015,04/10/2015,Standard Class,DB-13615,Doug Bickford,Consumer,United States,Seattle,Washington,98105.0,West,OFF-BI-10003910,Office Supplies,Binders,DXL Angle-View Binders with Locking Rings by Samsill,43.176
3051,US-2018-148054,06/10/2018,11/10/2018,Standard Class,NZ-18565,Nick Zandusky,Home Office,United States,Meridian,Idaho,83642.0,West,FUR-FU-10003247,Furniture,Furnishings,36X48 HARDFLOOR CHAIRMAT,41.96
3054,CA-2017-128517,09/04/2017,14/04/2017,Second Class,SW-20350,Sean Wendt,Home Office,United States,Detroit,Michigan,48227.0,Central,TEC-PH-10002555,Technology,Phones,Nortel Meridian M5316 Digital phone,517.9
3056,US-2016-100377,28/08/2016,01/09/2016,Standard Class,TS-21370,Todd Sumrall,Corporate,United States,Chicago,Illinois,60623.0,Central,TEC-CO-10001046,Technology,Copiers,Canon Imageclass D680 Copier / Fax,2799.96
3058,CA-2018-131492,19/10/2018,24/10/2018,Second Class,HH-15010,Hilary Holden,Corporate,United States,San Francisco,California,94110.0,West,OFF-LA-10001641,Office Supplies,Labels,Avery 518,31.5
3059,CA-2018-131492,19/10/2018,24/10/2018,Second Class,HH-15010,Hilary Holden,Corporate,United States,San Francisco,California,94110.0,West,FUR-FU-10003878,Furniture,Furnishings,"Linden 10"" Round Wall Clock, Black",30.56
3060,CA-2018-131492,19/10/2018,24/10/2018,Second Class,HH-15010,Hilary Holden,Corporate,United States,San Francisco,California,94110.0,West,FUR-TA-10003837,Furniture,Tables,Anderson Hickey Conga Table Tops & Accessories,24.368
3061,CA-2017-144554,07/11/2017,12/11/2017,Standard Class,DM-13345,Denise Monton,Corporate,United States,Newark,Ohio,43055.0,East,TEC-AC-10002800,Technology,Accessories,Plantronics Audio 478 Stereo USB Headset,119.976
3064,CA-2016-145184,27/11/2016,29/11/2016,First Class,JD-16150,Justin Deggeller,Corporate,United States,Newark,Delaware,19711.0,East,TEC-AC-10000397,Technology,Accessories,"Perixx PERIBOARD-512B, Ergonomic Split Keyboard",104.97
3065,CA-2018-106859,13/03/2018,18/03/2018,Second Class,BF-11215,Benjamin Farhat,Home Office,United States,Albuquerque,New Mexico,87105.0,West,OFF-ST-10000615,Office Supplies,Storage,"SimpliFile Personal File, Black Granite, 15w x 6-15/16d x 11-1/4h",90.8
3066,CA-2018-106859,13/03/2018,18/03/2018,Second Class,BF-11215,Benjamin Farhat,Home Office,United States,Albuquerque,New Mexico,87105.0,West,TEC-PH-10004531,Technology,Phones,OtterBox Commuter Series Case - iPhone 5 & 5s,140.736
3071,CA-2015-119375,17/11/2015,22/11/2015,Standard Class,YC-21895,Yoseph Carroll,Corporate,United States,Newark,Delaware,19711.0,East,OFF-ST-10002011,Office Supplies,Storage,Smead Adjustable Mobile File Trolley with Lockable Top,2934.33
3072,CA-2015-119375,17/11/2015,22/11/2015,Standard Class,YC-21895,Yoseph Carroll,Corporate,United States,Newark,Delaware,19711.0,East,FUR-FU-10002379,Furniture,Furnishings,Eldon Econocleat Chair Mats for Low Pile Carpets,124.41
3078,CA-2015-143903,20/07/2015,24/07/2015,Standard Class,KM-16375,Katherine Murray,Home Office,United States,Dallas,Texas,75217.0,Central,FUR-CH-10002024,Furniture,Chairs,HON 5400 Series Task Chairs for Big and Tall,981.372
3079,CA-2015-104780,21/05/2015,25/05/2015,Standard Class,BT-11530,Bradley Talbott,Home Office,United States,San Diego,California,92037.0,West,OFF-AR-10003514,Office Supplies,Art,4009 Highlighters by Sanford,31.84
3080,CA-2018-101182,04/09/2018,05/09/2018,First Class,KB-16405,Katrina Bavinger,Home Office,United States,Apple Valley,California,92307.0,West,OFF-PA-10001800,Office Supplies,Paper,Xerox 220,12.96
3081,CA-2018-101182,04/09/2018,05/09/2018,First Class,KB-16405,Katrina Bavinger,Home Office,United States,Apple Valley,California,92307.0,West,TEC-PH-10003589,Technology,Phones,invisibleSHIELD by ZAGG Smudge-Free Screen Protector,43.176
3083,US-2018-132297,27/05/2018,02/06/2018,Standard Class,DW-13480,Dianna Wilson,Home Office,United States,Louisville,Kentucky,40214.0,South,TEC-PH-10002834,Technology,Phones,Google Nexus 5,539.97
3086,CA-2018-118773,09/02/2018,14/02/2018,Standard Class,TP-21415,Tom Prescott,Consumer,United States,Houston,Texas,77070.0,Central,TEC-AC-10002402,Technology,Accessories,Razer Kraken PRO Over Ear PC and Music Headset,127.984
3091,CA-2017-112123,03/03/2017,08/03/2017,Standard Class,BH-11710,Brosina Hoffman,Consumer,United States,Newark,Delaware,19711.0,East,OFF-BI-10001071,Office Supplies,Binders,GBC ProClick Punch Binding System,447.86
3092,CA-2017-112123,03/03/2017,08/03/2017,Standard Class,BH-11710,Brosina Hoffman,Consumer,United States,Newark,Delaware,19711.0,East,TEC-PH-10001557,Technology,Phones,Pyle PMP37LED,479.95
3095,CA-2016-114468,23/08/2016,23/08/2016,Same Day,TD-20995,Tamara Dahlen,Consumer,United States,Bolingbrook,Illinois,60440.0,Central,OFF-PA-10000809,Office Supplies,Paper,Xerox 206,10.368
3096,CA-2016-114468,23/08/2016,23/08/2016,Same Day,TD-20995,Tamara Dahlen,Consumer,United States,Bolingbrook,Illinois,60440.0,Central,OFF-FA-10003021,Office Supplies,Fasteners,Staples,12.032
3101,CA-2018-131233,14/04/2018,19/04/2018,Standard Class,CS-12355,Christine Sundaresam,Consumer,United States,New York City,New York,10024.0,East,FUR-BO-10003441,Furniture,Bookcases,"Bush Westfield Collection Bookcases, Fully Assembled",242.352
3102,CA-2018-119578,22/12/2018,27/12/2018,Second Class,JG-15310,Jason Gross,Corporate,United States,Providence,Rhode Island,2908.0,East,OFF-SU-10003505,Office Supplies,Supplies,Premier Electric Letter Opener,695.16
3106,CA-2017-103037,25/07/2017,29/07/2017,Standard Class,KH-16630,Ken Heidel,Corporate,United States,Houston,Texas,77070.0,Central,OFF-LA-10004345,Office Supplies,Labels,Avery 493,15.712
3108,CA-2017-121671,17/07/2017,22/07/2017,Standard Class,AA-10480,Andrew Allen,Consumer,United States,Springfield,Missouri,65807.0,Central,OFF-PA-10001471,Office Supplies,Paper,Strathmore Photo Frame Cards,21.93
3112,CA-2017-121671,17/07/2017,22/07/2017,Standard Class,AA-10480,Andrew Allen,Consumer,United States,Springfield,Missouri,65807.0,Central,OFF-ST-10000078,Office Supplies,Storage,Tennsco 6- and 18-Compartment Lockers,265.17
3115,CA-2017-150350,23/08/2017,30/08/2017,Standard Class,MS-17770,Maxwell Schwartz,Consumer,United States,Seattle,Washington,98105.0,West,OFF-PA-10002160,Office Supplies,Paper,Xerox 1978,34.68
3119,CA-2016-121720,11/06/2016,12/06/2016,First Class,JE-15610,Jim Epp,Corporate,United States,Lakeland,Florida,33801.0,South,FUR-CH-10003312,Furniture,Chairs,Hon 2090 “Pillow Soft” Series Mid Back Swivel/Tilt Chairs,1123.92
3123,CA-2016-121720,11/06/2016,12/06/2016,First Class,JE-15610,Jim Epp,Corporate,United States,Lakeland,Florida,33801.0,South,OFF-BI-10004593,Office Supplies,Binders,Ibico Laser Imprintable Binding System Covers,78.6
3124,CA-2016-121720,11/06/2016,12/06/2016,First Class,JE-15610,Jim Epp,Corporate,United States,Lakeland,Florida,33801.0,South,OFF-BI-10001308,Office Supplies,Binders,GBC Standard Plastic Binding Systems' Combs,3.768
3126,CA-2016-121720,11/06/2016,12/06/2016,First Class,JE-15610,Jim Epp,Corporate,United States,Lakeland,Florida,33801.0,South,OFF-ST-10003816,Office Supplies,Storage,Fellowes High-Stak Drawer Files,563.808
3127,CA-2018-149895,08/09/2018,12/09/2018,Standard Class,EB-14110,Eugene Barchas,Consumer,United States,Philadelphia,Pennsylvania,19134.0,East,TEC-PH-10002200,Technology,Phones,Aastra 6757i CT Wireless VoIP phone,258.528
3128,CA-2018-147564,02/10/2018,06/10/2018,Standard Class,BP-11155,Becky Pak,Consumer,United States,New York City,New York,10011.0,East,OFF-PA-10004438,Office Supplies,Paper,Xerox 1907,49.12
3129,CA-2015-136399,16/12/2015,17/12/2015,First Class,CC-12100,Chad Cunningham,Home Office,United States,Los Angeles,California,90049.0,West,FUR-FU-10004090,Furniture,Furnishings,"Executive Impressions 14"" Contract Wall Clock",44.46
3131,CA-2015-136399,16/12/2015,17/12/2015,First Class,CC-12100,Chad Cunningham,Home Office,United States,Los Angeles,California,90049.0,West,TEC-AC-10001142,Technology,Accessories,First Data FD10 PIN Pad,395.0
3132,CA-2015-136399,16/12/2015,17/12/2015,First Class,CC-12100,Chad Cunningham,Home Office,United States,Los Angeles,California,90049.0,West,TEC-PH-10004977,Technology,Phones,GE 30524EE4,627.168
3133,CA-2015-107916,24/08/2015,26/08/2015,First Class,JP-15460,Jennifer Patt,Corporate,United States,Oceanside,New York,11572.0,East,FUR-FU-10004586,Furniture,Furnishings,G.E. Longer-Life Indoor Recessed Floodlight Bulbs,13.28
3134,CA-2015-107916,24/08/2015,26/08/2015,First Class,JP-15460,Jennifer Patt,Corporate,United States,Oceanside,New York,11572.0,East,OFF-BI-10001116,Office Supplies,Binders,"Wilson Jones 1"" Hanging DublLock Ring Binders",12.672
3143,CA-2018-162572,25/09/2018,27/09/2018,Second Class,RB-19360,Raymond Buch,Consumer,United States,Cincinnati,Ohio,45231.0,East,TEC-AC-10003628,Technology,Accessories,Logitech 910-002974 M325 Wireless Mouse for Web Scrolling,119.96
3144,CA-2018-162572,25/09/2018,27/09/2018,Second Class,RB-19360,Raymond Buch,Consumer,United States,Cincinnati,Ohio,45231.0,East,OFF-AR-10001547,Office Supplies,Art,Newell 311,10.608
3146,CA-2018-131828,11/02/2018,13/02/2018,Second Class,CS-11845,Cari Sayre,Corporate,United States,Seattle,Washington,98105.0,West,FUR-CH-10004495,Furniture,Chairs,"Global Leather and Oak Executive Chair, Black",963.136
3147,CA-2018-131828,11/02/2018,13/02/2018,Second Class,CS-11845,Cari Sayre,Corporate,United States,Seattle,Washington,98105.0,West,TEC-PH-10002923,Technology,Phones,"Logitech B530 USB Headset - headset - Full size, Binaural",88.776
3149,CA-2017-120558,07/06/2017,10/06/2017,First Class,RD-19810,Ross DeVincentis,Home Office,United States,New York City,New York,10035.0,East,OFF-PA-10003441,Office Supplies,Paper,Xerox 226,32.4
3150,US-2015-109036,20/12/2015,25/12/2015,Standard Class,KH-16510,Keith Herrera,Consumer,United States,Seattle,Washington,98103.0,West,OFF-LA-10002043,Office Supplies,Labels,Avery 489,31.05
3152,CA-2016-147830,15/12/2016,18/12/2016,First Class,NF-18385,Natalie Fritzler,Consumer,United States,Newark,Ohio,43055.0,East,TEC-MA-10000418,Technology,Machines,Cubify CubeX 3D Printer Double Head Print,1799.994
3155,CA-2018-150497,20/07/2018,24/07/2018,Standard Class,SM-20950,Suzanne McNair,Corporate,United States,Maple Grove,Minnesota,55369.0,Central,OFF-BI-10004600,Office Supplies,Binders,Ibico Ibimaster 300 Manual Binding System,735.98
3161,US-2015-150924,12/09/2015,16/09/2015,Second Class,PT-19090,Pete Takahito,Consumer,United States,Houston,Texas,77070.0,Central,OFF-BI-10004040,Office Supplies,Binders,Wilson Jones Impact Binders,5.18
3173,US-2017-133879,21/03/2017,28/03/2017,Standard Class,KT-16465,Kean Takahito,Consumer,United States,Chicago,Illinois,60623.0,Central,FUR-CH-10000665,Furniture,Chairs,"Global Airflow Leather Mesh Back Chair, Black",528.43
3182,CA-2018-152912,09/11/2018,12/11/2018,Second Class,BM-11650,Brian Moss,Corporate,United States,Columbia,Maryland,21044.0,East,OFF-BI-10004728,Office Supplies,Binders,Wilson Jones Turn Tabs Binder Tool for Ring Binders,9.64
3185,CA-2018-152912,09/11/2018,12/11/2018,Second Class,BM-11650,Brian Moss,Corporate,United States,Columbia,Maryland,21044.0,East,OFF-ST-10003208,Office Supplies,Storage,Adjustable Depth Letter/Legal Cart,544.38
3186,CA-2015-123498,07/11/2015,09/11/2015,First Class,TC-20980,Tamara Chand,Corporate,United States,Houston,Texas,77041.0,Central,OFF-BI-10000632,Office Supplies,Binders,Satellite Sectional Post Binders,26.046
3188,CA-2018-159352,12/03/2018,17/03/2018,Standard Class,KB-16585,Ken Black,Corporate,United States,Lowell,Massachusetts,1852.0,East,TEC-PH-10004700,Technology,Phones,PowerGen Dual USB Car Charger,69.93
3195,CA-2015-165428,01/09/2015,04/09/2015,First Class,JL-15130,Jack Lebron,Consumer,United States,Houston,Texas,77036.0,Central,OFF-PA-10004100,Office Supplies,Paper,Xerox 216,31.104
3203,CA-2015-158372,10/11/2015,16/11/2015,Standard Class,RD-19900,Ruben Dartt,Consumer,United States,San Diego,California,92037.0,West,TEC-PH-10002103,Technology,Phones,Jabra SPEAK 410,601.536
3205,CA-2015-158372,10/11/2015,16/11/2015,Standard Class,RD-19900,Ruben Dartt,Consumer,United States,San Diego,California,92037.0,West,FUR-FU-10000397,Furniture,Furnishings,Luxo Economy Swing Arm Lamp,39.88
3206,CA-2015-158372,10/11/2015,16/11/2015,Standard Class,RD-19900,Ruben Dartt,Consumer,United States,San Diego,California,92037.0,West,OFF-PA-10002137,Office Supplies,Paper,"Southworth 100% Résumé Paper, 24lb.",62.24
3207,CA-2015-158372,10/11/2015,16/11/2015,Standard Class,RD-19900,Ruben Dartt,Consumer,United States,San Diego,California,92037.0,West,FUR-FU-10001867,Furniture,Furnishings,"Eldon Expressions Punched Metal & Wood Desk Accessories, Pewter & Cherry",53.2
3208,CA-2015-158372,10/11/2015,16/11/2015,Standard Class,RD-19900,Ruben Dartt,Consumer,United States,San Diego,California,92037.0,West,OFF-LA-10000407,Office Supplies,Labels,Avery White Multi-Purpose Labels,39.84
3209,CA-2017-108882,09/01/2017,15/01/2017,Standard Class,LA-16780,Laura Armstrong,Corporate,United States,Fresno,California,93727.0,West,TEC-AC-10000420,Technology,Accessories,Logitech G500s Laser Gaming Mouse with Adjustable Weight Tuning,349.95
3210,CA-2017-108882,09/01/2017,15/01/2017,Standard Class,LA-16780,Laura Armstrong,Corporate,United States,Fresno,California,93727.0,West,TEC-PH-10002726,Technology,Phones,netTALK DUO VoIP Telephone Service,377.928
3211,US-2018-108245,22/09/2018,27/09/2018,Standard Class,SH-19975,Sally Hughsby,Corporate,United States,Pearland,Texas,77581.0,Central,OFF-EN-10001415,Office Supplies,Envelopes,Staple envelope,13.392
3232,US-2018-156356,16/04/2018,22/04/2018,Standard Class,ND-18370,Natalie DeCherney,Consumer,United States,Houston,Texas,77095.0,Central,OFF-BI-10000632,Office Supplies,Binders,Satellite Sectional Post Binders,26.046
3234,US-2018-156356,16/04/2018,22/04/2018,Standard Class,ND-18370,Natalie DeCherney,Consumer,United States,Houston,Texas,77095.0,Central,OFF-ST-10002301,Office Supplies,Storage,Tennsco Commercial Shelving,32.544
3236,CA-2017-140746,15/01/2017,15/01/2017,Same Day,RC-19825,Roy Collins,Consumer,United States,Fairfield,Connecticut,6824.0,East,FUR-TA-10002903,Furniture,Tables,"Bevis Round Bullnose 29"" High Table Top",181.797
3239,US-2017-127971,20/11/2017,27/11/2017,Standard Class,DW-13195,David Wiener,Corporate,United States,Houston,Texas,77095.0,Central,FUR-CH-10003774,Furniture,Chairs,"Global Wood Trimmed Manager's Task Chair, Khaki",318.43
3245,CA-2018-113355,01/12/2018,05/12/2018,Standard Class,SJ-20215,Sarah Jordon,Consumer,United States,Grand Prairie,Texas,75051.0,Central,FUR-CH-10002602,Furniture,Chairs,DMI Arturo Collection Mission-style Design Wood Chair,317.058
3246,US-2018-140907,10/12/2018,12/12/2018,Second Class,BP-11185,Ben Peterman,Corporate,United States,Seattle,Washington,98103.0,West,TEC-AC-10004510,Technology,Accessories,Logitech Desktop MK120 Mouse and keyboard Combo,49.08
3252,CA-2018-119389,17/04/2018,19/04/2018,First Class,BG-11740,Bruce Geld,Consumer,United States,Philadelphia,Pennsylvania,19120.0,East,FUR-FU-10001473,Furniture,Furnishings,"Eldon Executive Woodline II Desk Accessories, Mahogany",60.312
3258,US-2017-161844,09/12/2017,14/12/2017,Second Class,DK-12835,Damala Kotsonis,Corporate,United States,Franklin,Tennessee,37064.0,South,FUR-TA-10001676,Furniture,Tables,Hon 61000 Series Interactive Training Tables,79.974
3264,CA-2015-140662,17/11/2015,19/11/2015,First Class,TS-21205,Thomas Seio,Corporate,United States,San Francisco,California,94109.0,West,OFF-AP-10001242,Office Supplies,Appliances,APC 7 Outlet Network SurgeArrest Surge Protector,241.44
3266,US-2015-126571,11/10/2015,15/10/2015,Standard Class,JF-15565,Jill Fjeld,Consumer,United States,Philadelphia,Pennsylvania,19120.0,East,OFF-ST-10003816,Office Supplies,Storage,Fellowes High-Stak Drawer Files,281.904
3270,CA-2015-115980,15/07/2015,19/07/2015,Standard Class,VW-21775,Victoria Wilson,Corporate,United States,Sioux Falls,South Dakota,57103.0,Central,TEC-AC-10003709,Technology,Accessories,Maxell 4.7GB DVD-R 5/Pack,2.97
3273,CA-2016-146038,09/02/2016,16/02/2016,Standard Class,SJ-20215,Sarah Jordon,Consumer,United States,Los Angeles,California,90049.0,West,FUR-CH-10002774,Furniture,Chairs,"Global Deluxe Stacking Chair, Gray",203.92
3280,CA-2015-102988,05/04/2015,09/04/2015,Second Class,GM-14695,Greg Maxwell,Corporate,United States,Alexandria,Virginia,22304.0,South,OFF-AR-10000127,Office Supplies,Art,Newell 321,22.96
3282,US-2015-117170,17/09/2015,24/09/2015,Standard Class,KT-16465,Kean Takahito,Consumer,United States,Raleigh,North Carolina,27604.0,South,TEC-AC-10001109,Technology,Accessories,Logitech Trackman Marble Mouse,47.984
3283,US-2015-117170,17/09/2015,24/09/2015,Standard Class,KT-16465,Kean Takahito,Consumer,United States,Raleigh,North Carolina,27604.0,South,OFF-PA-10000682,Office Supplies,Paper,Xerox 1924,4.624
3284,CA-2015-159478,30/09/2015,06/10/2015,Standard Class,MH-17785,Maya Herman,Corporate,United States,New York City,New York,10035.0,East,FUR-FU-10000221,Furniture,Furnishings,"Master Caster Door Stop, Brown",15.24
3285,CA-2015-103702,12/09/2015,17/09/2015,Standard Class,AF-10885,Art Foster,Consumer,United States,Fairfield,Ohio,45014.0,East,OFF-BI-10002429,Office Supplies,Binders,"Premier Elliptical Ring Binder, Black",63.924
3287,CA-2018-150525,20/02/2018,25/02/2018,Standard Class,JP-16135,Julie Prescott,Home Office,United States,Muskogee,Oklahoma,74403.0,Central,OFF-AP-10000595,Office Supplies,Appliances,Disposable Triple-Filter Dust Bags,13.11
3289,CA-2016-157770,13/12/2016,15/12/2016,First Class,RD-19585,Rob Dowd,Consumer,United States,Temecula,California,92592.0,West,OFF-BI-10000050,Office Supplies,Binders,"Angle-D Binders with Locking Rings, Label Holders",29.2
3291,CA-2016-157770,13/12/2016,15/12/2016,First Class,RD-19585,Rob Dowd,Consumer,United States,Temecula,California,92592.0,West,TEC-AC-10003399,Technology,Accessories,Memorex Mini Travel Drive 64 GB USB 2.0 Flash Drive,36.24
3296,CA-2018-113418,01/10/2018,03/10/2018,First Class,CM-12655,Corinna Mitchell,Home Office,United States,New York City,New York,10035.0,East,TEC-MA-10002428,Technology,Machines,Fellowes Powershred HS-440 4-Sheet High Security Shredder,1704.89
3298,US-2016-110569,23/05/2016,30/05/2016,Standard Class,EB-13870,Emily Burns,Consumer,United States,Phoenix,Arizona,85023.0,West,OFF-AP-10004708,Office Supplies,Appliances,Fellowes Superior 10 Outlet Split Surge Protector,121.792
3299,CA-2018-136308,16/11/2018,16/11/2018,Same Day,MW-18235,Mitch Willingham,Corporate,United States,San Francisco,California,94122.0,West,TEC-MA-10000488,Technology,Machines,Bady BDG101FRU Card Printer,1919.976
3300,US-2015-159926,18/11/2015,22/11/2015,Standard Class,CS-11950,Carlos Soltero,Consumer,United States,Philadelphia,Pennsylvania,19140.0,East,OFF-BI-10003656,Office Supplies,Binders,Fellowes PB200 Plastic Comb Binding Machine,50.997
3306,CA-2015-104738,30/12/2015,01/01/2016,Second Class,SP-20620,Stefania Perrino,Corporate,United States,Laredo,Texas,78041.0,Central,TEC-PH-10002468,Technology,Phones,"Plantronics CS 50-USB - headset - Convertible, Monaural",217.584
3308,CA-2015-104738,30/12/2015,01/01/2016,Second Class,SP-20620,Stefania Perrino,Corporate,United States,Laredo,Texas,78041.0,Central,OFF-BI-10002160,Office Supplies,Binders,Acco Hanging Data Binders,2.286
3313,US-2015-133130,27/09/2015,01/10/2015,Standard Class,TH-21100,Thea Hendricks,Consumer,United States,San Diego,California,92037.0,West,FUR-CH-10002602,Furniture,Chairs,DMI Arturo Collection Mission-style Design Wood Chair,603.92
3315,CA-2018-169978,24/12/2018,28/12/2018,Standard Class,HG-15025,Hunter Glantz,Consumer,United States,Oceanside,New York,11572.0,East,FUR-CH-10002602,Furniture,Chairs,DMI Arturo Collection Mission-style Design Wood Chair,271.764
3317,CA-2018-161739,10/11/2018,15/11/2018,Second Class,EB-13750,Edward Becker,Corporate,United States,Round Rock,Texas,78664.0,Central,FUR-FU-10001468,Furniture,Furnishings,Tenex Antistatic Computer Chair Mats,341.96
3318,CA-2016-165057,11/09/2016,15/09/2016,Standard Class,SC-20725,Steven Cartwright,Consumer,United States,Redlands,California,92374.0,West,OFF-AR-10004648,Office Supplies,Art,Boston 19500 Mighty Mite Electric Pencil Sharpener,181.35
3320,CA-2015-134551,20/12/2015,25/12/2015,Standard Class,TS-21505,Tony Sayre,Consumer,United States,Columbia,Tennessee,38401.0,South,OFF-AP-10004868,Office Supplies,Appliances,Hoover Commercial Soft Guard Upright Vacuum And Disposable Filtration Bags,43.512
3321,CA-2015-134551,20/12/2015,25/12/2015,Standard Class,TS-21505,Tony Sayre,Consumer,United States,Columbia,Tennessee,38401.0,South,FUR-CH-10004287,Furniture,Chairs,SAFCO Arco Folding Chair,662.88
3326,CA-2015-165309,11/11/2015,15/11/2015,Standard Class,KD-16270,Karen Daniels,Consumer,United States,Houston,Texas,77095.0,Central,OFF-BI-10001267,Office Supplies,Binders,"Universal Recycled Hanging Pressboard Report Binders, Letter Size",1.234
3329,CA-2015-165309,11/11/2015,15/11/2015,Standard Class,KD-16270,Karen Daniels,Consumer,United States,Houston,Texas,77095.0,Central,OFF-PA-10001033,Office Supplies,Paper,Xerox 1893,262.336
3330,CA-2015-165309,11/11/2015,15/11/2015,Standard Class,KD-16270,Karen Daniels,Consumer,United States,Houston,Texas,77095.0,Central,TEC-PH-10003505,Technology,Phones,Geemarc AmpliPOWER60,148.48
3334,CA-2018-122595,14/12/2018,20/12/2018,Standard Class,GM-14455,Gary Mitchum,Home Office,United States,Chicago,Illinois,60653.0,Central,FUR-FU-10002963,Furniture,Furnishings,"Master Caster Door Stop, Gray",2.032
3335,US-2018-109253,21/08/2018,22/08/2018,First Class,PR-18880,Patrick Ryan,Consumer,United States,Oakland,California,94601.0,West,OFF-AR-10000203,Office Supplies,Art,Newell 336,17.12
3338,US-2018-109253,21/08/2018,22/08/2018,First Class,PR-18880,Patrick Ryan,Consumer,United States,Oakland,California,94601.0,West,FUR-TA-10001539,Furniture,Tables,Chromcraft Rectangular Conference Tables,568.728
3345,CA-2017-145982,27/08/2017,01/09/2017,Second Class,TB-21055,Ted Butterfield,Consumer,United States,Quincy,Massachusetts,2169.0,East,OFF-PA-10002666,Office Supplies,Paper,Southworth 25% Cotton Linen-Finish Paper & Envelopes,81.54
3350,US-2017-157308,17/08/2017,21/08/2017,Standard Class,NM-18520,Neoma Murray,Consumer,United States,Seattle,Washington,98105.0,West,OFF-BI-10003712,Office Supplies,Binders,"Acco Pressboard Covers with Storage Hooks, 14 7/8"" x 11"", Light Blue",15.712
3351,CA-2017-147536,26/12/2017,31/12/2017,Standard Class,AR-10510,Andrew Roberts,Consumer,United States,New York City,New York,10024.0,East,TEC-AC-10003280,Technology,Accessories,Belkin F8E887 USB Wired Ergonomic Keyboard,89.97
3353,US-2015-134733,23/09/2015,28/09/2015,Standard Class,BM-11650,Brian Moss,Corporate,United States,San Diego,California,92037.0,West,TEC-PH-10002726,Technology,Phones,netTALK DUO VoIP Telephone Service,83.984
3354,US-2015-150434,19/07/2015,24/07/2015,Standard Class,CA-12310,Christine Abelman,Corporate,United States,Bristol,Connecticut,6010.0,East,TEC-PH-10000895,Technology,Phones,Polycom VVX 310 VoIP phone,359.98
3356,US-2015-150434,19/07/2015,24/07/2015,Standard Class,CA-12310,Christine Abelman,Corporate,United States,Bristol,Connecticut,6010.0,East,OFF-BI-10003694,Office Supplies,Binders,"Avery 3 1/2"" Diskette Storage Pages, 10/Pack",20.88
3371,CA-2017-134887,25/03/2017,25/03/2017,Same Day,TB-21280,Toby Braunhardt,Consumer,United States,Norman,Oklahoma,73071.0,Central,TEC-AC-10003832,Technology,Accessories,Logitech P710e Mobile Speakerphone,1287.45
3376,CA-2016-161718,04/12/2016,10/12/2016,Standard Class,SO-20335,Sean O'Donnell,Consumer,United States,Hempstead,New York,11550.0,East,TEC-PH-10000376,Technology,Phones,Square Credit Card Reader,39.96
3379,CA-2018-142867,17/03/2018,21/03/2018,Standard Class,PO-19180,Philisse Overcash,Home Office,United States,Houston,Texas,77095.0,Central,OFF-BI-10003166,Office Supplies,Binders,GBC Plasticlear Binding Covers,13.776
3380,CA-2018-142867,17/03/2018,21/03/2018,Standard Class,PO-19180,Philisse Overcash,Home Office,United States,Houston,Texas,77095.0,Central,OFF-PA-10004610,Office Supplies,Paper,Xerox 1900,10.272
3382,US-2018-162208,27/08/2018,30/08/2018,First Class,SP-20620,Stefania Perrino,Corporate,United States,Tampa,Florida,33614.0,South,OFF-EN-10004030,Office Supplies,Envelopes,Convenience Packs of Business Envelopes,2.896
3383,CA-2016-130659,04/12/2016,09/12/2016,Second Class,MS-17365,Maribeth Schnelling,Consumer,United States,New York City,New York,10035.0,East,OFF-EN-10004147,Office Supplies,Envelopes,Wausau Papers Astrobrights Colored Envelopes,17.94
3384,CA-2016-130659,04/12/2016,09/12/2016,Second Class,MS-17365,Maribeth Schnelling,Consumer,United States,New York City,New York,10035.0,East,FUR-CH-10003535,Furniture,Chairs,"Global Armless Task Chair, Royal Blue",384.174
3393,CA-2015-166471,09/08/2015,13/08/2015,Standard Class,MG-17650,Matthew Grinstein,Home Office,United States,Seattle,Washington,98103.0,West,TEC-PH-10000038,Technology,Phones,Jawbone MINI JAMBOX Wireless Bluetooth Speaker,219.168
3394,CA-2015-105340,22/11/2015,25/11/2015,First Class,EH-14185,Evan Henry,Consumer,United States,Pasadena,Texas,77506.0,Central,OFF-BI-10001765,Office Supplies,Binders,Wilson Jones Heavy-Duty Casebound Ring Binders with Metal Hinges,6.928
3397,US-2018-148362,01/07/2018,08/07/2018,Standard Class,KF-16285,Karen Ferguson,Home Office,United States,Indianapolis,Indiana,46203.0,Central,OFF-BI-10003656,Office Supplies,Binders,Fellowes PB200 Plastic Comb Binding Machine,169.99
3398,US-2018-148362,01/07/2018,08/07/2018,Standard Class,KF-16285,Karen Ferguson,Home Office,United States,Indianapolis,Indiana,46203.0,Central,OFF-PA-10003441,Office Supplies,Paper,Xerox 226,25.92
3400,CA-2015-102274,21/11/2015,26/11/2015,Standard Class,DH-13075,Dave Hallsten,Corporate,United States,Richmond,Kentucky,40475.0,South,OFF-PA-10004359,Office Supplies,Paper,Multicolor Computer Printout Paper,629.1
3401,CA-2015-102274,21/11/2015,26/11/2015,Standard Class,DH-13075,Dave Hallsten,Corporate,United States,Richmond,Kentucky,40475.0,South,OFF-ST-10001511,Office Supplies,Storage,Space Solutions Commercial Steel Shelving,193.95
3406,US-2015-150119,23/04/2015,27/04/2015,Standard Class,LB-16795,Laurel Beltran,Home Office,United States,Columbus,Ohio,43229.0,East,FUR-CH-10002965,Furniture,Chairs,"Global Leather Highback Executive Chair with Pneumatic Height Adjustment, Black",281.372
3411,CA-2017-100244,20/09/2017,24/09/2017,Standard Class,GM-14695,Greg Maxwell,Corporate,United States,San Francisco,California,94122.0,West,OFF-PA-10001471,Office Supplies,Paper,Strathmore Photo Frame Cards,65.79
3412,CA-2017-100244,20/09/2017,24/09/2017,Standard Class,GM-14695,Greg Maxwell,Corporate,United States,San Francisco,California,94122.0,West,OFF-BI-10003656,Office Supplies,Binders,Fellowes PB200 Plastic Comb Binding Machine,271.984
3413,CA-2017-100244,20/09/2017,24/09/2017,Standard Class,GM-14695,Greg Maxwell,Corporate,United States,San Francisco,California,94122.0,West,OFF-AR-10000940,Office Supplies,Art,Newell 343,11.76
3414,CA-2017-100244,20/09/2017,24/09/2017,Standard Class,GM-14695,Greg Maxwell,Corporate,United States,San Francisco,California,94122.0,West,OFF-PA-10002319,Office Supplies,Paper,Xerox 1944,77.52
3419,CA-2016-151841,27/04/2016,02/05/2016,Standard Class,TC-21475,Tony Chapman,Home Office,United States,Aurora,Colorado,80013.0,West,OFF-SU-10001574,Office Supplies,Supplies,Acme Value Line Scissors,5.84
3423,CA-2017-134803,28/05/2017,03/06/2017,Standard Class,CL-12565,Clay Ludtke,Consumer,United States,Los Angeles,California,90004.0,West,TEC-AC-10002217,Technology,Accessories,Imation Clip USB flash drive - 8 GB,131.6
3425,CA-2017-134803,28/05/2017,03/06/2017,Standard Class,CL-12565,Clay Ludtke,Consumer,United States,Los Angeles,California,90004.0,West,TEC-MA-10001972,Technology,Machines,Okidata C331dn Printer,558.4
3429,US-2018-111024,03/07/2018,06/07/2018,Second Class,SZ-20035,Sam Zeldin,Home Office,United States,Lancaster,Ohio,43130.0,East,FUR-TA-10002041,Furniture,Tables,"Bevis Round Conference Table Top, X-Base",215.148
3430,US-2018-111024,03/07/2018,06/07/2018,Second Class,SZ-20035,Sam Zeldin,Home Office,United States,Lancaster,Ohio,43130.0,East,OFF-PA-10002246,Office Supplies,Paper,"Wirebound Four 2-3/4 x 5 Forms per Page, 400 Sets per Book",30.96
3434,CA-2018-131212,05/12/2018,09/12/2018,Standard Class,AB-10165,Alan Barnes,Consumer,United States,Bellevue,Washington,98006.0,West,OFF-BI-10001617,Office Supplies,Binders,GBC Wire Binding Combs,24.816
3439,CA-2018-152583,30/10/2018,30/10/2018,Same Day,RA-19945,Ryan Akin,Consumer,United States,Dallas,Texas,75217.0,Central,FUR-TA-10002041,Furniture,Tables,"Bevis Round Conference Table Top, X-Base",251.006
3444,CA-2018-168858,19/11/2018,23/11/2018,Standard Class,JD-16150,Justin Deggeller,Corporate,United States,New York City,New York,10011.0,East,OFF-AP-10003849,Office Supplies,Appliances,Hoover Shoulder Vac Commercial Portable Vacuum,2504.74
3446,CA-2016-131779,12/06/2016,17/06/2016,Standard Class,LE-16810,Laurel Elliston,Consumer,United States,Newark,Delaware,19711.0,East,OFF-ST-10001505,Office Supplies,Storage,"Perma STOR-ALL Hanging File Box, 13 1/8""W x 12 1/4""D x 10 1/2""H",29.9
3449,CA-2017-162614,07/10/2017,13/10/2017,Standard Class,TB-21250,Tim Brockman,Consumer,United States,Los Angeles,California,90049.0,West,OFF-BI-10004001,Office Supplies,Binders,GBC Recycled VeloBinder Covers,27.264
3455,CA-2016-153626,09/07/2016,14/07/2016,Standard Class,EB-13870,Emily Burns,Consumer,United States,Nashville,Tennessee,37211.0,South,OFF-AR-10000657,Office Supplies,Art,"Binney & Smith inkTank Desk Highlighter, Chisel Tip, Yellow, 12/Box",5.16
3456,CA-2017-166485,20/02/2017,27/02/2017,Standard Class,AH-10210,Alan Hwang,Consumer,United States,Nashville,Tennessee,37211.0,South,OFF-PA-10004996,Office Supplies,Paper,"Speediset Carbonless Redi-Letter 7"" x 8 1/2""",16.496
3458,CA-2018-136448,16/09/2018,18/09/2018,First Class,AS-10090,Adam Shillingsburg,Consumer,United States,Philadelphia,Pennsylvania,19143.0,East,FUR-FU-10003832,Furniture,Furnishings,"Eldon Expressions Punched Metal & Wood Desk Accessories, Black & Cherry",22.512
3459,CA-2018-136448,16/09/2018,18/09/2018,First Class,AS-10090,Adam Shillingsburg,Consumer,United States,Philadelphia,Pennsylvania,19143.0,East,OFF-BI-10002393,Office Supplies,Binders,Binder Posts,3.444
3460,CA-2018-136448,16/09/2018,18/09/2018,First Class,AS-10090,Adam Shillingsburg,Consumer,United States,Philadelphia,Pennsylvania,19143.0,East,OFF-BI-10001359,Office Supplies,Binders,GBC DocuBind TL300 Electric Binding System,538.194
3461,CA-2018-136448,16/09/2018,18/09/2018,First Class,AS-10090,Adam Shillingsburg,Consumer,United States,Philadelphia,Pennsylvania,19143.0,East,TEC-AC-10003628,Technology,Accessories,Logitech 910-002974 M325 Wireless Mouse for Web Scrolling,47.984
3462,CA-2018-114258,05/11/2018,10/11/2018,Second Class,EM-13825,Elizabeth Moffitt,Corporate,United States,Dallas,Texas,75081.0,Central,TEC-PH-10003012,Technology,Phones,Nortel Meridian M3904 Professional Digital phone,492.768
3464,CA-2017-165470,25/11/2017,30/11/2017,Standard Class,HJ-14875,Heather Jas,Home Office,United States,Jacksonville,Florida,32216.0,South,OFF-PA-10004675,Office Supplies,Paper,"Telephone Message Books with Fax/Mobile Section, 5 1/2"" x 3 3/16""",5.08
3465,CA-2018-128699,03/12/2018,05/12/2018,Second Class,ND-18370,Natalie DeCherney,Consumer,United States,Jacksonville,Florida,32216.0,South,TEC-AC-10001990,Technology,Accessories,Kensington Orbit Wireless Mobile Trackball for PC and Mac,47.992
3468,US-2016-147242,10/09/2016,14/09/2016,Standard Class,EH-13765,Edward Hooks,Corporate,United States,Revere,Massachusetts,2151.0,East,OFF-PA-10003039,Office Supplies,Paper,Xerox 1960,278.82
3470,CA-2016-100888,06/04/2016,10/04/2016,Standard Class,MH-17455,Mark Hamilton,Consumer,United States,Jacksonville,North Carolina,28540.0,South,OFF-PA-10001019,Office Supplies,Paper,Xerox 1884,47.952
3471,US-2017-150035,01/12/2017,05/12/2017,Standard Class,CL-11890,Carl Ludwig,Consumer,United States,San Francisco,California,94122.0,West,FUR-FU-10003724,Furniture,Furnishings,Westinghouse Clip-On Gooseneck Lamps,16.74
3474,CA-2018-111815,03/03/2018,10/03/2018,Standard Class,EP-13915,Emily Phan,Consumer,United States,Dearborn Heights,Michigan,48127.0,Central,FUR-CH-10000785,Furniture,Chairs,Global Ergonomic Managers Chair,180.98
3482,CA-2015-124023,07/04/2015,10/04/2015,First Class,PJ-19015,Pauline Johnson,Consumer,United States,Mobile,Alabama,36608.0,South,FUR-FU-10004415,Furniture,Furnishings,"Stacking Tray, Side-Loading, Legal, Smoke",8.96
3483,CA-2015-124688,27/08/2015,29/08/2015,First Class,CC-12610,Corey Catlett,Corporate,United States,Springfield,Virginia,22153.0,South,TEC-PH-10000455,Technology,Phones,GE 30522EE2,579.95
3488,CA-2018-120705,05/09/2018,11/09/2018,Standard Class,MG-17875,Michael Grace,Home Office,United States,Fort Lauderdale,Florida,33311.0,South,OFF-ST-10001522,Office Supplies,Storage,"Gould Plastics 18-Pocket Panel Bin, 34w x 5-1/4d x 20-1/2h",147.184
3496,CA-2018-142034,24/09/2018,28/09/2018,Standard Class,KB-16240,Karen Bern,Corporate,United States,Saint Cloud,Minnesota,56301.0,Central,FUR-CH-10000665,Furniture,Chairs,"Global Airflow Leather Mesh Back Chair, Black",603.92
3498,CA-2017-107328,08/08/2017,15/08/2017,Standard Class,CA-12055,Cathy Armstrong,Home Office,United States,Los Angeles,California,90036.0,West,OFF-AP-10004487,Office Supplies,Appliances,Kensington 4 Outlet MasterPiece Compact Power Control Center,487.92
3502,CA-2017-108616,29/09/2017,03/10/2017,Standard Class,JK-15730,Joe Kamberova,Consumer,United States,Mobile,Alabama,36608.0,South,OFF-AR-10001149,Office Supplies,Art,"Sanford Colorific Colored Pencils, 12/Box",25.92
3503,CA-2018-125115,10/04/2018,10/04/2018,Same Day,RD-19930,Russell D'Ascenzo,Consumer,United States,Austin,Texas,78745.0,Central,OFF-PA-10004101,Office Supplies,Paper,Xerox 1894,10.368
3510,CA-2015-166863,20/06/2015,24/06/2015,Standard Class,SC-20020,Sam Craven,Consumer,United States,Plano,Texas,75023.0,Central,OFF-PA-10000587,Office Supplies,Paper,"Array Parchment Paper, Assorted Colors",11.648
3519,US-2017-113649,09/08/2017,12/08/2017,First Class,HA-14920,Helen Andreada,Consumer,United States,Fayetteville,North Carolina,28314.0,South,OFF-AP-10002518,Office Supplies,Appliances,Kensington 7 Outlet MasterPiece Power Center,569.536
3520,CA-2016-124975,22/06/2016,25/06/2016,First Class,MG-17875,Michael Grace,Home Office,United States,Aurora,Illinois,60505.0,Central,FUR-TA-10002645,Furniture,Tables,Hon Rectangular Conference Tables,796.425
3521,CA-2016-168767,10/04/2016,15/04/2016,Standard Class,DM-12955,Dario Medina,Corporate,United States,Sacramento,California,95823.0,West,OFF-BI-10000773,Office Supplies,Binders,Insertable Tab Post Binder Dividers,12.832
3523,CA-2017-114482,21/11/2017,25/11/2017,Second Class,DM-13345,Denise Monton,Corporate,United States,Des Moines,Iowa,50315.0,Central,TEC-PH-10001580,Technology,Phones,Logitech Mobile Speakerphone P710e - speaker phone,404.94
3527,CA-2018-148922,10/12/2018,15/12/2018,Second Class,SU-20665,Stephanie Ulpright,Home Office,United States,Jackson,Mississippi,39212.0,South,TEC-PH-10000148,Technology,Phones,Cyber Acoustics AC-202b Speech Recognition Stereo Headset,38.97
3528,CA-2018-148922,10/12/2018,15/12/2018,Second Class,SU-20665,Stephanie Ulpright,Home Office,United States,Jackson,Mississippi,39212.0,South,OFF-BI-10003476,Office Supplies,Binders,Avery Metallic Poly Binders,45.84
3529,CA-2017-130680,24/06/2017,29/06/2017,Standard Class,BD-11320,Bill Donatelli,Consumer,United States,San Diego,California,92024.0,West,TEC-PH-10004833,Technology,Phones,Macally Suction Cup Mount,38.24
3530,CA-2016-141145,17/09/2016,23/09/2016,Standard Class,DB-13405,Denny Blanton,Consumer,United States,Orlando,Florida,32839.0,South,TEC-AC-10001465,Technology,Accessories,SanDisk Cruzer 64 GB USB Flash Drive,87.168
3533,CA-2015-110849,18/04/2015,23/04/2015,Standard Class,JL-15835,John Lee,Consumer,United States,Los Angeles,California,90049.0,West,TEC-MA-10002859,Technology,Machines,Ativa MDM8000 8-Sheet Micro-Cut Shredder,287.968
3534,CA-2015-110849,18/04/2015,23/04/2015,Standard Class,JL-15835,John Lee,Consumer,United States,Los Angeles,California,90049.0,West,OFF-AR-10002375,Office Supplies,Art,Newell 351,13.12
3536,CA-2015-110849,18/04/2015,23/04/2015,Standard Class,JL-15835,John Lee,Consumer,United States,Los Angeles,California,90049.0,West,OFF-FA-10000134,Office Supplies,Fasteners,"Advantus Push Pins, Aluminum Head",11.62
3539,CA-2015-158771,09/05/2015,09/05/2015,Same Day,SB-20290,Sean Braxton,Corporate,United States,Henderson,Kentucky,42420.0,South,OFF-LA-10001641,Office Supplies,Labels,Avery 518,9.45
3541,CA-2015-158771,09/05/2015,09/05/2015,Same Day,SB-20290,Sean Braxton,Corporate,United States,Henderson,Kentucky,42420.0,South,OFF-PA-10002689,Office Supplies,Paper,Weyerhaeuser First Choice Laser/Copy Paper (20Lb. and 88 Bright),45.36
3542,CA-2017-157511,18/09/2017,20/09/2017,First Class,SV-20365,Seth Vernon,Consumer,United States,Columbus,Ohio,43229.0,East,FUR-FU-10002107,Furniture,Furnishings,Eldon Pizzaz Desk Accessories,5.352
3543,CA-2017-157511,18/09/2017,20/09/2017,First Class,SV-20365,Seth Vernon,Consumer,United States,Columbus,Ohio,43229.0,East,FUR-CH-10002647,Furniture,Chairs,"Situations Contoured Folding Chairs, 4/Set",99.372
3544,CA-2017-157511,18/09/2017,20/09/2017,First Class,SV-20365,Seth Vernon,Consumer,United States,Columbus,Ohio,43229.0,East,OFF-AR-10002257,Office Supplies,Art,"Eldon Spacemaker Box, Quick-Snap Lid, Clear",2.672
3545,CA-2018-121216,23/12/2018,25/12/2018,Second Class,MM-17920,Michael Moore,Consumer,United States,College Station,Texas,77840.0,Central,OFF-PA-10004519,Office Supplies,Paper,Spiral Phone Message Books with Labels by Adams,28.672
3549,CA-2018-155292,30/10/2018,01/11/2018,First Class,RD-19810,Ross DeVincentis,Home Office,United States,Richmond,Kentucky,40475.0,South,FUR-CH-10000553,Furniture,Chairs,"Metal Folding Chairs, Beige, 4/Carton",33.94
3551,CA-2017-152555,29/03/2017,02/04/2017,Second Class,ME-17320,Maria Etezadi,Home Office,United States,Chicago,Illinois,60653.0,Central,OFF-PA-10001295,Office Supplies,Paper,Computer Printout Paper with Letter-Trim Perforations,45.528
3556,CA-2015-120838,23/03/2015,26/03/2015,Second Class,PO-18865,Patrick O'Donnell,Consumer,United States,Los Angeles,California,90036.0,West,TEC-PH-10003484,Technology,Phones,Ooma Telo VoIP Home Phone System,604.752
3567,CA-2018-103877,07/09/2018,14/09/2018,Standard Class,RD-19660,Robert Dilbeck,Home Office,United States,Independence,Missouri,64055.0,Central,OFF-BI-10003650,Office Supplies,Binders,GBC DocuBind 300 Electric Binding Machine,1577.94
3571,CA-2018-168109,03/07/2018,03/07/2018,Same Day,JK-15640,Jim Kriz,Home Office,United States,Seattle,Washington,98105.0,West,TEC-AC-10002049,Technology,Accessories,Plantronics Savi W720 Multi-Device Wireless Headset System,1687.8
3575,CA-2018-117023,07/08/2018,12/08/2018,Standard Class,JW-15955,Joni Wasserman,Consumer,United States,Long Beach,New York,11561.0,East,OFF-AR-10004062,Office Supplies,Art,Staples in misc. colors,104.8
3578,CA-2017-103163,07/06/2017,11/06/2017,Standard Class,FM-14290,Frank Merwin,Home Office,United States,Bakersfield,California,93309.0,West,OFF-PA-10004000,Office Supplies,Paper,"While You Were Out Pads, 50 per Pad, 4 x 5 1/4, Green Cycle",4.73
3579,CA-2017-104157,25/07/2017,29/07/2017,Standard Class,MT-17815,Meg Tillman,Consumer,United States,Jackson,Mississippi,39212.0,South,OFF-ST-10000321,Office Supplies,Storage,Akro Stacking Bins,7.89
3593,CA-2017-108434,05/12/2017,07/12/2017,Second Class,JG-15160,James Galang,Consumer,United States,New York City,New York,10024.0,East,OFF-ST-10002615,Office Supplies,Storage,"Dual Level, Single-Width Filing Carts",465.18
3594,CA-2017-164154,11/09/2017,17/09/2017,Standard Class,NZ-18565,Nick Zandusky,Home Office,United States,Toledo,Ohio,43615.0,East,OFF-BI-10001658,Office Supplies,Binders,GBC Standard Therm-A-Bind Covers,22.428
3596,CA-2018-148012,09/12/2018,15/12/2018,Standard Class,KM-16225,Kalyca Meade,Corporate,United States,Philadelphia,Pennsylvania,19143.0,East,OFF-AR-10004757,Office Supplies,Art,Crayola Colored Pencils,2.624
3598,CA-2015-102869,09/09/2015,14/09/2015,Second Class,LC-17140,Logan Currie,Consumer,United States,Philadelphia,Pennsylvania,19140.0,East,TEC-AC-10002134,Technology,Accessories,Rosewill 107 Normal Keys USB Wired Standard Keyboard,64.704
3602,CA-2015-159835,17/11/2015,24/11/2015,Standard Class,RB-19330,Randy Bradley,Consumer,United States,Philadelphia,Pennsylvania,19143.0,East,OFF-PA-10002137,Office Supplies,Paper,"Southworth 100% Résumé Paper, 24lb.",12.448
3615,CA-2018-112529,19/11/2018,21/11/2018,First Class,SC-20770,Stewart Carmichael,Corporate,United States,San Antonio,Texas,78207.0,Central,FUR-TA-10002622,Furniture,Tables,"Bush Andora Conference Table, Maple/Graphite Gray Finish",718.116
3616,CA-2018-112529,19/11/2018,21/11/2018,First Class,SC-20770,Stewart Carmichael,Corporate,United States,San Antonio,Texas,78207.0,Central,OFF-AR-10001915,Office Supplies,Art,Peel-Off China Markers,31.776
3617,CA-2017-154536,05/09/2017,09/09/2017,Standard Class,JC-15340,Jasper Cacioppo,Consumer,United States,Philadelphia,Pennsylvania,19120.0,East,OFF-BI-10004410,Office Supplies,Binders,"C-Line Peel & Stick Add-On Filing Pockets, 8-3/4 x 5-1/8, 10/Pack",9.555
3618,CA-2018-141929,04/09/2018,08/09/2018,Standard Class,RA-19285,Ralph Arnett,Consumer,United States,Los Angeles,California,90004.0,West,OFF-BI-10004632,Office Supplies,Binders,Ibico Hi-Tech Manual Binding System,487.984
3621,CA-2017-109743,22/09/2017,29/09/2017,Standard Class,SH-19975,Sally Hughsby,Corporate,United States,Smyrna,Tennessee,37167.0,South,OFF-AR-10003727,Office Supplies,Art,Berol Giant Pencil Sharpener,40.776
3622,CA-2017-109743,22/09/2017,29/09/2017,Standard Class,SH-19975,Sally Hughsby,Corporate,United States,Smyrna,Tennessee,37167.0,South,TEC-PH-10004071,Technology,Phones,PayAnywhere Card Reader,63.936
3625,CA-2018-113530,19/05/2018,21/05/2018,Second Class,BC-11125,Becky Castell,Home Office,United States,San Francisco,California,94109.0,West,FUR-CH-10002647,Furniture,Chairs,"Situations Contoured Folding Chairs, 4/Set",681.408
3626,CA-2018-113530,19/05/2018,21/05/2018,Second Class,BC-11125,Becky Castell,Home Office,United States,San Francisco,California,94109.0,West,OFF-AR-10001315,Office Supplies,Art,Newell 310,3.52
3640,CA-2017-145177,10/11/2017,14/11/2017,Standard Class,PP-18955,Paul Prost,Home Office,United States,Springfield,Ohio,45503.0,East,OFF-PA-10000682,Office Supplies,Paper,Xerox 1924,4.624
3644,CA-2015-156594,20/12/2015,23/12/2015,Second Class,MC-17845,Michael Chen,Consumer,United States,Los Angeles,California,90008.0,West,OFF-AR-10001725,Office Supplies,Art,Boston Home & Office Model 2000 Electric Pencil Sharpeners,47.3
3647,CA-2015-146528,25/07/2015,27/07/2015,Second Class,VF-21715,Vicky Freymann,Home Office,United States,Los Angeles,California,90045.0,West,OFF-PA-10002195,Office Supplies,Paper,Xerox 1966,6.48
3648,CA-2015-146528,25/07/2015,27/07/2015,Second Class,VF-21715,Vicky Freymann,Home Office,United States,Los Angeles,California,90045.0,West,OFF-SU-10002522,Office Supplies,Supplies,Acme Kleen Earth Office Shears,15.52
3650,CA-2016-168459,22/11/2016,27/11/2016,Standard Class,MC-17275,Marc Crier,Consumer,United States,Memphis,Tennessee,38109.0,South,OFF-FA-10004854,Office Supplies,Fasteners,"Vinyl Coated Wire Paper Clips in Organizer Box, 800/Box",55.104
3652,CA-2018-109960,09/12/2018,11/12/2018,Second Class,DB-13210,Dean Braden,Consumer,United States,Detroit,Michigan,48234.0,Central,OFF-AR-10001860,Office Supplies,Art,BIC Liqua Brite Liner,34.7
3657,CA-2018-158036,08/09/2018,14/09/2018,Standard Class,DB-13555,Dorothy Badders,Corporate,United States,Dublin,Ohio,43017.0,East,TEC-AC-10002558,Technology,Accessories,Imation Swivel Flash Drive USB flash drive - 8 GB,9.096
3659,CA-2016-128083,12/03/2016,17/03/2016,Standard Class,EB-13750,Edward Becker,Corporate,United States,Plantation,Florida,33317.0,South,FUR-FU-10003194,Furniture,Furnishings,"Eldon Expressions Desk Accessory, Wood Pencil Holder, Oak",30.88
3662,CA-2017-155005,13/06/2017,15/06/2017,Second Class,SC-20050,Sample Company A,Home Office,United States,Jackson,Michigan,49201.0,Central,TEC-PH-10003484,Technology,Phones,Ooma Telo VoIP Home Phone System,377.97
3663,US-2018-129777,03/07/2018,09/07/2018,Standard Class,FM-14290,Frank Merwin,Home Office,United States,Quincy,Massachusetts,2169.0,East,TEC-AC-10003590,Technology,Accessories,"TRENDnet 56K USB 2.0 Phone, Internet and Fax Modem",258.9
3667,CA-2015-129364,08/12/2015,13/12/2015,Standard Class,TB-21250,Tim Brockman,Consumer,United States,Salem,Oregon,97301.0,West,TEC-PH-10003095,Technology,Phones,Samsung HM1900 Bluetooth Headset,52.68
3669,CA-2015-129364,08/12/2015,13/12/2015,Standard Class,TB-21250,Tim Brockman,Consumer,United States,Salem,Oregon,97301.0,West,TEC-AC-10004227,Technology,Accessories,SanDisk Ultra 16 GB MicroSDHC Class 10 Memory Card,103.92
3678,CA-2016-132626,09/07/2016,14/07/2016,Standard Class,BT-11680,Brian Thompson,Consumer,United States,Clinton,Maryland,20735.0,East,OFF-FA-10002763,Office Supplies,Fasteners,Advantus Map Pennant Flags and Round Head Tacks,15.8
3681,CA-2016-132626,09/07/2016,14/07/2016,Standard Class,BT-11680,Brian Thompson,Consumer,United States,Clinton,Maryland,20735.0,East,OFF-LA-10000476,Office Supplies,Labels,"Avery 05222 Permanent Self-Adhesive File Folder Labels for Typewriters, on Rolls, White, 250/Roll",12.39
3685,CA-2016-132626,09/07/2016,14/07/2016,Standard Class,BT-11680,Brian Thompson,Consumer,United States,Clinton,Maryland,20735.0,East,OFF-BI-10001634,Office Supplies,Binders,Wilson Jones Active Use Binders,43.68
3686,CA-2016-132626,09/07/2016,14/07/2016,Standard Class,BT-11680,Brian Thompson,Consumer,United States,Clinton,Maryland,20735.0,East,OFF-ST-10003722,Office Supplies,Storage,Project Tote Personal File,98.21
3687,CA-2017-102792,13/12/2017,19/12/2017,Standard Class,JC-15340,Jasper Cacioppo,Consumer,United States,Riverside,California,92503.0,West,OFF-AR-10004757,Office Supplies,Art,Crayola Colored Pencils,9.84
3689,CA-2018-140760,02/06/2018,05/06/2018,Second Class,DO-13435,Denny Ordway,Consumer,United States,Mesa,Arizona,85204.0,West,OFF-PA-10002479,Office Supplies,Paper,Xerox 4200 Series MultiUse Premium Copy Paper (20Lb. and 84 Bright),25.344
3690,CA-2018-140760,02/06/2018,05/06/2018,Second Class,DO-13435,Denny Ordway,Consumer,United States,Mesa,Arizona,85204.0,West,OFF-EN-10001141,Office Supplies,Envelopes,"Manila Recycled Extra-Heavyweight Clasp Envelopes, 6"" x 9""",43.92
3693,US-2016-131359,30/10/2016,02/11/2016,Second Class,FA-14230,Frank Atkinson,Corporate,United States,Denver,Colorado,80219.0,West,TEC-PH-10004531,Technology,Phones,OtterBox Commuter Series Case - iPhone 5 & 5s,87.96
3694,US-2016-131359,30/10/2016,02/11/2016,Second Class,FA-14230,Frank Atkinson,Corporate,United States,Denver,Colorado,80219.0,West,FUR-FU-10003026,Furniture,Furnishings,"Eldon Regeneration Recycled Desk Accessories, Black",15.488
3699,CA-2015-140039,13/09/2015,17/09/2015,Standard Class,ON-18715,Odella Nelson,Corporate,United States,Tempe,Arizona,85281.0,West,OFF-ST-10001034,Office Supplies,Storage,Eldon File Chest Portable File,79.4
3704,CA-2016-104941,13/06/2016,19/06/2016,Standard Class,DH-13075,Dave Hallsten,Corporate,United States,Decatur,Alabama,35601.0,South,OFF-BI-10001249,Office Supplies,Binders,Avery Heavy-Duty EZD View Binder with Locking Rings,19.14
3705,CA-2016-104941,13/06/2016,19/06/2016,Standard Class,DH-13075,Dave Hallsten,Corporate,United States,Decatur,Alabama,35601.0,South,TEC-CO-10004202,Technology,Copiers,Brother DCP1000 Digital 3 in 1 Multifunction Machine,899.97
3708,CA-2015-120544,23/11/2015,27/11/2015,Standard Class,SS-20140,Saphhira Shifley,Corporate,United States,Mesquite,Texas,75150.0,Central,FUR-FU-10001940,Furniture,Furnishings,Staple-based wall hangings,6.368
3709,CA-2015-120544,23/11/2015,27/11/2015,Standard Class,SS-20140,Saphhira Shifley,Corporate,United States,Mesquite,Texas,75150.0,Central,OFF-AP-10004336,Office Supplies,Appliances,"Conquest 14 Commercial Heavy-Duty Upright Vacuum, Collection System, Accessory Kit",34.176
3711,CA-2018-113670,15/10/2018,17/10/2018,First Class,RS-19765,Roland Schwarz,Corporate,United States,Los Angeles,California,90045.0,West,FUR-TA-10001705,Furniture,Tables,Bush Advantage Collection Round Conference Table,510.24
3718,CA-2017-142370,19/09/2017,23/09/2017,Standard Class,TP-21130,Theone Pippenger,Consumer,United States,Columbus,Georgia,31907.0,South,OFF-SU-10003002,Office Supplies,Supplies,Letter Slitter,5.04
3721,CA-2017-151155,20/12/2017,24/12/2017,Standard Class,AB-10255,Alejandro Ballentine,Home Office,United States,Jackson,Mississippi,39212.0,South,FUR-FU-10001918,Furniture,Furnishings,C-Line Cubicle Keepers Polyproplyene Holder With Velcro Backings,18.92
3722,CA-2017-151155,20/12/2017,24/12/2017,Standard Class,AB-10255,Alejandro Ballentine,Home Office,United States,Jackson,Mississippi,39212.0,South,OFF-BI-10003910,Office Supplies,Binders,DXL Angle-View Binders with Locking Rings by Samsill,15.42
3724,US-2015-169789,30/12/2015,04/01/2016,Standard Class,MF-17665,Maureen Fritzler,Corporate,United States,Phoenix,Arizona,85023.0,West,OFF-BI-10004600,Office Supplies,Binders,Ibico Ibimaster 300 Manual Binding System,551.985
3729,CA-2017-165169,05/06/2017,11/06/2017,Standard Class,JL-15235,Janet Lee,Consumer,United States,Newark,Delaware,19711.0,East,OFF-LA-10000407,Office Supplies,Labels,Avery White Multi-Purpose Labels,14.94
3740,CA-2017-133340,09/12/2017,13/12/2017,Standard Class,LH-17155,Logan Haushalter,Consumer,United States,Jackson,Michigan,49201.0,Central,TEC-AC-10001109,Technology,Accessories,Logitech Trackman Marble Mouse,59.98
3743,CA-2017-137848,15/01/2017,21/01/2017,Standard Class,WB-21850,William Brown,Consumer,United States,New York City,New York,10011.0,East,OFF-PA-10004285,Office Supplies,Paper,Xerox 1959,60.12
3746,CA-2017-149979,23/09/2017,28/09/2017,Second Class,RA-19915,Russell Applegate,Consumer,United States,Columbus,Georgia,31907.0,South,OFF-ST-10003058,Office Supplies,Storage,Eldon Mobile Mega Data Cart  Mega Stackable  Add-On Trays,118.25
3747,CA-2017-149979,23/09/2017,28/09/2017,Second Class,RA-19915,Russell Applegate,Consumer,United States,Columbus,Georgia,31907.0,South,FUR-CH-10002084,Furniture,Chairs,Hon Mobius Operator's Chair,368.97
3750,CA-2018-161956,27/08/2018,29/08/2018,Second Class,DR-12880,Dan Reichenbach,Corporate,United States,Inglewood,California,90301.0,West,TEC-CO-10001571,Technology,Copiers,Sharp 1540cs Digital Laser Copier,879.984
3754,CA-2018-161956,27/08/2018,29/08/2018,Second Class,DR-12880,Dan Reichenbach,Corporate,United States,Inglewood,California,90301.0,West,OFF-BI-10003650,Office Supplies,Binders,GBC DocuBind 300 Electric Binding Machine,841.568
3756,CA-2017-116799,03/03/2017,06/03/2017,First Class,JG-15310,Jason Gross,Corporate,United States,Odessa,Texas,79762.0,Central,OFF-PA-10001892,Office Supplies,Paper,"Rediform Wirebound ""Phone Memo"" Message Book, 11 x 5-3/4",42.784
3762,CA-2018-104577,12/05/2018,17/05/2018,Standard Class,CK-12205,Chloris Kastensmidt,Consumer,United States,Everett,Massachusetts,2149.0,East,OFF-PA-10000659,Office Supplies,Paper,"TOPS Carbonless Receipt Book, Four 2-3/4 x 7-1/4 Money Receipts per Page",87.6
3769,CA-2015-153913,16/12/2015,20/12/2015,Second Class,KB-16585,Ken Black,Corporate,United States,Hialeah,Florida,33012.0,South,FUR-CH-10000988,Furniture,Chairs,Hon Olson Stacker Stools,1013.832
3772,US-2017-101196,12/05/2017,17/05/2017,Standard Class,FM-14215,Filia McAdams,Corporate,United States,Philadelphia,Pennsylvania,19140.0,East,OFF-ST-10004804,Office Supplies,Storage,"Belkin 19"" Vented Equipment Shelf, Black",82.368
3773,CA-2015-115357,06/08/2015,11/08/2015,Second Class,RF-19735,Roland Fjeld,Consumer,United States,Columbia,South Carolina,29203.0,South,TEC-AC-10000023,Technology,Accessories,"Maxell 74 Minute CD-R Spindle, 50/Pack",62.91
3774,US-2015-102715,11/04/2015,13/04/2015,Second Class,JK-15370,Jay Kimmel,Consumer,United States,Miami,Florida,33180.0,South,OFF-FA-10001332,Office Supplies,Fasteners,"Acco Banker's Clasps, 5 3/4""-Long",6.912
3775,US-2015-102715,11/04/2015,13/04/2015,Second Class,JK-15370,Jay Kimmel,Consumer,United States,Miami,Florida,33180.0,South,TEC-AC-10002001,Technology,Accessories,Logitech Wireless Gaming Headset G930,383.976
3777,US-2015-102715,11/04/2015,13/04/2015,Second Class,JK-15370,Jay Kimmel,Consumer,United States,Miami,Florida,33180.0,South,TEC-AC-10001874,Technology,Accessories,Logitech Wireless Anywhere Mouse MX for PC and Mac,335.944
3778,CA-2016-107937,03/05/2016,08/05/2016,Standard Class,JB-16045,Julia Barnett,Home Office,United States,Chula Vista,California,91911.0,West,FUR-FU-10002298,Furniture,Furnishings,"Rubbermaid ClusterMat Chairmats, Mat Size- 66"" x 60"", Lip 20"" x 11"" -90 Degree Angle",665.88
3782,CA-2016-135314,09/07/2016,14/07/2016,Second Class,MC-17575,Matt Collins,Consumer,United States,Philadelphia,Pennsylvania,19120.0,East,TEC-PH-10003072,Technology,Phones,Panasonic KX-TG9541B DECT 6.0 Digital 2-Line Expandable Cordless Phone With Digital Answering System,269.982
3783,CA-2018-165204,13/11/2018,16/11/2018,Second Class,MN-17935,Michael Nguyen,Consumer,United States,Memphis,Tennessee,38109.0,South,OFF-PA-10003424,Office Supplies,Paper,"""While you Were Out"" Message Book, One Form per Page",8.904
3785,CA-2018-125752,31/07/2018,04/08/2018,Standard Class,EH-14125,Eugene Hildebrand,Home Office,United States,Fort Lauderdale,Florida,33311.0,South,TEC-AC-10003590,Technology,Accessories,"TRENDnet 56K USB 2.0 Phone, Internet and Fax Modem",41.424
3786,CA-2018-112487,26/12/2018,30/12/2018,Standard Class,TC-21535,Tracy Collins,Home Office,United States,Columbus,Ohio,43229.0,East,OFF-BI-10000494,Office Supplies,Binders,Acco Economy Flexible Poly Round Ring Binder,3.132
3788,CA-2017-169971,04/09/2017,09/09/2017,Standard Class,IL-15100,Ivan Liston,Consumer,United States,Houston,Texas,77041.0,Central,OFF-AR-10002804,Office Supplies,Art,Faber Castell Col-Erase Pencils,3.912
3791,CA-2015-107139,05/07/2015,11/07/2015,Standard Class,DP-13390,Dennis Pardue,Home Office,United States,Los Angeles,California,90004.0,West,OFF-BI-10001670,Office Supplies,Binders,Vinyl Sectional Post Binders,180.96
3795,US-2015-117163,27/01/2015,02/02/2015,Standard Class,EJ-13720,Ed Jacobs,Consumer,United States,San Diego,California,92037.0,West,OFF-ST-10003692,Office Supplies,Storage,Recycled Steel Personal File for Hanging File Folders,57.23
3796,US-2015-117163,27/01/2015,02/02/2015,Standard Class,EJ-13720,Ed Jacobs,Consumer,United States,San Diego,California,92037.0,West,FUR-TA-10003469,Furniture,Tables,Balt Split Level Computer Training Table,333.0
3799,CA-2018-147760,04/11/2018,05/11/2018,First Class,KL-16555,Kelly Lampkin,Corporate,United States,Greensboro,North Carolina,27405.0,South,FUR-TA-10004575,Furniture,Tables,Hon 5100 Series Wood Tables,523.764
3800,CA-2018-147760,04/11/2018,05/11/2018,First Class,KL-16555,Kelly Lampkin,Corporate,United States,Greensboro,North Carolina,27405.0,South,TEC-PH-10002483,Technology,Phones,Motorola Moto X,1359.96
3814,CA-2016-103961,05/11/2016,09/11/2016,Standard Class,NG-18430,Nathan Gelder,Consumer,United States,Quincy,Illinois,62301.0,Central,OFF-LA-10004484,Office Supplies,Labels,Avery 476,19.824
3816,CA-2017-152471,08/07/2017,08/07/2017,Same Day,ZD-21925,Zuschuss Donatelli,Consumer,United States,Jacksonville,Florida,32216.0,South,OFF-PA-10004965,Office Supplies,Paper,Xerox 1921,15.984
3818,CA-2016-102582,15/09/2016,19/09/2016,Standard Class,NW-18400,Natalie Webber,Consumer,United States,Mobile,Alabama,36608.0,South,TEC-PH-10003187,Technology,Phones,Anker Astro Mini 3000mAh Ultra-Compact Portable Charger,59.97
3820,CA-2018-141873,09/10/2018,14/10/2018,Standard Class,HG-14845,Harry Greene,Consumer,United States,New York City,New York,10024.0,East,OFF-BI-10001031,Office Supplies,Binders,Pressboard Data Binders by Wilson Jones,12.816
3827,CA-2015-132801,07/10/2015,12/10/2015,Standard Class,JG-15805,John Grady,Corporate,United States,Dallas,Texas,75217.0,Central,OFF-ST-10001228,Office Supplies,Storage,"Fellowes Personal Hanging Folder Files, Navy",107.44
3834,CA-2015-105984,24/11/2015,24/11/2015,Same Day,MY-18295,Muhammed Yedwab,Corporate,United States,Columbus,Ohio,43229.0,East,TEC-PH-10000560,Technology,Phones,Samsung Galaxy S III - 16GB - pebble blue (T-Mobile),1049.97
3839,CA-2015-126760,26/07/2015,02/08/2015,Standard Class,KM-16720,Kunst Miller,Consumer,United States,North Las Vegas,Nevada,89031.0,West,FUR-CH-10003312,Furniture,Chairs,Hon 2090 “Pillow Soft” Series Mid Back Swivel/Tilt Chairs,674.352
3843,CA-2015-101931,28/10/2015,31/10/2015,First Class,TS-21370,Todd Sumrall,Corporate,United States,Los Angeles,California,90049.0,West,OFF-BI-10004140,Office Supplies,Binders,Avery Non-Stick Binders,7.184
3845,CA-2015-101931,28/10/2015,31/10/2015,First Class,TS-21370,Todd Sumrall,Corporate,United States,Los Angeles,California,90049.0,West,OFF-SU-10000646,Office Supplies,Supplies,Premier Automatic Letter Opener,480.74
3847,CA-2015-101931,28/10/2015,31/10/2015,First Class,TS-21370,Todd Sumrall,Corporate,United States,Los Angeles,California,90049.0,West,OFF-ST-10003442,Office Supplies,Storage,Eldon Portable Mobile Manager,141.4
3853,CA-2018-130526,26/11/2018,29/11/2018,First Class,GT-14755,Guy Thornton,Consumer,United States,Rockford,Illinois,61107.0,Central,OFF-BI-10001524,Office Supplies,Binders,GBC Premium Transparent Covers with Diagonal Lined Pattern,33.568
3854,US-2018-131849,06/06/2018,10/06/2018,Standard Class,GH-14410,Gary Hansen,Home Office,United States,San Francisco,California,94122.0,West,FUR-FU-10004164,Furniture,Furnishings,"Eldon 300 Class Desk Accessories, Black",4.95
3856,US-2018-105389,23/10/2018,28/10/2018,Second Class,DM-13015,Darrin Martin,Consumer,United States,San Antonio,Texas,78207.0,Central,OFF-BI-10004364,Office Supplies,Binders,Storex Dura Pro Binders,3.564
3858,US-2018-105389,23/10/2018,28/10/2018,Second Class,DM-13015,Darrin Martin,Consumer,United States,San Antonio,Texas,78207.0,Central,OFF-AR-10000634,Office Supplies,Art,Newell 320,10.272
3860,CA-2018-154039,17/02/2018,22/02/2018,Standard Class,JK-16120,Julie Kriz,Home Office,United States,Chicago,Illinois,60653.0,Central,FUR-TA-10001932,Furniture,Tables,"Chromcraft 48"" x 96"" Racetrack Double Pedestal Table",480.96
3861,CA-2018-154039,17/02/2018,22/02/2018,Standard Class,JK-16120,Julie Kriz,Home Office,United States,Chicago,Illinois,60653.0,Central,TEC-PH-10002789,Technology,Phones,LG Exalt,124.792
3863,CA-2015-135755,03/05/2015,10/05/2015,Standard Class,NC-18415,Nathan Cano,Consumer,United States,Yonkers,New York,10701.0,East,OFF-BI-10003981,Office Supplies,Binders,"Avery Durable Plastic 1"" Binders",10.896
3870,CA-2016-132486,23/10/2016,27/10/2016,Second Class,JF-15355,Jay Fein,Consumer,United States,San Diego,California,92105.0,West,FUR-CH-10004540,Furniture,Chairs,Global Chrome Stack Chair,191.968
3871,CA-2016-132486,23/10/2016,27/10/2016,Second Class,JF-15355,Jay Fein,Consumer,United States,San Diego,California,92105.0,West,OFF-PA-10004971,Office Supplies,Paper,Xerox 196,11.56
3873,CA-2016-132486,23/10/2016,27/10/2016,Second Class,JF-15355,Jay Fein,Consumer,United States,San Diego,California,92105.0,West,FUR-CH-10001854,Furniture,Chairs,Office Star - Professional Matrix Back Chair with 2-to-1 Synchro Tilt and Mesh Fabric Seat,842.352
3881,CA-2016-129896,15/06/2016,20/06/2016,Standard Class,PF-19120,Peter Fuller,Consumer,United States,Gilbert,Arizona,85234.0,West,OFF-PA-10002245,Office Supplies,Paper,Xerox 1895,9.568
3882,CA-2016-129896,15/06/2016,20/06/2016,Standard Class,PF-19120,Peter Fuller,Consumer,United States,Gilbert,Arizona,85234.0,West,OFF-ST-10004804,Office Supplies,Storage,"Belkin 19"" Vented Equipment Shelf, Black",82.368
3885,CA-2015-152849,05/07/2015,12/07/2015,Standard Class,DW-13195,David Wiener,Corporate,United States,Knoxville,Tennessee,37918.0,South,OFF-AR-10002833,Office Supplies,Art,Newell 322,4.368
3886,US-2018-127341,29/01/2018,02/02/2018,Standard Class,CK-12595,Clytie Kelty,Consumer,United States,Chicago,Illinois,60653.0,Central,OFF-BI-10001072,Office Supplies,Binders,"GBC Clear Cover, 8-1/2 x 11, unpunched, 25 covers per pack",12.128
3887,CA-2017-167759,03/03/2017,08/03/2017,Second Class,CC-12670,Craig Carreira,Consumer,United States,Bloomington,Indiana,47401.0,Central,TEC-PH-10003171,Technology,Phones,Plantronics Encore H101 Dual Earpieces Headset,134.85
3888,CA-2015-100895,02/06/2015,06/06/2015,Standard Class,SV-20785,Stewart Visinsky,Consumer,United States,Roswell,Georgia,30076.0,South,OFF-AR-10004511,Office Supplies,Art,"Sanford Colorific Scented Colored Pencils, 12/Pack",8.56
3895,US-2015-112200,22/11/2015,28/11/2015,Standard Class,TC-21475,Tony Chapman,Home Office,United States,Bolingbrook,Illinois,60440.0,Central,OFF-BI-10002571,Office Supplies,Binders,"Avery Framed View Binder, EZD Ring (Locking), Navy, 1 1/2""",9.98
3899,CA-2018-102267,30/11/2018,04/12/2018,Standard Class,SC-20800,Stuart Calhoun,Consumer,United States,Edinburg,Texas,78539.0,Central,OFF-FA-10000611,Office Supplies,Fasteners,Binder Clips by OIC,2.368
3903,US-2016-119312,02/10/2016,07/10/2016,Second Class,CS-12400,Christopher Schild,Home Office,United States,Los Angeles,California,90045.0,West,OFF-ST-10000943,Office Supplies,Storage,Eldon ProFile File 'N Store Portable File Tub Letter/Legal Size Black,270.34
3904,CA-2016-167010,05/04/2016,10/04/2016,Standard Class,VT-21700,Valerie Takahito,Home Office,United States,Philadelphia,Pennsylvania,19143.0,East,OFF-AP-10004036,Office Supplies,Appliances,Bionaire 99.97% HEPA Air Cleaner,98.112
3906,CA-2016-167010,05/04/2016,10/04/2016,Standard Class,VT-21700,Valerie Takahito,Home Office,United States,Philadelphia,Pennsylvania,19143.0,East,OFF-BI-10002072,Office Supplies,Binders,Cardinal Slant-D Ring Binders,10.428
3910,CA-2016-167010,05/04/2016,10/04/2016,Standard Class,VT-21700,Valerie Takahito,Home Office,United States,Philadelphia,Pennsylvania,19143.0,East,FUR-FU-10001037,Furniture,Furnishings,"DAX Charcoal/Nickel-Tone Document Frame, 5 x 7",7.584
3911,CA-2016-167010,05/04/2016,10/04/2016,Standard Class,VT-21700,Valerie Takahito,Home Office,United States,Philadelphia,Pennsylvania,19143.0,East,FUR-BO-10004218,Furniture,Bookcases,"Bush Heritage Pine Collection 5-Shelf Bookcase, Albany Pine Finish, *Special Order",352.45
3913,CA-2018-148068,18/09/2018,25/09/2018,Standard Class,MM-18280,Muhammed MacIntyre,Corporate,United States,New York City,New York,10035.0,East,OFF-PA-10001639,Office Supplies,Paper,Xerox 203,19.44
3915,US-2018-142573,18/07/2018,23/07/2018,Standard Class,ML-17410,Maris LaWare,Consumer,United States,Phoenix,Arizona,85023.0,West,FUR-TA-10001932,Furniture,Tables,"Chromcraft 48"" x 96"" Racetrack Double Pedestal Table",801.6
3917,US-2018-142573,18/07/2018,23/07/2018,Standard Class,ML-17410,Maris LaWare,Consumer,United States,Phoenix,Arizona,85023.0,West,OFF-PA-10000246,Office Supplies,Paper,Riverleaf Stik-Withit Designer Note Cubes,16.096
3919,US-2018-142573,18/07/2018,23/07/2018,Standard Class,ML-17410,Maris LaWare,Consumer,United States,Phoenix,Arizona,85023.0,West,FUR-CH-10000513,Furniture,Chairs,High-Back Leather Manager's Chair,311.976
3922,CA-2017-110044,28/06/2017,02/07/2017,Second Class,RF-19735,Roland Fjeld,Consumer,United States,Chicago,Illinois,60610.0,Central,TEC-PH-10001299,Technology,Phones,Polycom CX300 Desktop Phone USB VoIP phone,359.976
3929,CA-2017-162082,14/03/2017,17/03/2017,First Class,JS-15880,John Stevenson,Consumer,United States,Harlingen,Texas,78550.0,Central,FUR-BO-10004409,Furniture,Bookcases,"Safco Value Mate Series Steel Bookcases, Baked Enamel Finish on Steel, Gray",241.332
3932,CA-2017-132094,26/08/2017,02/09/2017,Standard Class,VG-21805,Vivek Grady,Corporate,United States,Philadelphia,Pennsylvania,19140.0,East,OFF-AR-10004165,Office Supplies,Art,"Binney & Smith inkTank Erasable Pocket Highlighter, Chisel Tip, Yellow",5.472
3935,CA-2018-123001,02/09/2018,08/09/2018,Standard Class,AW-10840,Anthony Witt,Consumer,United States,Bakersfield,California,93309.0,West,OFF-LA-10004544,Office Supplies,Labels,Avery 505,74.0
3937,CA-2016-118955,16/06/2016,20/06/2016,Standard Class,LS-17230,Lycoris Saunders,Consumer,United States,Grand Prairie,Texas,75051.0,Central,OFF-EN-10001028,Office Supplies,Envelopes,Staple envelope,28.752
3938,CA-2016-118955,16/06/2016,20/06/2016,Standard Class,LS-17230,Lycoris Saunders,Consumer,United States,Grand Prairie,Texas,75051.0,Central,OFF-PA-10004156,Office Supplies,Paper,Xerox 188,27.216
3942,CA-2018-117863,18/05/2018,23/05/2018,Standard Class,TS-21340,Toby Swindell,Consumer,United States,New York City,New York,10024.0,East,OFF-BI-10000605,Office Supplies,Binders,"Acco Pressboard Covers with Storage Hooks, 9 1/2"" x 11"", Executive Red",3.048
3943,CA-2018-160458,27/05/2018,29/05/2018,Second Class,EH-13945,Eric Hoffmann,Consumer,United States,Memphis,Tennessee,38109.0,South,OFF-PA-10001166,Office Supplies,Paper,Xerox 2,25.92
3950,CA-2017-119963,18/11/2017,22/11/2017,Standard Class,SN-20710,Steve Nguyen,Home Office,United States,Pasadena,Texas,77506.0,Central,OFF-PA-10001970,Office Supplies,Paper,Xerox 1881,19.648
3956,CA-2015-133228,04/04/2015,09/04/2015,Standard Class,MS-17710,Maurice Satty,Consumer,United States,Detroit,Michigan,48205.0,Central,OFF-AR-10001955,Office Supplies,Art,Newell 319,79.36
3961,CA-2016-113901,19/10/2016,24/10/2016,Standard Class,NH-18610,Nicole Hansen,Corporate,United States,Detroit,Michigan,48227.0,Central,OFF-BI-10001249,Office Supplies,Binders,Avery Heavy-Duty EZD View Binder with Locking Rings,38.28
3964,CA-2018-134838,19/02/2018,20/02/2018,First Class,ED-13885,Emily Ducich,Home Office,United States,Los Angeles,California,90045.0,West,FUR-FU-10004018,Furniture,Furnishings,Tensor Computer Mounted Lamp,44.67
3965,CA-2017-120257,22/09/2017,28/09/2017,Standard Class,PW-19240,Pierre Wener,Consumer,United States,Philadelphia,Pennsylvania,19140.0,East,OFF-AR-10003481,Office Supplies,Art,Newell 348,7.872
3972,CA-2016-132374,22/02/2016,24/02/2016,Second Class,PS-19045,Penelope Sewall,Home Office,United States,Sterling Heights,Michigan,48310.0,Central,OFF-AR-10001615,Office Supplies,Art,Newell 34,79.36
3980,CA-2015-114517,23/12/2015,27/12/2015,Standard Class,TH-21235,Tiffany House,Corporate,United States,New York City,New York,10024.0,East,FUR-TA-10001676,Furniture,Tables,Hon 61000 Series Interactive Training Tables,53.316
3985,CA-2017-135265,07/07/2017,09/07/2017,Second Class,CC-12370,Christopher Conant,Consumer,United States,Los Angeles,California,90045.0,West,OFF-PA-10002923,Office Supplies,Paper,Xerox 1942,48.94
3990,CA-2015-122588,25/11/2015,27/11/2015,Second Class,AR-10540,Andy Reiter,Consumer,United States,Woonsocket,Rhode Island,2895.0,East,FUR-FU-10001095,Furniture,Furnishings,DAX Black Cherry Wood-Tone Poster Frame,52.96
3993,CA-2016-161998,01/05/2016,05/05/2016,Standard Class,DB-13120,David Bremer,Corporate,United States,Tampa,Florida,33614.0,South,OFF-SU-10004261,Office Supplies,Supplies,"Fiskars 8"" Scissors, 2/Pack",41.376
3995,CA-2016-105627,08/03/2016,12/03/2016,Standard Class,DK-12895,Dana Kaydos,Consumer,United States,Kenosha,Wisconsin,53142.0,Central,FUR-BO-10002916,Furniture,Bookcases,"Rush Hierlooms Collection 1"" Thick Stackable Bookcases",512.94
3996,CA-2016-105627,08/03/2016,12/03/2016,Standard Class,DK-12895,Dana Kaydos,Consumer,United States,Kenosha,Wisconsin,53142.0,Central,FUR-CH-10002084,Furniture,Chairs,Hon Mobius Operator's Chair,860.93
3998,CA-2016-105627,08/03/2016,12/03/2016,Standard Class,DK-12895,Dana Kaydos,Consumer,United States,Kenosha,Wisconsin,53142.0,Central,OFF-AR-10002704,Office Supplies,Art,Boston 1900 Electric Pencil Sharpener,14.98
4002,CA-2015-116834,11/10/2015,16/10/2015,Standard Class,Dp-13240,Dean percer,Home Office,United States,Seattle,Washington,98115.0,West,TEC-AC-10002942,Technology,Accessories,WD My Passport Ultra 1TB Portable External Hard Drive,345.0
4003,CA-2017-145730,03/03/2017,08/03/2017,Standard Class,CC-12220,Chris Cortes,Consumer,United States,San Antonio,Texas,78207.0,Central,FUR-TA-10004915,Furniture,Tables,"Office Impressions End Table, 20-1/2""H x 24""W x 20""D",637.896
4004,CA-2017-145730,03/03/2017,08/03/2017,Standard Class,CC-12220,Chris Cortes,Consumer,United States,San Antonio,Texas,78207.0,Central,TEC-MA-10001016,Technology,Machines,Canon PC170 Desktop Personal Copier,287.91
4005,CA-2017-145730,03/03/2017,08/03/2017,Standard Class,CC-12220,Chris Cortes,Consumer,United States,San Antonio,Texas,78207.0,Central,OFF-EN-10000483,Office Supplies,Envelopes,"White Envelopes, White Envelopes with Clear Poly Window",36.6
4011,CA-2018-100811,21/11/2018,24/11/2018,First Class,CC-12475,Cindy Chapman,Consumer,United States,Philadelphia,Pennsylvania,19143.0,East,OFF-PA-10001204,Office Supplies,Paper,Xerox 1972,8.448
4012,CA-2018-100811,21/11/2018,24/11/2018,First Class,CC-12475,Cindy Chapman,Consumer,United States,Philadelphia,Pennsylvania,19143.0,East,OFF-ST-10002444,Office Supplies,Storage,Recycled Eldon Regeneration Jumbo File,39.296
4013,CA-2016-153612,22/12/2016,27/12/2016,Standard Class,BT-11305,Beth Thompson,Home Office,United States,Superior,Wisconsin,54880.0,Central,OFF-AR-10000203,Office Supplies,Art,Newell 336,17.12
4025,CA-2018-130764,27/10/2018,28/10/2018,First Class,JO-15145,Jack O'Briant,Corporate,United States,San Francisco,California,94110.0,West,TEC-PH-10003215,Technology,Phones,Jackery Bar Premium Fast-charging Portable Charger,95.84
4030,CA-2018-124296,24/12/2018,28/12/2018,Standard Class,CS-12355,Christine Sundaresam,Consumer,United States,Lafayette,Louisiana,70506.0,South,TEC-MA-10003183,Technology,Machines,DYMO CardScan Personal V9 Business Card Scanner,479.97
4031,CA-2018-124296,24/12/2018,28/12/2018,Standard Class,CS-12355,Christine Sundaresam,Consumer,United States,Lafayette,Louisiana,70506.0,South,FUR-CH-10002439,Furniture,Chairs,"Iceberg Nesting Folding Chair, 19w x 6d x 43h",232.88
4032,CA-2017-169957,26/09/2017,30/09/2017,Standard Class,SN-20710,Steve Nguyen,Home Office,United States,Covington,Washington,98042.0,West,OFF-AP-10000576,Office Supplies,Appliances,Belkin 7 Outlet SurgeMaster II,236.88
4036,US-2017-108777,12/12/2017,12/12/2017,Same Day,JM-15655,Jim Mitchum,Corporate,United States,Lorain,Ohio,44052.0,East,TEC-AC-10002567,Technology,Accessories,Logitech G602 Wireless Gaming Mouse,383.952
4039,CA-2015-110786,29/12/2015,02/01/2016,Standard Class,AJ-10795,Anthony Johnson,Corporate,United States,San Francisco,California,94110.0,West,OFF-PA-10000528,Office Supplies,Paper,Xerox 1981,21.12
4042,CA-2015-110786,29/12/2015,02/01/2016,Standard Class,AJ-10795,Anthony Johnson,Corporate,United States,San Francisco,California,94110.0,West,TEC-PH-10001425,Technology,Phones,Mophie Juice Pack Helium for iPhone,191.976
4044,CA-2015-110786,29/12/2015,02/01/2016,Standard Class,AJ-10795,Anthony Johnson,Corporate,United States,San Francisco,California,94110.0,West,FUR-FU-10000672,Furniture,Furnishings,"Executive Impressions 10"" Spectator Wall Clock",70.56
4047,CA-2018-100356,21/10/2018,25/10/2018,Standard Class,SP-20920,Susan Pistek,Consumer,United States,Chicago,Illinois,60653.0,Central,OFF-AP-10002191,Office Supplies,Appliances,Belkin 8 Outlet SurgeMaster II Gold Surge Protector,23.992
4048,US-2016-166520,16/07/2016,19/07/2016,First Class,KE-16420,Katrina Edelman,Corporate,United States,New York City,New York,10035.0,East,OFF-PA-10000501,Office Supplies,Paper,Petty Cash Envelope,80.88
4053,CA-2015-122931,29/09/2015,03/10/2015,Standard Class,SM-20950,Suzanne McNair,Corporate,United States,Philadelphia,Pennsylvania,19134.0,East,FUR-TA-10004175,Furniture,Tables,"Hon 30"" x 60"" Table with Locking Drawer",409.272
4054,CA-2015-122931,29/09/2015,03/10/2015,Standard Class,SM-20950,Suzanne McNair,Corporate,United States,Philadelphia,Pennsylvania,19134.0,East,OFF-LA-10002945,Office Supplies,Labels,"Permanent Self-Adhesive File Folder Labels for Typewriters, 1 1/8 x 3 1/2, White",55.44
4057,CA-2015-122931,29/09/2015,03/10/2015,Standard Class,SM-20950,Suzanne McNair,Corporate,United States,Philadelphia,Pennsylvania,19134.0,East,FUR-TA-10004147,Furniture,Tables,Hon 4060 Series Tables,67.176
4058,CA-2015-163034,24/11/2015,28/11/2015,Standard Class,DK-12985,Darren Koutras,Consumer,United States,Chicago,Illinois,60610.0,Central,OFF-ST-10000046,Office Supplies,Storage,Fellowes Super Stor/Drawer Files,646.2
4059,CA-2016-124058,20/11/2016,24/11/2016,Standard Class,LC-16885,Lena Creighton,Consumer,United States,Oakland,California,94601.0,West,TEC-PH-10004774,Technology,Phones,Gear Head AU3700S Headset,72.744
4061,CA-2017-129196,01/11/2017,07/11/2017,Standard Class,XP-21865,Xylona Preis,Consumer,United States,Chicago,Illinois,60610.0,Central,TEC-AC-10002473,Technology,Accessories,Maxell 4.7GB DVD-R,68.112
4065,US-2015-130358,23/06/2015,26/06/2015,First Class,DL-13330,Denise Leinenbach,Consumer,United States,Concord,North Carolina,28027.0,South,OFF-SU-10002522,Office Supplies,Supplies,Acme Kleen Earth Office Shears,3.104
4066,CA-2015-102673,01/11/2015,05/11/2015,Standard Class,KH-16630,Ken Heidel,Corporate,United States,Charlotte,North Carolina,28205.0,South,OFF-FA-10003021,Office Supplies,Fasteners,Staples,7.52
4068,CA-2015-102673,01/11/2015,05/11/2015,Standard Class,KH-16630,Ken Heidel,Corporate,United States,Charlotte,North Carolina,28205.0,South,OFF-LA-10001771,Office Supplies,Labels,Avery 513,47.808
4072,CA-2017-145303,28/08/2017,31/08/2017,First Class,TP-21415,Tom Prescott,Consumer,United States,Dallas,Texas,75081.0,Central,FUR-BO-10003159,Furniture,Bookcases,"Sauder Camden County Collection Libraries, Planked Cherry Finish",156.3728
4075,CA-2018-108112,15/11/2018,20/11/2018,Standard Class,DK-12895,Dana Kaydos,Consumer,United States,Miramar,Florida,33023.0,South,FUR-FU-10003553,Furniture,Furnishings,"Howard Miller 13-1/2"" Diameter Rosebrook Wall Clock",220.064
4076,CA-2018-108112,15/11/2018,20/11/2018,Standard Class,DK-12895,Dana Kaydos,Consumer,United States,Miramar,Florida,33023.0,South,FUR-FU-10001488,Furniture,Furnishings,"Tenex 46"" x 60"" Computer Anti-Static Chairmat, Rectangular Shaped",339.136
4077,CA-2016-100685,19/12/2016,21/12/2016,Second Class,SM-20950,Suzanne McNair,Corporate,United States,Omaha,Nebraska,68104.0,Central,OFF-BI-10003094,Office Supplies,Binders,Self-Adhesive Ring Binder Labels,7.04
4078,CA-2016-100685,19/12/2016,21/12/2016,Second Class,SM-20950,Suzanne McNair,Corporate,United States,Omaha,Nebraska,68104.0,Central,OFF-FA-10003472,Office Supplies,Fasteners,Bagged Rubber Bands,5.04
4081,CA-2017-140417,25/09/2017,29/09/2017,Standard Class,KE-16420,Katrina Edelman,Corporate,United States,Tigard,Oregon,97224.0,West,OFF-PA-10000380,Office Supplies,Paper,"REDIFORM Incoming/Outgoing Call Register, 11"" X 8 1/2"", 100 Messages",60.048
4082,CA-2017-140417,25/09/2017,29/09/2017,Standard Class,KE-16420,Katrina Edelman,Corporate,United States,Tigard,Oregon,97224.0,West,OFF-BI-10004828,Office Supplies,Binders,GBC Poly Designer Binding Covers,5.022
4085,CA-2018-163692,07/09/2018,09/09/2018,First Class,Dp-13240,Dean percer,Home Office,United States,Phoenix,Arizona,85023.0,West,OFF-BI-10003291,Office Supplies,Binders,Wilson Jones Leather-Like Binders with DublLock Round Rings,7.857
4088,CA-2017-111913,04/08/2017,06/08/2017,Second Class,LC-16930,Linda Cazamias,Corporate,United States,Sacramento,California,95823.0,West,OFF-BI-10000343,Office Supplies,Binders,"Pressboard Covers with Storage Hooks, 9 1/2"" x 11"", Light Blue",11.784
4092,CA-2017-161473,01/04/2017,05/04/2017,Standard Class,TB-21175,Thomas Boland,Corporate,United States,New York City,New York,10035.0,East,OFF-BI-10003305,Office Supplies,Binders,Avery Hanging File Binders,14.352
4093,CA-2018-166576,16/05/2018,18/05/2018,First Class,JM-15865,John Murray,Consumer,United States,Akron,Ohio,44312.0,East,OFF-ST-10002574,Office Supplies,Storage,"SAFCO Commercial Wire Shelving, Black",221.024
4095,CA-2016-102491,24/08/2016,28/08/2016,Standard Class,KW-16435,Katrina Willman,Consumer,United States,Florence,Kentucky,41042.0,South,TEC-AC-10003289,Technology,Accessories,Anker Ultra-Slim Mini Bluetooth 3.0 Wireless Keyboard,79.96
4100,CA-2015-116904,23/09/2015,28/09/2015,Standard Class,SC-20095,Sanjit Chand,Consumer,United States,Minneapolis,Minnesota,55407.0,Central,OFF-BI-10000301,Office Supplies,Binders,GBC Instant Report Kit,12.94
4103,US-2018-102288,19/06/2018,23/06/2018,Standard Class,ZC-21910,Zuschuss Carroll,Consumer,United States,Houston,Texas,77095.0,Central,OFF-PA-10000740,Office Supplies,Paper,Xerox 1982,146.176
4105,US-2018-155999,07/08/2018,13/08/2018,Standard Class,JK-15370,Jay Kimmel,Consumer,United States,San Diego,California,92105.0,West,TEC-PH-10000439,Technology,Phones,GE DSL Phone Line Filter,159.96
4111,CA-2016-153717,25/12/2016,01/01/2017,Standard Class,DL-13495,Dionis Lloyd,Corporate,United States,Detroit,Michigan,48227.0,Central,FUR-BO-10004360,Furniture,Bookcases,Rush Hierlooms Collection Rich Wood Bookcases,160.98
4112,CA-2016-153717,25/12/2016,01/01/2017,Standard Class,DL-13495,Dionis Lloyd,Corporate,United States,Detroit,Michigan,48227.0,Central,OFF-PA-10002160,Office Supplies,Paper,Xerox 1978,17.34
4113,CA-2016-153717,25/12/2016,01/01/2017,Standard Class,DL-13495,Dionis Lloyd,Corporate,United States,Detroit,Michigan,48227.0,Central,OFF-AR-10002375,Office Supplies,Art,Newell 351,3.28
4116,CA-2017-163573,24/11/2017,27/11/2017,First Class,AC-10450,Amy Cox,Consumer,United States,Seattle,Washington,98105.0,West,OFF-BI-10004632,Office Supplies,Binders,Ibico Hi-Tech Manual Binding System,1219.96
4123,CA-2018-133823,11/05/2018,12/05/2018,Same Day,LP-17080,Liz Pelletier,Consumer,United States,Seattle,Washington,98103.0,West,OFF-LA-10004545,Office Supplies,Labels,Avery 50,37.59
4124,CA-2018-133823,11/05/2018,12/05/2018,Same Day,LP-17080,Liz Pelletier,Consumer,United States,Seattle,Washington,98103.0,West,OFF-BI-10000962,Office Supplies,Binders,"Acco Flexible ACCOHIDE Square Ring Data Binder, Dark Blue, 11 1/2"" X 14"" 7/8""",26.032
4128,CA-2015-127299,19/09/2015,24/09/2015,Standard Class,JL-15835,John Lee,Consumer,United States,Charlotte,North Carolina,28205.0,South,OFF-ST-10003722,Office Supplies,Storage,Project Tote Personal File,67.344
4130,CA-2016-121272,29/03/2016,04/04/2016,Standard Class,DO-13435,Denny Ordway,Consumer,United States,Seattle,Washington,98103.0,West,OFF-AP-10001947,Office Supplies,Appliances,Acco 6 Outlet Guardian Premium Plus Surge Suppressor,73.28
4131,CA-2015-115336,18/11/2015,25/11/2015,Standard Class,AB-10600,Ann Blume,Corporate,United States,Chicago,Illinois,60623.0,Central,OFF-BI-10001107,Office Supplies,Binders,"GBC White Gloss Covers, Plain Front",14.48
4133,CA-2016-111703,02/07/2016,09/07/2016,Standard Class,KB-16315,Karl Braun,Consumer,United States,Hollywood,Florida,33021.0,South,OFF-PA-10003349,Office Supplies,Paper,Xerox 1957,15.552
4140,CA-2018-127313,01/12/2018,04/12/2018,First Class,RA-19285,Ralph Arnett,Consumer,United States,Philadelphia,Pennsylvania,19120.0,East,OFF-ST-10001228,Office Supplies,Storage,Personal File Boxes with Fold-Down Carry Handle,37.392
4141,CA-2018-127313,01/12/2018,04/12/2018,First Class,RA-19285,Ralph Arnett,Consumer,United States,Philadelphia,Pennsylvania,19120.0,East,FUR-FU-10003798,Furniture,Furnishings,"Ultra Door Kickplate, 8""H x 34""W",79.12
4149,CA-2018-106068,23/10/2018,28/10/2018,Standard Class,RB-19330,Randy Bradley,Consumer,United States,Austin,Texas,78745.0,Central,OFF-ST-10004507,Office Supplies,Storage,Advantus Rolling Storage Box,13.72
4150,CA-2018-106068,23/10/2018,28/10/2018,Standard Class,RB-19330,Randy Bradley,Consumer,United States,Austin,Texas,78745.0,Central,TEC-AC-10002942,Technology,Accessories,WD My Passport Ultra 1TB Portable External Hard Drive,55.2
4152,CA-2018-100160,07/09/2018,11/09/2018,Standard Class,CB-12025,Cassandra Brandow,Consumer,United States,Philadelphia,Pennsylvania,19134.0,East,OFF-LA-10002475,Office Supplies,Labels,Avery 519,29.24
4158,CA-2016-101091,05/12/2016,09/12/2016,Second Class,SW-20245,Scot Wooten,Consumer,United States,Philadelphia,Pennsylvania,19140.0,East,OFF-BI-10001107,Office Supplies,Binders,"GBC White Gloss Covers, Plain Front",26.064
4162,CA-2018-115546,14/05/2018,18/05/2018,Standard Class,AH-10465,Amy Hunt,Consumer,United States,New York City,New York,10035.0,East,OFF-ST-10002214,Office Supplies,Storage,X-Rack File for Hanging Folders,22.58
4163,CA-2016-163587,14/03/2016,18/03/2016,Standard Class,EP-13915,Emily Phan,Consumer,United States,Dover,New Hampshire,3820.0,East,OFF-LA-10004484,Office Supplies,Labels,Avery 476,16.52
4166,US-2018-106131,14/01/2018,16/01/2018,First Class,TP-21565,Tracy Poddar,Corporate,United States,Aurora,Colorado,80013.0,West,OFF-ST-10003638,Office Supplies,Storage,Mobile Personal File Cube,168.624
4170,CA-2016-100216,13/04/2016,14/04/2016,First Class,HJ-14875,Heather Jas,Home Office,United States,Mesa,Arizona,85204.0,West,OFF-PA-10000788,Office Supplies,Paper,Xerox 210,31.104
4171,CA-2016-100216,13/04/2016,14/04/2016,First Class,HJ-14875,Heather Jas,Home Office,United States,Mesa,Arizona,85204.0,West,OFF-PA-10002968,Office Supplies,Paper,Xerox 1973,54.816
4177,CA-2015-128846,07/04/2015,12/04/2015,Standard Class,RS-19765,Roland Schwarz,Corporate,United States,Columbia,South Carolina,29203.0,South,TEC-PH-10003273,Technology,Phones,AT&T TR1909W,629.95
4185,CA-2017-143749,05/12/2017,07/12/2017,First Class,AG-10300,Aleksandra Gannaway,Corporate,United States,Franklin,Massachusetts,2038.0,East,FUR-BO-10002853,Furniture,Bookcases,O'Sullivan 5-Shelf Heavy-Duty Bookcases,81.94
4186,CA-2017-111493,21/10/2017,22/10/2017,First Class,CM-12160,Charles McCrossin,Consumer,United States,Baltimore,Maryland,21215.0,East,TEC-AC-10004510,Technology,Accessories,Logitech Desktop MK120 Mouse and keyboard Combo,98.16
4190,CA-2017-157714,26/09/2017,01/10/2017,Second Class,CS-12175,Charles Sheldon,Corporate,United States,Iowa City,Iowa,52240.0,Central,OFF-PA-10004022,Office Supplies,Paper,Hammermill Color Copier Paper (28Lb. and 96 Bright),9.99
4191,CA-2018-166709,17/11/2018,22/11/2018,Standard Class,HL-15040,Hunter Lopez,Consumer,United States,Newark,Delaware,19711.0,East,TEC-CO-10004722,Technology,Copiers,Canon imageCLASS 2200 Advanced Copier,10499.97
4192,CA-2016-129392,08/07/2016,08/07/2016,Same Day,DM-13015,Darrin Martin,Consumer,United States,Houston,Texas,77070.0,Central,OFF-PA-10004248,Office Supplies,Paper,Xerox 1990,21.12
4193,CA-2016-150875,16/11/2016,20/11/2016,Standard Class,HK-14890,Heather Kirkland,Corporate,United States,Boise,Idaho,83704.0,West,FUR-TA-10000577,Furniture,Tables,Bretford CR4500 Series Slim Rectangular Table,696.42
4194,CA-2016-150875,16/11/2016,20/11/2016,Standard Class,HK-14890,Heather Kirkland,Corporate,United States,Boise,Idaho,83704.0,West,TEC-PH-10001254,Technology,Phones,Jabra BIZ 2300 Duo QD Duo Corded Headset,304.776
4197,US-2016-134271,18/04/2016,23/04/2016,Second Class,RF-19735,Roland Fjeld,Consumer,United States,New York City,New York,10024.0,East,OFF-LA-10004093,Office Supplies,Labels,Avery 486,21.93
4203,CA-2016-143105,10/12/2016,10/12/2016,Same Day,MA-17560,Matt Abelman,Home Office,United States,New York City,New York,10024.0,East,OFF-PA-10002254,Office Supplies,Paper,Xerox 1883,184.66
4206,CA-2015-145387,31/10/2015,02/11/2015,Second Class,AM-10705,Anne McFarland,Consumer,United States,Cranston,Rhode Island,2920.0,East,FUR-FU-10002364,Furniture,Furnishings,"Eldon Expressions Wood Desk Accessories, Oak",14.76
4211,CA-2018-109715,09/12/2018,14/12/2018,Standard Class,AH-10585,Angele Hood,Consumer,United States,Chicago,Illinois,60623.0,Central,OFF-PA-10004965,Office Supplies,Paper,Xerox 1921,15.984
4216,CA-2015-103590,30/11/2015,04/12/2015,Standard Class,JL-15505,Jeremy Lonsdale,Consumer,United States,Mount Vernon,New York,10550.0,East,OFF-EN-10004007,Office Supplies,Envelopes,Park Ridge Embossed Executive Business Envelopes,62.28
4217,CA-2016-111234,18/02/2016,22/02/2016,Standard Class,AB-10600,Ann Blume,Corporate,United States,Los Angeles,California,90004.0,West,OFF-LA-10002271,Office Supplies,Labels,Smead Alpha-Z Color-Coded Second Alphabetical Labels and Starter Set,9.24
4223,CA-2018-134565,11/06/2018,13/06/2018,Second Class,TB-21400,Tom Boeckenhauer,Consumer,United States,Seattle,Washington,98103.0,West,OFF-ST-10004804,Office Supplies,Storage,"Belkin 19"" Vented Equipment Shelf, Black",102.96
4227,CA-2018-120327,11/11/2018,16/11/2018,Standard Class,WB-21850,William Brown,Consumer,United States,Urbandale,Iowa,50322.0,Central,OFF-FA-10004854,Office Supplies,Fasteners,"Vinyl Coated Wire Paper Clips in Organizer Box, 800/Box",45.92
4229,CA-2017-113803,24/03/2017,26/03/2017,First Class,VG-21805,Vivek Grady,Corporate,United States,Richmond,Indiana,47374.0,Central,OFF-PA-10001994,Office Supplies,Paper,"Ink Jet Note and Greeting Cards, 8-1/2"" x 5-1/2"" Card Size",22.48
4230,CA-2018-100223,05/07/2018,10/07/2018,Standard Class,LS-16945,Linda Southworth,Corporate,United States,Dallas,Texas,75220.0,Central,FUR-FU-10003601,Furniture,Furnishings,"Deflect-o RollaMat Studded, Beveled Mat for Medium Pile Carpeting",332.028
4231,CA-2018-100223,05/07/2018,10/07/2018,Standard Class,LS-16945,Linda Southworth,Corporate,United States,Dallas,Texas,75220.0,Central,OFF-BI-10003429,Office Supplies,Binders,"Cardinal HOLDit! Binder Insert Strips,Extra Strips",11.394
4234,CA-2018-100223,05/07/2018,10/07/2018,Standard Class,LS-16945,Linda Southworth,Corporate,United States,Dallas,Texas,75220.0,Central,OFF-BI-10004492,Office Supplies,Binders,Tuf-Vin Binders,6.316
4239,CA-2018-147144,26/03/2018,28/03/2018,First Class,MZ-17335,Maria Zettner,Home Office,United States,Seattle,Washington,98105.0,West,OFF-AR-10004587,Office Supplies,Art,"Boston 1827 Commercial Additional Cutter, Drive Gear & Gear Rack for 1606",19.83
4240,CA-2018-158673,29/12/2018,04/01/2019,Standard Class,KB-16600,Ken Brennan,Corporate,United States,Grand Rapids,Michigan,49505.0,Central,OFF-PA-10000994,Office Supplies,Paper,Xerox 1915,209.7
4242,CA-2015-133704,20/09/2015,26/09/2015,Standard Class,MA-17995,Michelle Arnett,Home Office,United States,Los Angeles,California,90004.0,West,OFF-BI-10001636,Office Supplies,Binders,Ibico Plastic and Wire Spiral Binding Combs,20.232
4247,CA-2018-117702,28/11/2018,04/12/2018,Standard Class,LS-16975,Lindsay Shagiari,Home Office,United States,Baltimore,Maryland,21215.0,East,FUR-FU-10000576,Furniture,Furnishings,Luxo Professional Fluorescent Magnifier Lamp with Clamp-Mount Base,1049.2
4251,CA-2015-168130,19/09/2015,19/09/2015,Same Day,BS-11365,Bill Shonely,Corporate,United States,New York City,New York,10011.0,East,FUR-CH-10000988,Furniture,Chairs,Hon Olson Stacker Stools,887.103
4253,CA-2016-155068,23/10/2016,23/10/2016,Same Day,RA-19285,Ralph Arnett,Consumer,United States,Lakeland,Florida,33801.0,South,OFF-AR-10002656,Office Supplies,Art,Sanford Liquid Accent Highlighters,10.688
4254,CA-2016-155068,23/10/2016,23/10/2016,Same Day,RA-19285,Ralph Arnett,Consumer,United States,Lakeland,Florida,33801.0,South,TEC-PH-10004924,Technology,Phones,"SKILCRAFT Telephone Shoulder Rest, 2"" x 6.5"" x 2.5"", Black",11.824
4263,CA-2018-123351,21/09/2018,25/09/2018,Standard Class,KT-16480,Kean Thornton,Consumer,United States,Columbus,Georgia,31907.0,South,OFF-AP-10001242,Office Supplies,Appliances,APC 7 Outlet Network SurgeArrest Surge Protector,80.48
4265,US-2017-131611,05/11/2017,09/11/2017,Standard Class,EP-13915,Emily Phan,Consumer,United States,Houston,Texas,77036.0,Central,FUR-TA-10002774,Furniture,Tables,Laminate Occasional Tables,863.128
4268,US-2017-131611,05/11/2017,09/11/2017,Standard Class,EP-13915,Emily Phan,Consumer,United States,Houston,Texas,77036.0,Central,OFF-BI-10001989,Office Supplies,Binders,Premium Transparent Presentation Covers by GBC,12.588
4270,US-2018-124821,25/06/2018,29/06/2018,Second Class,AM-10705,Anne McFarland,Consumer,United States,Seattle,Washington,98115.0,West,FUR-TA-10000688,Furniture,Tables,"Chromcraft Bull-Nose Wood Round Conference Table Top, Wood Base",871.4
4271,CA-2016-166975,26/11/2016,30/11/2016,Standard Class,SH-20635,Stefanie Holloman,Corporate,United States,Jackson,Tennessee,38301.0,South,FUR-FU-10003930,Furniture,Furnishings,Howard Miller 12-3/4 Diameter Accuwave DS  Wall Clock,692.472
4274,US-2018-158505,21/07/2018,21/07/2018,Same Day,SF-20200,Sarah Foster,Consumer,United States,Murray,Utah,84107.0,West,OFF-AR-10001044,Office Supplies,Art,"BOSTON Ranger #55 Pencil Sharpener, Black",25.99
4278,US-2017-107440,16/04/2017,20/04/2017,Standard Class,BS-11365,Bill Shonely,Corporate,United States,Lakewood,New Jersey,8701.0,East,TEC-MA-10001047,Technology,Machines,"3D Systems Cube Printer, 2nd Generation, Magenta",9099.93
4281,CA-2015-166989,14/11/2015,18/11/2015,Standard Class,RM-19675,Robert Marley,Home Office,United States,New York City,New York,10011.0,East,OFF-PA-10004470,Office Supplies,Paper,"Adams Write n' Stick Phone Message Book, 11"" X 5 1/4"", 200 Messages",11.36
4282,CA-2015-166989,14/11/2015,18/11/2015,Standard Class,RM-19675,Robert Marley,Home Office,United States,New York City,New York,10011.0,East,FUR-CH-10001797,Furniture,Chairs,"Safco Chair Connectors, 6/Carton",69.264
4285,CA-2016-105690,21/11/2016,26/11/2016,Second Class,CA-11965,Carol Adams,Corporate,United States,Port Arthur,Texas,77642.0,Central,FUR-BO-10003965,Furniture,Bookcases,O'Sullivan Manor Hill 2-Door Library in Brianna Oak,246.1328
4289,US-2016-117184,17/05/2016,21/05/2016,Standard Class,ON-18715,Odella Nelson,Corporate,United States,Houston,Texas,77095.0,Central,OFF-BI-10002082,Office Supplies,Binders,GBC Twin Loop Wire Binding Elements,33.28
4292,CA-2018-102407,09/12/2018,13/12/2018,Second Class,AT-10435,Alyssa Tate,Home Office,United States,Los Angeles,California,90004.0,West,FUR-TA-10003748,Furniture,Tables,Bevis 36 x 72 Conference Tables,896.328
4293,CA-2018-102407,09/12/2018,13/12/2018,Second Class,AT-10435,Alyssa Tate,Home Office,United States,Los Angeles,California,90004.0,West,OFF-AP-10001394,Office Supplies,Appliances,Harmony Air Purifier,189.0
4295,CA-2018-101581,22/10/2018,27/10/2018,Standard Class,DW-13195,David Wiener,Corporate,United States,Redmond,Oregon,97756.0,West,FUR-TA-10002607,Furniture,Tables,KI Conference Tables,177.225
4296,CA-2018-169124,03/07/2018,10/07/2018,Standard Class,MB-17305,Maria Bertelson,Consumer,United States,Citrus Heights,California,95610.0,West,FUR-FU-10001215,Furniture,Furnishings,"Howard Miller 11-1/2"" Diameter Brentwood Wall Clock",129.39
4300,CA-2018-129021,23/08/2018,26/08/2018,Second Class,PO-18850,Patrick O'Brill,Consumer,United States,Tallahassee,Florida,32303.0,South,OFF-AP-10003040,Office Supplies,Appliances,Fellowes 8 Outlet Superior Workstation Surge Protector w/o Phone/Fax/Modem Protection,161.376
4302,CA-2018-129021,23/08/2018,26/08/2018,Second Class,PO-18850,Patrick O'Brill,Consumer,United States,Tallahassee,Florida,32303.0,South,OFF-PA-10000141,Office Supplies,Paper,"Ampad Evidence Wirebond Steno Books, 6"" x 9""",8.72
4303,CA-2015-123253,22/08/2015,25/08/2015,Second Class,DE-13255,Deanra Eno,Home Office,United States,Lakewood,Ohio,44107.0,East,OFF-AR-10002804,Office Supplies,Art,Faber Castell Col-Erase Pencils,3.912
4304,CA-2017-121601,04/10/2017,04/10/2017,Same Day,MO-17500,Mary O'Rourke,Consumer,United States,The Colony,Texas,75056.0,Central,OFF-EN-10003862,Office Supplies,Envelopes,Laser & Ink Jet Business Envelopes,59.752
4305,CA-2015-162278,26/10/2015,30/10/2015,Second Class,AH-10585,Angele Hood,Consumer,United States,Seattle,Washington,98105.0,West,FUR-FU-10000448,Furniture,Furnishings,Tenex Chairmats For Use With Carpeted Floors,63.92
4307,CA-2017-161095,28/06/2017,28/06/2017,Same Day,CS-12250,Chris Selesnick,Corporate,United States,Los Angeles,California,90032.0,West,OFF-BI-10002764,Office Supplies,Binders,Recycled Pressboard Report Cover with Reinforced Top Hinge,7.752
4318,CA-2016-136735,26/07/2016,02/08/2016,Standard Class,HA-14920,Helen Andreada,Consumer,United States,San Francisco,California,94110.0,West,OFF-EN-10002230,Office Supplies,Envelopes,Airmail Envelopes,167.86
4322,US-2016-147662,14/02/2016,19/02/2016,Standard Class,KB-16315,Karl Braun,Consumer,United States,Akron,Ohio,44312.0,East,OFF-BI-10001658,Office Supplies,Binders,GBC Standard Therm-A-Bind Covers,14.952
4329,CA-2018-118360,01/04/2018,07/04/2018,Standard Class,JC-15775,John Castell,Consumer,United States,New York City,New York,10011.0,East,OFF-PA-10000791,Office Supplies,Paper,"Wirebound Message Books, Four 2 3/4 x 5 Forms per Page, 200 Sets per Book",42.93
4330,CA-2018-149853,03/10/2018,09/10/2018,Standard Class,PO-18850,Patrick O'Brill,Consumer,United States,Hialeah,Florida,33012.0,South,OFF-PA-10000556,Office Supplies,Paper,Xerox 208,15.552
4333,CA-2018-107909,01/09/2018,06/09/2018,Standard Class,SS-20875,Sung Shariari,Consumer,United States,Redmond,Washington,98052.0,West,OFF-BI-10003476,Office Supplies,Binders,Avery Metallic Poly Binders,22.92
4336,CA-2016-154795,20/12/2016,24/12/2016,Standard Class,GZ-14470,Gary Zandusky,Consumer,United States,Bullhead City,Arizona,86442.0,West,OFF-EN-10003068,Office Supplies,Envelopes,#6 3/4 Gummed Flap White Envelopes,7.92
4337,CA-2016-154795,20/12/2016,24/12/2016,Standard Class,GZ-14470,Gary Zandusky,Consumer,United States,Bullhead City,Arizona,86442.0,West,FUR-FU-10002088,Furniture,Furnishings,Nu-Dell Float Frame 11 x 14 1/2,14.368
4339,CA-2016-125234,27/11/2016,01/12/2016,Standard Class,SN-20710,Steve Nguyen,Home Office,United States,Los Angeles,California,90049.0,West,OFF-PA-10000482,Office Supplies,Paper,"Snap-A-Way Black Print Carbonless Ruled Speed Letter, Triplicate",113.82
4340,CA-2018-133501,27/08/2018,01/09/2018,Standard Class,DK-12895,Dana Kaydos,Consumer,United States,Franklin,Tennessee,37064.0,South,OFF-PA-10004888,Office Supplies,Paper,Xerox 217,5.184
4342,CA-2018-130309,17/12/2018,21/12/2018,Standard Class,GB-14575,Giulietta Baptist,Consumer,United States,Arlington,Virginia,22204.0,South,OFF-ST-10003208,Office Supplies,Storage,Adjustable Depth Letter/Legal Cart,544.38
4344,CA-2018-105410,19/03/2018,22/03/2018,First Class,ND-18370,Natalie DeCherney,Consumer,United States,San Francisco,California,94110.0,West,TEC-PH-10000038,Technology,Phones,Jawbone MINI JAMBOX Wireless Bluetooth Speaker,657.504
4345,CA-2018-105410,19/03/2018,22/03/2018,First Class,ND-18370,Natalie DeCherney,Consumer,United States,San Francisco,California,94110.0,West,TEC-AC-10001552,Technology,Accessories,Logitech K350 2.4Ghz Wireless Keyboard,99.54
4346,CA-2018-105410,19/03/2018,22/03/2018,First Class,ND-18370,Natalie DeCherney,Consumer,United States,San Francisco,California,94110.0,West,TEC-AC-10002926,Technology,Accessories,Logitech Wireless Marathon Mouse M705,199.96
4348,CA-2017-120355,18/09/2017,25/09/2017,Standard Class,MM-17260,Magdelene Morse,Consumer,United States,New Rochelle,New York,10801.0,East,FUR-FU-10004053,Furniture,Furnishings,DAX Two-Tone Silver Metal Document Frame,60.72
4351,US-2018-100482,11/04/2018,15/04/2018,Standard Class,JL-15130,Jack Lebron,Consumer,United States,Lancaster,Ohio,43130.0,East,OFF-ST-10001325,Office Supplies,Storage,Sterilite Officeware Hinged File Box,16.768
4353,CA-2018-107748,10/12/2018,12/12/2018,Second Class,AG-10330,Alex Grayson,Consumer,United States,Stockton,California,95207.0,West,TEC-PH-10003215,Technology,Phones,Jackery Bar Premium Fast-charging Portable Charger,95.84
4356,CA-2016-155600,04/12/2016,07/12/2016,Second Class,RO-19780,Rose O'Brian,Consumer,United States,Clarksville,Tennessee,37042.0,South,OFF-BI-10000545,Office Supplies,Binders,GBC Ibimaster 500 Manual ProClick Binding System,1598.058
4363,CA-2018-111332,20/05/2018,22/05/2018,Second Class,NC-18340,Nat Carroll,Consumer,United States,Fargo,North Dakota,58103.0,Central,OFF-AR-10001953,Office Supplies,Art,Boston 1645 Deluxe Heavier-Duty Electric Pencil Sharpener,131.94
4367,CA-2018-111332,20/05/2018,22/05/2018,Second Class,NC-18340,Nat Carroll,Consumer,United States,Fargo,North Dakota,58103.0,Central,OFF-AR-10000657,Office Supplies,Art,"Binney & Smith inkTank Desk Highlighter, Chisel Tip, Yellow, 12/Box",21.5
4368,CA-2018-117044,11/09/2018,13/09/2018,Second Class,HA-14920,Helen Andreada,Consumer,United States,Chicago,Illinois,60623.0,Central,OFF-FA-10000936,Office Supplies,Fasteners,Acco Hot Clips Clips to Go,10.528
4372,US-2017-165078,05/11/2017,10/11/2017,Standard Class,MA-17995,Michelle Arnett,Home Office,United States,Lawrence,Indiana,46226.0,Central,OFF-LA-10000414,Office Supplies,Labels,Avery 503,51.75
4373,US-2018-169320,23/07/2018,25/07/2018,Second Class,LH-16900,Lena Hernandez,Consumer,United States,Elkhart,Indiana,46514.0,Central,OFF-AR-10003602,Office Supplies,Art,"Quartet Omega Colored Chalk, 12/Pack",11.68
4374,US-2018-169320,23/07/2018,25/07/2018,Second Class,LH-16900,Lena Hernandez,Consumer,United States,Elkhart,Indiana,46514.0,Central,TEC-AC-10002550,Technology,Accessories,"Memorex 25GB 6X Branded Blu-Ray Recordable Disc, 30/Pack",159.75
4376,CA-2015-166954,25/04/2015,30/04/2015,Standard Class,BT-11305,Beth Thompson,Home Office,United States,San Gabriel,California,91776.0,West,FUR-FU-10003708,Furniture,Furnishings,"Tenex Traditional Chairmats for Medium Pile Carpet, Standard Lip, 36"" x 48""",303.25
4377,CA-2015-166954,25/04/2015,30/04/2015,Standard Class,BT-11305,Beth Thompson,Home Office,United States,San Gabriel,California,91776.0,West,OFF-AP-10001391,Office Supplies,Appliances,Kensington 6 Outlet MasterPiece HOMEOFFICE Power Control Center,270.72
4378,CA-2015-166954,25/04/2015,30/04/2015,Standard Class,BT-11305,Beth Thompson,Home Office,United States,San Gabriel,California,91776.0,West,FUR-CH-10003973,Furniture,Chairs,GuestStacker Chair with Chrome Finish Legs,1487.04
4382,CA-2016-152891,25/10/2016,30/10/2016,Standard Class,TB-21625,Trudy Brown,Consumer,United States,San Francisco,California,94110.0,West,FUR-TA-10001857,Furniture,Tables,Balt Solid Wood Rectangular Table,253.176
4383,US-2016-122784,20/07/2016,27/07/2016,Standard Class,RA-19915,Russell Applegate,Consumer,United States,Highland Park,Illinois,60035.0,Central,OFF-BI-10000546,Office Supplies,Binders,Avery Durable Binders,2.88
4386,US-2016-122784,20/07/2016,27/07/2016,Standard Class,RA-19915,Russell Applegate,Consumer,United States,Highland Park,Illinois,60035.0,Central,FUR-BO-10002545,Furniture,Bookcases,"Atlantic Metals Mobile 3-Shelf Bookcases, Custom Colors",913.43
4387,CA-2017-156811,27/10/2017,02/11/2017,Standard Class,BP-11095,Bart Pistole,Corporate,United States,San Francisco,California,94122.0,West,OFF-AP-10001366,Office Supplies,Appliances,Staple holder,43.92
4396,CA-2015-142965,20/07/2015,20/07/2015,Same Day,SW-20245,Scot Wooten,Consumer,United States,Springfield,Ohio,45503.0,East,OFF-BI-10000977,Office Supplies,Binders,Ibico Plastic Spiral Binding Combs,27.36
4398,US-2015-138758,07/07/2015,11/07/2015,Standard Class,JL-15835,John Lee,Consumer,United States,Philadelphia,Pennsylvania,19120.0,East,FUR-CH-10002880,Furniture,Chairs,"Global High-Back Leather Tilter, Burgundy",172.186
4399,US-2015-138758,07/07/2015,11/07/2015,Standard Class,JL-15835,John Lee,Consumer,United States,Philadelphia,Pennsylvania,19120.0,East,FUR-FU-10003039,Furniture,Furnishings,"Howard Miller 11-1/2"" Diameter Grantwood Wall Clock",69.008
4402,CA-2017-131737,17/03/2017,17/03/2017,Same Day,GZ-14470,Gary Zandusky,Consumer,United States,Columbia,Maryland,21044.0,East,FUR-FU-10004306,Furniture,Furnishings,Electrix Halogen Magnifier Lamp,971.5
4404,CA-2015-127936,02/09/2015,04/09/2015,First Class,CL-12565,Clay Ludtke,Consumer,United States,New York City,New York,10009.0,East,OFF-AR-10002445,Office Supplies,Art,SANFORD Major Accent Highlighters,21.24
4412,CA-2015-130624,21/06/2015,24/06/2015,First Class,TB-21280,Toby Braunhardt,Consumer,United States,New York City,New York,10024.0,East,OFF-PA-10003883,Office Supplies,Paper,"Message Book, Phone, Wirebound Standard Line Memo, 2 3/4"" X 5""",19.65
4413,CA-2015-130624,21/06/2015,24/06/2015,First Class,TB-21280,Toby Braunhardt,Consumer,United States,New York City,New York,10024.0,East,TEC-PH-10003963,Technology,Phones,GE 2-Jack Phone Line Splitter,617.97
4417,CA-2015-153983,29/11/2015,06/12/2015,Standard Class,AH-10210,Alan Hwang,Consumer,United States,San Francisco,California,94122.0,West,OFF-FA-10003495,Office Supplies,Fasteners,Staples,30.4
4418,CA-2018-112900,09/04/2018,12/04/2018,Second Class,KL-16645,Ken Lonsdale,Consumer,United States,Detroit,Michigan,48205.0,Central,OFF-BI-10002867,Office Supplies,Binders,GBC Recycled Regency Composition Covers,478.24
4419,CA-2015-160157,20/12/2015,27/12/2015,Standard Class,MH-17455,Mark Hamilton,Consumer,United States,Hamilton,Ohio,45011.0,East,FUR-FU-10003773,Furniture,Furnishings,Eldon Cleatmat Plus Chair Mats for High Pile Carpets,190.848
4422,CA-2015-117016,04/03/2015,09/03/2015,Standard Class,SC-20095,Sanjit Chand,Consumer,United States,Margate,Florida,33063.0,South,OFF-AR-10001374,Office Supplies,Art,"BIC Brite Liner Highlighters, Chisel Tip",15.552
4424,CA-2018-159464,18/05/2018,19/05/2018,First Class,TB-21355,Todd Boyes,Corporate,United States,Sandy Springs,Georgia,30328.0,South,FUR-BO-10003546,Furniture,Bookcases,Hon 4-Shelf Metal Bookcases,302.94
4428,US-2018-103226,22/09/2018,28/09/2018,Standard Class,DW-13195,David Wiener,Corporate,United States,Albuquerque,New Mexico,87105.0,West,OFF-PA-10002666,Office Supplies,Paper,Southworth 25% Cotton Linen-Finish Paper & Envelopes,27.18
4430,CA-2018-147725,14/09/2018,14/09/2018,Same Day,LT-17110,Liz Thompson,Consumer,United States,Orange,New Jersey,7050.0,East,OFF-AR-10001725,Office Supplies,Art,Boston Home & Office Model 2000 Electric Pencil Sharpeners,70.95
4440,CA-2017-162726,27/12/2017,02/01/2018,Standard Class,MT-17815,Meg Tillman,Consumer,United States,Port Arthur,Texas,77642.0,Central,OFF-PA-10004041,Office Supplies,Paper,"It's Hot Message Books with Stickers, 2 3/4"" x 5""",23.68
4442,US-2017-111290,22/07/2017,26/07/2017,Standard Class,DK-13375,Dennis Kane,Consumer,United States,Westland,Michigan,48185.0,Central,OFF-ST-10001932,Office Supplies,Storage,Fellowes Staxonsteel Drawer Files,965.85
4443,US-2017-111290,22/07/2017,26/07/2017,Standard Class,DK-13375,Dennis Kane,Consumer,United States,Westland,Michigan,48185.0,Central,OFF-AR-10001761,Office Supplies,Art,Avery Hi-Liter Smear-Safe Highlighters,29.2
4448,US-2015-147704,16/11/2015,21/11/2015,Standard Class,SR-20740,Steven Roelle,Home Office,United States,Bloomington,Indiana,47401.0,Central,OFF-ST-10000675,Office Supplies,Storage,"File Shuttle II and Handi-File, Black",169.45
4454,CA-2017-147137,04/07/2017,06/07/2017,First Class,AA-10645,Anna Andreadi,Consumer,United States,San Francisco,California,94109.0,West,FUR-BO-10001811,Furniture,Bookcases,"Atlantic Metals Mobile 5-Shelf Bookcases, Custom Colors",1279.165
4460,US-2018-125717,28/09/2018,01/10/2018,First Class,DS-13030,Darrin Sayre,Home Office,United States,Aurora,Colorado,80013.0,West,FUR-FU-10001979,Furniture,Furnishings,Dana Halogen Swing-Arm Architect Lamp,32.776
4462,US-2018-125717,28/09/2018,01/10/2018,First Class,DS-13030,Darrin Sayre,Home Office,United States,Aurora,Colorado,80013.0,West,TEC-AC-10003657,Technology,Accessories,Lenovo 17-Key USB Numeric Keypad,54.384
4464,US-2018-125717,28/09/2018,01/10/2018,First Class,DS-13030,Darrin Sayre,Home Office,United States,Aurora,Colorado,80013.0,West,OFF-PA-10003022,Office Supplies,Paper,Xerox 1992,14.352
4468,CA-2018-168641,24/11/2018,01/12/2018,Standard Class,KA-16525,Kelly Andreada,Consumer,United States,New York City,New York,10035.0,East,OFF-EN-10003001,Office Supplies,Envelopes,Ames Color-File Green Diamond Border X-ray Mailers,167.96
4472,CA-2018-121300,29/09/2018,29/09/2018,Same Day,MG-17680,Maureen Gastineau,Home Office,United States,Mentor,Ohio,44060.0,East,FUR-CH-10003774,Furniture,Chairs,"Global Wood Trimmed Manager's Task Chair, Khaki",63.686
4475,CA-2018-121300,29/09/2018,29/09/2018,Same Day,MG-17680,Maureen Gastineau,Home Office,United States,Mentor,Ohio,44060.0,East,OFF-PA-10002787,Office Supplies,Paper,Xerox 227,15.552
4476,CA-2018-121300,29/09/2018,29/09/2018,Same Day,MG-17680,Maureen Gastineau,Home Office,United States,Mentor,Ohio,44060.0,East,FUR-FU-10004586,Furniture,Furnishings,G.E. Longer-Life Indoor Recessed Floodlight Bulbs,21.248
4478,CA-2018-130211,22/10/2018,22/10/2018,Same Day,BD-11620,Brian DeCherney,Consumer,United States,Lawton,Oklahoma,73505.0,Central,OFF-ST-10000129,Office Supplies,Storage,Fellowes Recycled Storage Drawers,333.09
4481,CA-2017-109365,03/11/2017,08/11/2017,Standard Class,XP-21865,Xylona Preis,Consumer,United States,Los Angeles,California,90049.0,West,OFF-FA-10001561,Office Supplies,Fasteners,Stockwell Push Pins,15.26
4484,CA-2017-109365,03/11/2017,08/11/2017,Standard Class,XP-21865,Xylona Preis,Consumer,United States,Los Angeles,California,90049.0,West,OFF-PA-10001725,Office Supplies,Paper,Xerox 1892,116.28
4485,CA-2017-109365,03/11/2017,08/11/2017,Standard Class,XP-21865,Xylona Preis,Consumer,United States,Los Angeles,California,90049.0,West,OFF-BI-10002071,Office Supplies,Binders,Fellowes Black Plastic Comb Bindings,9.296
4487,CA-2017-109365,03/11/2017,08/11/2017,Standard Class,XP-21865,Xylona Preis,Consumer,United States,Los Angeles,California,90049.0,West,OFF-PA-10004359,Office Supplies,Paper,Multicolor Computer Printout Paper,314.55
4490,CA-2016-162621,05/09/2016,11/09/2016,Standard Class,CA-12055,Cathy Armstrong,Home Office,United States,Houston,Texas,77036.0,Central,OFF-BI-10003708,Office Supplies,Binders,"Acco Four Pocket Poly Ring Binder with Label Holder, Smoke, 1""",4.47
4505,US-2015-138247,24/12/2015,29/12/2015,Standard Class,BF-11170,Ben Ferrer,Home Office,United States,Los Angeles,California,90045.0,West,OFF-AP-10000828,Office Supplies,Appliances,Avanti 4.4 Cu. Ft. Refrigerator,361.96
4506,US-2015-138247,24/12/2015,29/12/2015,Standard Class,BF-11170,Ben Ferrer,Home Office,United States,Los Angeles,California,90045.0,West,TEC-AC-10004708,Technology,Accessories,Sony 32GB Class 10 Micro SDHC R40 Memory Card,62.85
4507,US-2015-138247,24/12/2015,29/12/2015,Standard Class,BF-11170,Ben Ferrer,Home Office,United States,Los Angeles,California,90045.0,West,TEC-PH-10001530,Technology,Phones,Cisco Unified IP Phone 7945G VoIP phone,818.376
4510,CA-2018-167003,23/05/2018,29/05/2018,Standard Class,VS-21820,Vivek Sundaresam,Consumer,United States,Los Angeles,California,90036.0,West,FUR-TA-10001520,Furniture,Tables,"Lesro Sheffield Collection Coffee Table, End Table, Center Table, Corner Table",171.288
4511,CA-2017-119935,10/11/2017,14/11/2017,Standard Class,KM-16225,Kalyca Meade,Corporate,United States,Springfield,Missouri,65807.0,Central,FUR-FU-10001085,Furniture,Furnishings,3M Polarizing Light Filter Sleeves,37.3
4512,CA-2017-119935,10/11/2017,14/11/2017,Standard Class,KM-16225,Kalyca Meade,Corporate,United States,Springfield,Missouri,65807.0,Central,OFF-BI-10001597,Office Supplies,Binders,"Wilson Jones Ledger-Size, Piano-Hinge Binder, 2"", Blue",81.96
4515,CA-2017-120873,27/10/2017,01/11/2017,Second Class,BW-11200,Ben Wallace,Consumer,United States,Hampton,Virginia,23666.0,South,FUR-CH-10000847,Furniture,Chairs,Global Executive Mid-Back Manager's Chair,290.98
4517,US-2017-128678,15/09/2017,20/09/2017,Standard Class,RB-19570,Rob Beeghly,Consumer,United States,Seattle,Washington,98105.0,West,OFF-PA-10000807,Office Supplies,Paper,"TOPS ""Important Message"" Pads, Canary, 4-1/4 x 5-1/2, 50 Sheets per Pad",21.4
4520,CA-2018-107167,10/06/2018,14/06/2018,Standard Class,ND-18460,Neil Ducich,Corporate,United States,Jacksonville,Florida,32216.0,South,OFF-ST-10003805,Office Supplies,Storage,"24 Capacity Maxi Data Binder Racks, Pearl",1347.52
4522,CA-2015-109491,20/02/2015,26/02/2015,Standard Class,LC-16930,Linda Cazamias,Corporate,United States,Richmond,Indiana,47374.0,Central,FUR-FU-10000221,Furniture,Furnishings,"Master Caster Door Stop, Brown",20.32
4528,US-2018-105046,17/07/2018,23/07/2018,Standard Class,BE-11335,Bill Eplett,Home Office,United States,Rome,New York,13440.0,East,FUR-FU-10004848,Furniture,Furnishings,DAX Solid Wood Frames,39.08
4534,CA-2015-140403,10/10/2015,10/10/2015,Same Day,TN-21040,Tanja Norvell,Home Office,United States,Manteca,California,95336.0,West,OFF-EN-10001219,Office Supplies,Envelopes,"#10- 4 1/8"" x 9 1/2"" Security-Tint Envelopes",15.28
4535,CA-2016-163104,19/03/2016,26/03/2016,Standard Class,MC-18130,Mike Caudle,Corporate,United States,Los Angeles,California,90004.0,West,OFF-PA-10001947,Office Supplies,Paper,Xerox 1974,11.96
4536,CA-2018-138464,08/07/2018,12/07/2018,Standard Class,VF-21715,Vicky Freymann,Home Office,United States,Seattle,Washington,98115.0,West,FUR-FU-10003142,Furniture,Furnishings,"Master Big Foot Doorstop, Beige",15.84
4538,CA-2018-138464,08/07/2018,12/07/2018,Standard Class,VF-21715,Vicky Freymann,Home Office,United States,Seattle,Washington,98115.0,West,OFF-AR-10003560,Office Supplies,Art,Zebra Zazzle Fluorescent Highlighters,18.24
4550,CA-2016-126557,12/07/2016,17/07/2016,Second Class,RL-19615,Rob Lucas,Consumer,United States,Chicago,Illinois,60610.0,Central,TEC-PH-10003963,Technology,Phones,GE 2-Jack Phone Line Splitter,659.168
4554,US-2015-106334,27/12/2015,02/01/2016,Standard Class,JF-15490,Jeremy Farry,Consumer,United States,San Francisco,California,94122.0,West,OFF-PA-10003657,Office Supplies,Paper,Xerox 1927,12.84
4555,CA-2017-101448,27/02/2017,01/03/2017,Second Class,EB-13930,Eric Barreto,Consumer,United States,La Crosse,Wisconsin,54601.0,Central,OFF-BI-10004738,Office Supplies,Binders,Flexible Leather- Look Classic Collection Ring Binder,56.82
4557,CA-2016-130218,23/03/2016,26/03/2016,First Class,SG-20470,Sheri Gordon,Consumer,United States,Florence,South Carolina,29501.0,South,OFF-ST-10002486,Office Supplies,Storage,Eldon Shelf Savers Cubes and Bins,27.92
4562,CA-2016-118871,04/12/2016,09/12/2016,Second Class,HM-14860,Harry Marie,Corporate,United States,Los Angeles,California,90049.0,West,TEC-PH-10000193,Technology,Phones,Jensen SMPS-640 - speaker phone,110.352
4563,CA-2016-118871,04/12/2016,09/12/2016,Second Class,HM-14860,Harry Marie,Corporate,United States,Los Angeles,California,90049.0,West,FUR-FU-10002111,Furniture,Furnishings,"Master Caster Door Stop, Large Brown",36.4
4565,CA-2015-101175,09/12/2015,14/12/2015,Standard Class,DM-12955,Dario Medina,Corporate,United States,Mesa,Arizona,85204.0,West,OFF-ST-10004950,Office Supplies,Storage,Acco Perma 3000 Stacking Storage Drawers,100.704
4569,CA-2016-111990,08/11/2016,13/11/2016,Standard Class,DB-13660,Duane Benoit,Consumer,United States,Houston,Texas,77095.0,Central,OFF-BI-10003291,Office Supplies,Binders,Wilson Jones Leather-Like Binders with DublLock Round Rings,10.476
4573,CA-2018-126662,17/07/2018,21/07/2018,Standard Class,AB-10255,Alejandro Ballentine,Home Office,United States,Los Angeles,California,90036.0,West,TEC-CO-10004202,Technology,Copiers,Brother DCP1000 Digital 3 in 1 Multifunction Machine,479.984
4574,CA-2017-139395,12/12/2017,18/12/2017,Standard Class,MG-17650,Matthew Grinstein,Home Office,United States,Jackson,Michigan,49201.0,Central,TEC-PH-10002103,Technology,Phones,Jabra SPEAK 410,657.93
4575,CA-2017-139395,12/12/2017,18/12/2017,Standard Class,MG-17650,Matthew Grinstein,Home Office,United States,Jackson,Michigan,49201.0,Central,FUR-FU-10003724,Furniture,Furnishings,Westinghouse Clip-On Gooseneck Lamps,33.48
4576,CA-2017-139395,12/12/2017,18/12/2017,Standard Class,MG-17650,Matthew Grinstein,Home Office,United States,Jackson,Michigan,49201.0,Central,OFF-AR-10003732,Office Supplies,Art,Newell 333,13.9
4581,CA-2016-164427,31/07/2016,06/08/2016,Standard Class,AR-10405,Allen Rosenblatt,Corporate,United States,Hattiesburg,Mississippi,39401.0,South,TEC-AC-10004469,Technology,Accessories,Microsoft Sculpt Comfort Mouse,239.7
4583,CA-2017-121993,10/06/2017,12/06/2017,First Class,JB-16000,Joy Bell-,Consumer,United States,Philadelphia,Pennsylvania,19140.0,East,OFF-LA-10003720,Office Supplies,Labels,Avery 487,23.616
4588,US-2018-163790,02/11/2018,04/11/2018,Second Class,NL-18310,Nancy Lomonaco,Home Office,United States,Danville,California,94526.0,West,OFF-FA-10004838,Office Supplies,Fasteners,"Super Bands, 12/Pack",5.58
4589,US-2018-163790,02/11/2018,04/11/2018,Second Class,NL-18310,Nancy Lomonaco,Home Office,United States,Danville,California,94526.0,West,FUR-FU-10002508,Furniture,Furnishings,Document Clip Frames,25.02
4594,CA-2017-129868,26/12/2017,31/12/2017,Standard Class,MC-18130,Mike Caudle,Corporate,United States,Los Angeles,California,90004.0,West,OFF-AP-10004052,Office Supplies,Appliances,"Hoover Replacement Belts For Soft Guard & Commercial Ltweight Upright Vacs, 2/Pk",7.9
4599,US-2018-169502,28/08/2018,01/09/2018,Standard Class,MG-17650,Matthew Grinstein,Home Office,United States,Milwaukee,Wisconsin,53209.0,Central,OFF-AP-10001947,Office Supplies,Appliances,Acco 6 Outlet Guardian Premium Plus Surge Suppressor,91.6
4602,CA-2016-146948,16/07/2016,20/07/2016,Standard Class,MG-17890,Michael Granlund,Home Office,United States,Baltimore,Maryland,21215.0,East,OFF-FA-10001332,Office Supplies,Fasteners,"Acco Banker's Clasps, 5 3/4""-Long",11.52
4603,US-2016-113327,26/05/2016,29/05/2016,Second Class,BF-11170,Ben Ferrer,Home Office,United States,Jacksonville,North Carolina,28540.0,South,OFF-PA-10003790,Office Supplies,Paper,Xerox 1991,18.272
4605,US-2016-113327,26/05/2016,29/05/2016,Second Class,BF-11170,Ben Ferrer,Home Office,United States,Jacksonville,North Carolina,28540.0,South,OFF-EN-10004459,Office Supplies,Envelopes,Security-Tint Envelopes,12.224
4609,CA-2016-135020,28/05/2016,02/06/2016,Standard Class,MS-17770,Maxwell Schwartz,Consumer,United States,Rochester,New York,14609.0,East,OFF-BI-10000605,Office Supplies,Binders,"Acco Pressboard Covers with Storage Hooks, 9 1/2"" x 11"", Executive Red",6.096
4610,CA-2016-135020,28/05/2016,02/06/2016,Standard Class,MS-17770,Maxwell Schwartz,Consumer,United States,Rochester,New York,14609.0,East,OFF-PA-10004255,Office Supplies,Paper,Xerox 219,45.36
4611,US-2018-141852,09/11/2018,14/11/2018,Standard Class,JE-15745,Joel Eaton,Consumer,United States,Oceanside,California,92054.0,West,FUR-FU-10000023,Furniture,Furnishings,Eldon Wave Desk Accessories,47.12
4615,CA-2017-144540,05/09/2017,10/09/2017,Standard Class,GH-14410,Gary Hansen,Home Office,United States,Houston,Texas,77070.0,Central,OFF-AP-10002457,Office Supplies,Appliances,"Eureka The Boss Plus 12-Amp Hard Box Upright Vacuum, Red",62.79
4619,CA-2016-117800,21/09/2016,26/09/2016,Standard Class,TH-21550,Tracy Hopkins,Home Office,United States,Everett,Massachusetts,2149.0,East,FUR-CH-10000785,Furniture,Chairs,Global Ergonomic Managers Chair,542.94
4620,CA-2018-145219,24/12/2018,25/12/2018,First Class,RM-19675,Robert Marley,Home Office,United States,Los Angeles,California,90049.0,West,TEC-CO-10001449,Technology,Copiers,Hewlett Packard LaserJet 3310 Copier,2879.952
4623,CA-2018-147228,09/09/2018,14/09/2018,Standard Class,SO-20335,Sean O'Donnell,Consumer,United States,Columbia,Tennessee,38401.0,South,OFF-SU-10001225,Office Supplies,Supplies,Staple remover,8.832
4624,CA-2018-147228,09/09/2018,14/09/2018,Standard Class,SO-20335,Sean O'Donnell,Consumer,United States,Columbia,Tennessee,38401.0,South,OFF-PA-10000357,Office Supplies,Paper,Xerox 1888,177.536
4626,CA-2018-147228,09/09/2018,14/09/2018,Standard Class,SO-20335,Sean O'Donnell,Consumer,United States,Columbia,Tennessee,38401.0,South,FUR-FU-10000023,Furniture,Furnishings,Eldon Wave Desk Accessories,14.136
4627,CA-2017-101336,13/11/2017,18/11/2017,Standard Class,CK-12760,Cyma Kinney,Corporate,United States,New York City,New York,10011.0,East,OFF-ST-10003455,Office Supplies,Storage,"Tenex File Box, Personal Filing Tote with Lid, Black",77.55
4631,US-2016-126235,15/10/2016,15/10/2016,Same Day,GA-14725,Guy Armstrong,Consumer,United States,Mount Pleasant,Michigan,48858.0,Central,FUR-FU-10000719,Furniture,Furnishings,"DAX Cubicle Frames, 8-1/2 x 11",17.14
4636,CA-2018-116288,12/03/2018,17/03/2018,Standard Class,BS-11380,Bill Stewart,Corporate,United States,San Francisco,California,94122.0,West,OFF-ST-10000736,Office Supplies,Storage,Carina Double Wide Media Storage Towers in Natural & Black,242.94
4639,CA-2018-168228,27/04/2018,29/04/2018,First Class,AP-10915,Arthur Prichep,Consumer,United States,Los Angeles,California,90045.0,West,OFF-AR-10001725,Office Supplies,Art,Boston Home & Office Model 2000 Electric Pencil Sharpeners,47.3
4640,CA-2017-102162,11/09/2017,16/09/2017,Standard Class,JF-15565,Jill Fjeld,Consumer,United States,Newport News,Virginia,23602.0,South,TEC-CO-10001943,Technology,Copiers,Canon PC-428 Personal Copier,1599.92
4642,CA-2018-130141,22/10/2018,24/10/2018,Second Class,HA-14905,Helen Abelman,Consumer,United States,Fort Collins,Colorado,80525.0,West,OFF-BI-10000831,Office Supplies,Binders,Storex Flexible Poly Binders with Double Pockets,3.168
4646,CA-2017-143910,12/08/2017,16/08/2017,Standard Class,BC-11125,Becky Castell,Home Office,United States,New York City,New York,10011.0,East,FUR-CH-10000225,Furniture,Chairs,"Global Geo Office Task Chair, Gray",145.764
4650,CA-2018-129357,14/05/2018,19/05/2018,Standard Class,KB-16585,Ken Black,Corporate,United States,Seattle,Washington,98103.0,West,OFF-SU-10004498,Office Supplies,Supplies,Martin-Yale Premier Letter Opener,64.4
4657,CA-2016-112130,03/05/2016,07/05/2016,Standard Class,SV-20785,Stewart Visinsky,Consumer,United States,Philadelphia,Pennsylvania,19140.0,East,OFF-AR-10001468,Office Supplies,Art,"Sanford Prismacolor Professional Thick Lead Art Pencils, 36-Color Set",59.904
4658,CA-2016-112130,03/05/2016,07/05/2016,Standard Class,SV-20785,Stewart Visinsky,Consumer,United States,Philadelphia,Pennsylvania,19140.0,East,OFF-AP-10003266,Office Supplies,Appliances,"Holmes Replacement Filter for HEPA Air Cleaner, Large Room",23.696
4662,CA-2016-112130,03/05/2016,07/05/2016,Standard Class,SV-20785,Stewart Visinsky,Consumer,United States,Philadelphia,Pennsylvania,19140.0,East,FUR-CH-10002965,Furniture,Chairs,"Global Leather Highback Executive Chair with Pneumatic Height Adjustment, Black",844.116
4666,CA-2017-116232,22/09/2017,26/09/2017,Standard Class,AC-10450,Amy Cox,Consumer,United States,Pembroke Pines,Florida,33024.0,South,OFF-LA-10001158,Office Supplies,Labels,"Avery Address/Shipping Labels for Typewriters, 4"" x 2""",16.56
4668,CA-2017-116547,10/01/2017,17/01/2017,Standard Class,KB-16585,Ken Black,Corporate,United States,Seattle,Washington,98115.0,West,TEC-AC-10002335,Technology,Accessories,Logitech Media Keyboard K200,69.98
4672,CA-2017-133550,31/07/2017,06/08/2017,Standard Class,KL-16645,Ken Lonsdale,Consumer,United States,Detroit,Michigan,48205.0,Central,OFF-AP-10001005,Office Supplies,Appliances,Honeywell Quietcare HEPA Air Cleaner,283.14
4673,CA-2017-133550,31/07/2017,06/08/2017,Standard Class,KL-16645,Ken Lonsdale,Consumer,United States,Detroit,Michigan,48205.0,Central,TEC-PH-10004042,Technology,Phones,ClearOne Communications CHAT 70 OC Speaker Phone,635.96
4681,CA-2015-114510,14/03/2015,19/03/2015,Standard Class,JF-15295,Jason Fortune-,Consumer,United States,Logan,Utah,84321.0,West,OFF-BI-10003007,Office Supplies,Binders,"Premium Transparent Presentation Covers, No Pattern/Clear, 8 1/2"" x 11""",62.048
4683,CA-2017-127698,01/12/2017,01/12/2017,Same Day,MV-18190,Mike Vittorini,Consumer,United States,Raleigh,North Carolina,27604.0,South,TEC-PH-10003811,Technology,Phones,Jabra Supreme Plus Driver Edition Headset,863.928
4686,CA-2017-159912,29/08/2017,03/09/2017,Standard Class,GB-14530,George Bell,Corporate,United States,Philadelphia,Pennsylvania,19120.0,East,OFF-BI-10002071,Office Supplies,Binders,Fellowes Black Plastic Comb Bindings,3.486
4687,CA-2017-159912,29/08/2017,03/09/2017,Standard Class,GB-14530,George Bell,Corporate,United States,Philadelphia,Pennsylvania,19120.0,East,OFF-FA-10000053,Office Supplies,Fasteners,Revere Boxed Rubber Bands by Revere,10.584
4688,CA-2017-101987,24/06/2017,30/06/2017,Standard Class,HL-15040,Hunter Lopez,Consumer,United States,Richmond,Indiana,47374.0,Central,TEC-PH-10001305,Technology,Phones,Panasonic KX TS208W Corded phone,440.91
4690,CA-2015-138681,20/12/2015,22/12/2015,First Class,CT-11995,Carol Triggs,Consumer,United States,Tucson,Arizona,85705.0,West,FUR-FU-10001876,Furniture,Furnishings,"Computer Room Manger, 14""",51.968
4695,US-2016-138121,17/12/2016,17/12/2016,Same Day,JL-15835,John Lee,Consumer,United States,Detroit,Michigan,48205.0,Central,OFF-BI-10000320,Office Supplies,Binders,GBC Plastic Binding Combs,29.52
4696,US-2016-138121,17/12/2016,17/12/2016,Same Day,JL-15835,John Lee,Consumer,United States,Detroit,Michigan,48205.0,Central,FUR-CH-10003846,Furniture,Chairs,Hon Valutask Swivel Chairs,302.94
4697,US-2016-138121,17/12/2016,17/12/2016,Same Day,JL-15835,John Lee,Consumer,United States,Detroit,Michigan,48205.0,Central,FUR-CH-10004875,Furniture,Chairs,Harbour Creations 67200 Series Stacking Chairs,142.36
4699,US-2016-138121,17/12/2016,17/12/2016,Same Day,JL-15835,John Lee,Consumer,United States,Detroit,Michigan,48205.0,Central,FUR-FU-10002116,Furniture,Furnishings,"Tenex Carpeted, Granite-Look or Clear Contemporary Contour Shape Chair Mats",212.13
4701,CA-2018-140298,11/05/2018,17/05/2018,Standard Class,JK-16120,Julie Kriz,Home Office,United States,Austin,Texas,78745.0,Central,OFF-ST-10004180,Office Supplies,Storage,Safco Commercial Shelving,74.416
4702,CA-2018-140298,11/05/2018,17/05/2018,Standard Class,JK-16120,Julie Kriz,Home Office,United States,Austin,Texas,78745.0,Central,OFF-PA-10003657,Office Supplies,Paper,Xerox 1927,6.848
4703,CA-2018-140298,11/05/2018,17/05/2018,Standard Class,JK-16120,Julie Kriz,Home Office,United States,Austin,Texas,78745.0,Central,FUR-FU-10001967,Furniture,Furnishings,Telescoping Adjustable Floor Lamp,7.996
4705,CA-2017-158435,17/05/2017,18/05/2017,First Class,AG-10900,Arthur Gainer,Consumer,United States,Waterbury,Connecticut,6708.0,East,OFF-SU-10000381,Office Supplies,Supplies,Acme Forged Steel Scissors with Black Enamel Handles,65.17
4706,CA-2017-158435,17/05/2017,18/05/2017,First Class,AG-10900,Arthur Gainer,Consumer,United States,Waterbury,Connecticut,6708.0,East,OFF-LA-10002475,Office Supplies,Labels,Avery 519,14.62
4707,CA-2017-158435,17/05/2017,18/05/2017,First Class,AG-10900,Arthur Gainer,Consumer,United States,Waterbury,Connecticut,6708.0,East,FUR-FU-10003975,Furniture,Furnishings,Eldon Advantage Chair Mats for Low to Medium Pile Carpets,173.24
4711,CA-2018-138149,29/06/2018,30/06/2018,First Class,WB-21850,William Brown,Consumer,United States,Los Angeles,California,90049.0,West,TEC-AC-10001284,Technology,Accessories,Enermax Briskie RF Wireless Keyboard and Mouse Combo,62.31
4713,CA-2015-108273,16/12/2015,21/12/2015,Standard Class,EJ-13720,Ed Jacobs,Consumer,United States,Huntsville,Texas,77340.0,Central,OFF-PA-10000029,Office Supplies,Paper,Xerox 224,36.288
4716,US-2016-122910,12/05/2016,16/05/2016,Standard Class,LT-16765,Larry Tron,Consumer,United States,Louisville,Colorado,80027.0,West,TEC-PH-10000441,Technology,Phones,VTech DS6151,201.584
4717,CA-2018-143126,03/12/2018,07/12/2018,Second Class,CM-12655,Corinna Mitchell,Home Office,United States,Seattle,Washington,98115.0,West,FUR-TA-10002958,Furniture,Tables,"Bevis Oval Conference Table, Walnut",521.96
4719,CA-2016-109736,10/10/2016,11/10/2016,First Class,DJ-13420,Denny Joy,Corporate,United States,San Francisco,California,94109.0,West,OFF-PA-10004101,Office Supplies,Paper,Xerox 1894,45.36
4721,CA-2016-142601,18/04/2016,20/04/2016,Second Class,DE-13255,Deanra Eno,Home Office,United States,Los Angeles,California,90004.0,West,OFF-PA-10000483,Office Supplies,Paper,Xerox 19,61.96
4723,US-2018-135230,01/09/2018,07/09/2018,Standard Class,CK-12325,Christine Kargatis,Home Office,United States,Seattle,Washington,98103.0,West,OFF-AR-10001166,Office Supplies,Art,Staples in misc. colors,7.58
4727,CA-2015-119151,25/11/2015,29/11/2015,Second Class,MP-18175,Mike Pelletier,Home Office,United States,New York City,New York,10009.0,East,OFF-ST-10003470,Office Supplies,Storage,"Tennsco Snap-Together Open Shelving Units, Starter Sets and Add-On Units",1117.92
4735,CA-2017-120530,07/04/2017,12/04/2017,Standard Class,Dl-13600,Dorris liebe,Corporate,United States,New York City,New York,10035.0,East,FUR-CH-10000454,Furniture,Chairs,"Hon Deluxe Fabric Upholstered Stacking Chairs, Rounded Back",658.746
4739,CA-2016-105725,18/02/2016,24/02/2016,Standard Class,GT-14755,Guy Thornton,Consumer,United States,Long Beach,California,90805.0,West,OFF-LA-10003510,Office Supplies,Labels,"Avery 4027 File Folder Labels for Dot Matrix Printers, 5000 Labels per Box, White",61.06
4741,CA-2018-164364,12/11/2018,16/11/2018,Standard Class,CS-12355,Christine Sundaresam,Consumer,United States,Seattle,Washington,98115.0,West,OFF-LA-10004853,Office Supplies,Labels,Avery 483,9.96
4746,CA-2018-168123,05/03/2018,05/03/2018,Same Day,JD-16060,Julia Dunbar,Consumer,United States,Rochester,Minnesota,55901.0,Central,OFF-BI-10001071,Office Supplies,Binders,GBC ProClick Punch Binding System,127.96
4752,CA-2017-159989,09/12/2017,13/12/2017,Standard Class,EB-13870,Emily Burns,Consumer,United States,Franklin,Tennessee,37064.0,South,TEC-PH-10000169,Technology,Phones,ARKON Windshield Dashboard Air Vent Car Mount Holder,40.68
4756,CA-2018-126354,03/02/2018,08/02/2018,Standard Class,SC-20380,Shahid Collister,Consumer,United States,Pembroke Pines,Florida,33024.0,South,OFF-PA-10004381,Office Supplies,Paper,14-7/8 x 11 Blue Bar Computer Printout Paper,115.296
4764,CA-2015-112851,17/09/2015,21/09/2015,Standard Class,NR-18550,Nick Radford,Consumer,United States,Chula Vista,California,91911.0,West,OFF-EN-10001453,Office Supplies,Envelopes,"Tyvek Interoffice Envelopes, 9 1/2"" x 12 1/2"", 100/Box",182.94
4766,CA-2016-118227,24/04/2016,28/04/2016,Standard Class,DB-13270,Deborah Brumfield,Home Office,United States,New York City,New York,10009.0,East,OFF-AR-10001044,Office Supplies,Art,"BOSTON Ranger #55 Pencil Sharpener, Black",25.99
4767,CA-2016-123155,09/03/2016,12/03/2016,First Class,NS-18640,Noel Staavos,Corporate,United States,San Antonio,Texas,78207.0,Central,TEC-AC-10002473,Technology,Accessories,Maxell 4.7GB DVD-R,113.52
4768,CA-2016-123155,09/03/2016,12/03/2016,First Class,NS-18640,Noel Staavos,Corporate,United States,San Antonio,Texas,78207.0,Central,TEC-PH-10001809,Technology,Phones,Panasonic KX T7736-B Digital phone,359.88
4771,US-2017-114888,19/09/2017,24/09/2017,Second Class,CC-12430,Chuck Clark,Home Office,United States,San Francisco,California,94109.0,West,OFF-SU-10001212,Office Supplies,Supplies,Kleencut Forged Office Shears by Acme United Corporation,6.24
4772,US-2015-167262,31/10/2015,03/11/2015,Second Class,AC-10450,Amy Cox,Consumer,United States,Avondale,Arizona,85323.0,West,TEC-PH-10000486,Technology,Phones,Plantronics HL10 Handset Lifter,742.336
4773,CA-2018-119746,23/11/2018,27/11/2018,Standard Class,CM-12385,Christopher Martinez,Consumer,United States,Chicago,Illinois,60610.0,Central,FUR-FU-10004909,Furniture,Furnishings,Contemporary Wood/Metal Frame,6.464
4774,CA-2018-119746,23/11/2018,27/11/2018,Standard Class,CM-12385,Christopher Martinez,Consumer,United States,Chicago,Illinois,60610.0,Central,OFF-LA-10001613,Office Supplies,Labels,Avery File Folder Labels,11.52
4776,CA-2018-108091,16/11/2018,21/11/2018,Standard Class,EK-13795,Eileen Kiefer,Home Office,United States,Escondido,California,92025.0,West,OFF-AR-10000255,Office Supplies,Art,Newell 328,23.36
4780,CA-2015-150301,08/07/2015,10/07/2015,First Class,MH-18025,Michelle Huthwaite,Consumer,United States,Buffalo,New York,14215.0,East,FUR-CH-10002647,Furniture,Chairs,"Situations Contoured Folding Chairs, 4/Set",63.882
4783,CA-2015-159310,07/11/2015,12/11/2015,Standard Class,SC-20725,Steven Cartwright,Consumer,United States,Houston,Texas,77070.0,Central,OFF-SU-10004115,Office Supplies,Supplies,Acme Stainless Steel Office Snips,40.712
4787,CA-2016-104346,11/12/2016,16/12/2016,Standard Class,IM-15070,Irene Maddox,Consumer,United States,Colorado Springs,Colorado,80906.0,West,OFF-AR-10001545,Office Supplies,Art,Newell 326,4.224
4790,CA-2016-104346,11/12/2016,16/12/2016,Standard Class,IM-15070,Irene Maddox,Consumer,United States,Colorado Springs,Colorado,80906.0,West,FUR-FU-10001473,Furniture,Furnishings,DAX Wood Document Frame,54.92
4793,CA-2016-104346,11/12/2016,16/12/2016,Standard Class,IM-15070,Irene Maddox,Consumer,United States,Colorado Springs,Colorado,80906.0,West,OFF-PA-10003256,Office Supplies,Paper,Avery Personal Creations Heavyweight Cards,27.696
4798,US-2017-148901,14/05/2017,19/05/2017,Standard Class,MK-17905,Michael Kennedy,Corporate,United States,Jacksonville,Florida,32216.0,South,OFF-PA-10004983,Office Supplies,Paper,Xerox 23,31.104
4802,US-2017-148901,14/05/2017,19/05/2017,Standard Class,MK-17905,Michael Kennedy,Corporate,United States,Jacksonville,Florida,32216.0,South,OFF-BI-10004002,Office Supplies,Binders,Wilson Jones International Size A4 Ring Binders,10.38
4803,US-2017-148901,14/05/2017,19/05/2017,Standard Class,MK-17905,Michael Kennedy,Corporate,United States,Jacksonville,Florida,32216.0,South,OFF-BI-10002309,Office Supplies,Binders,Avery Heavy-Duty EZD  Binder With Locking Rings,13.392
4809,CA-2015-149055,23/11/2015,28/11/2015,Standard Class,PB-19210,Phillip Breyer,Corporate,United States,Philadelphia,Pennsylvania,19134.0,East,OFF-EN-10003040,Office Supplies,Envelopes,Quality Park Security Envelopes,62.808
4813,CA-2017-121370,14/11/2017,19/11/2017,Second Class,EB-14110,Eugene Barchas,Consumer,United States,Philadelphia,Pennsylvania,19134.0,East,TEC-CO-10004115,Technology,Copiers,Sharp AL-1530CS Digital Copier,1199.976
4814,CA-2017-121370,14/11/2017,19/11/2017,Second Class,EB-14110,Eugene Barchas,Consumer,United States,Philadelphia,Pennsylvania,19134.0,East,FUR-FU-10002813,Furniture,Furnishings,"DAX Contemporary Wood Frame with Silver Metal Mat, Desktop, 11 x 14 Size",48.576
4820,CA-2018-117436,08/06/2018,14/06/2018,Standard Class,LW-17125,Liz Willingham,Consumer,United States,Norwich,Connecticut,6360.0,East,OFF-BI-10004040,Office Supplies,Binders,Wilson Jones Impact Binders,10.36
4823,CA-2017-134222,10/07/2017,11/07/2017,Same Day,NZ-18565,Nick Zandusky,Home Office,United States,Yuma,Arizona,85364.0,West,OFF-BI-10001658,Office Supplies,Binders,GBC Standard Therm-A-Bind Covers,44.856
4825,CA-2017-140018,21/11/2017,26/11/2017,Standard Class,CK-12205,Chloris Kastensmidt,Consumer,United States,Columbus,Ohio,43229.0,East,FUR-CH-10003817,Furniture,Chairs,"Global Value Steno Chair, Gray",127.554
4827,US-2018-136707,12/11/2018,15/11/2018,First Class,JE-15610,Jim Epp,Corporate,United States,Los Angeles,California,90036.0,West,OFF-BI-10003460,Office Supplies,Binders,Acco 3-Hole Punch,14.016
4828,CA-2015-152562,01/11/2015,08/11/2015,Standard Class,JO-15145,Jack O'Briant,Corporate,United States,Richmond,Kentucky,40475.0,South,OFF-ST-10000464,Office Supplies,Storage,"Multi-Use Personal File Cart and Caster Set, Three Stacking Bins",69.52
4829,CA-2015-152562,01/11/2015,08/11/2015,Standard Class,JO-15145,Jack O'Briant,Corporate,United States,Richmond,Kentucky,40475.0,South,OFF-AR-10001919,Office Supplies,Art,"OIC #2 Pencils, Medium Soft",5.64
4830,CA-2017-152408,15/05/2017,21/05/2017,Standard Class,TT-21220,Thomas Thornton,Consumer,United States,New York City,New York,10035.0,East,OFF-BI-10002393,Office Supplies,Binders,Binder Posts,13.776
4831,CA-2015-120278,07/11/2015,12/11/2015,Standard Class,MS-17365,Maribeth Schnelling,Consumer,United States,Wausau,Wisconsin,54401.0,Central,OFF-AP-10001293,Office Supplies,Appliances,Belkin 8 Outlet Surge Protector,245.88
4833,CA-2015-120278,07/11/2015,12/11/2015,Standard Class,MS-17365,Maribeth Schnelling,Consumer,United States,Wausau,Wisconsin,54401.0,Central,OFF-ST-10002214,Office Supplies,Storage,X-Rack File for Hanging Folders,22.58
4839,CA-2018-106831,01/06/2018,03/06/2018,First Class,FH-14350,Fred Harton,Consumer,United States,Dublin,Ohio,43017.0,East,OFF-PA-10000682,Office Supplies,Paper,Xerox 1924,27.744
4845,US-2015-128685,04/04/2015,05/04/2015,First Class,MZ-17515,Mary Zewe,Corporate,United States,Los Angeles,California,90008.0,West,OFF-BI-10004140,Office Supplies,Binders,Avery Non-Stick Binders,7.184
4846,CA-2016-124044,23/07/2016,26/07/2016,Second Class,MS-17830,Melanie Seite,Consumer,United States,Rochester,New York,14609.0,East,OFF-BI-10003460,Office Supplies,Binders,Acco 3-Hole Punch,10.512
4848,CA-2015-164469,25/06/2015,27/06/2015,Second Class,GK-14620,Grace Kelly,Corporate,United States,Salem,Oregon,97301.0,West,OFF-AR-10003478,Office Supplies,Art,"Avery Hi-Liter EverBold Pen Style Fluorescent Highlighters, 4/Pack",71.632
4852,CA-2015-107818,08/09/2015,14/09/2015,Standard Class,MC-17275,Marc Crier,Consumer,United States,Pasco,Washington,99301.0,West,OFF-AR-10000380,Office Supplies,Art,"Hunt PowerHouse Electric Pencil Sharpener, Blue",303.84
4857,CA-2016-137526,13/01/2016,17/01/2016,Standard Class,PB-19150,Philip Brown,Consumer,United States,Los Angeles,California,90004.0,West,OFF-BI-10003364,Office Supplies,Binders,Binding Machine Supplies,70.008
4861,CA-2017-101546,18/12/2017,24/12/2017,Standard Class,GK-14620,Grace Kelly,Corporate,United States,Morristown,New Jersey,7960.0,East,OFF-BI-10001359,Office Supplies,Binders,GBC DocuBind TL300 Electric Binding System,1793.98
4862,CA-2015-138940,11/04/2015,16/04/2015,Second Class,GM-14455,Gary Mitchum,Home Office,United States,Austin,Texas,78745.0,Central,TEC-PH-10001835,Technology,Phones,Jawbone JAMBOX Wireless Bluetooth Speaker,758.352
4863,CA-2017-125164,10/11/2017,14/11/2017,Standard Class,SH-19975,Sally Hughsby,Corporate,United States,New York City,New York,10011.0,East,OFF-BI-10001191,Office Supplies,Binders,Canvas Sectional Post Binders,20.368
4864,CA-2017-125164,10/11/2017,14/11/2017,Standard Class,SH-19975,Sally Hughsby,Corporate,United States,New York City,New York,10011.0,East,OFF-BI-10003982,Office Supplies,Binders,Wilson Jones Century Plastic Molded Ring Binders,49.848
4865,CA-2018-163531,26/06/2018,30/06/2018,Standard Class,SC-20725,Steven Cartwright,Consumer,United States,New York City,New York,10024.0,East,TEC-PH-10001425,Technology,Phones,Mophie Juice Pack Helium for iPhone,239.97
4867,CA-2018-122490,13/11/2018,18/11/2018,Standard Class,TT-21070,Ted Trevino,Consumer,United States,Seattle,Washington,98103.0,West,OFF-BI-10001718,Office Supplies,Binders,GBC DocuBind P50 Personal Binding Machine,563.024
4871,CA-2018-131366,24/11/2018,29/11/2018,Standard Class,SC-20440,Shaun Chance,Corporate,United States,Lancaster,Pennsylvania,17602.0,East,OFF-PA-10000675,Office Supplies,Paper,Xerox 1919,229.544
4872,CA-2018-164042,23/05/2018,27/05/2018,Standard Class,KL-16645,Ken Lonsdale,Consumer,United States,Houston,Texas,77095.0,Central,OFF-FA-10000840,Office Supplies,Fasteners,OIC Thumb-Tacks,1.824
4873,CA-2018-164042,23/05/2018,27/05/2018,Standard Class,KL-16645,Ken Lonsdale,Consumer,United States,Houston,Texas,77095.0,Central,OFF-AP-10001947,Office Supplies,Appliances,Acco 6 Outlet Guardian Premium Plus Surge Suppressor,18.32
4878,US-2015-155817,03/10/2015,09/10/2015,Standard Class,SL-20155,Sara Luxemburg,Home Office,United States,Durham,North Carolina,27707.0,South,OFF-AR-10002335,Office Supplies,Art,DIXON Oriole Pencils,6.192
4880,CA-2018-143567,02/11/2018,05/11/2018,Second Class,TB-21175,Thomas Boland,Corporate,United States,Henderson,Kentucky,42420.0,South,OFF-EN-10004846,Office Supplies,Envelopes,Letter or Legal Size Expandable Poly String Tie Envelopes,5.32
4882,CA-2018-143567,02/11/2018,05/11/2018,Second Class,TB-21175,Thomas Boland,Corporate,United States,Henderson,Kentucky,42420.0,South,TEC-AC-10004145,Technology,Accessories,Logitech diNovo Edge Keyboard,2249.91
4884,CA-2018-104080,08/03/2018,15/03/2018,Standard Class,AH-10210,Alan Hwang,Consumer,United States,Anaheim,California,92804.0,West,OFF-BI-10003876,Office Supplies,Binders,"Green Canvas Binder for 8-1/2"" x 14"" Sheets",171.2
4890,CA-2017-163167,28/11/2017,01/12/2017,Second Class,RF-19345,Randy Ferguson,Corporate,United States,Marietta,Georgia,30062.0,South,OFF-ST-10003805,Office Supplies,Storage,"24 Capacity Maxi Data Binder Racks, Pearl",1263.3
4891,CA-2017-135776,23/12/2017,30/12/2017,Standard Class,EH-13765,Edward Hooks,Corporate,United States,Seattle,Washington,98103.0,West,OFF-AR-10001246,Office Supplies,Art,Newell 317,8.82
4892,CA-2017-135776,23/12/2017,30/12/2017,Standard Class,EH-13765,Edward Hooks,Corporate,United States,Seattle,Washington,98103.0,West,OFF-PA-10001295,Office Supplies,Paper,Computer Printout Paper with Letter-Trim Perforations,37.94
4899,US-2015-122021,15/10/2015,17/10/2015,First Class,AC-10660,Anna Chung,Consumer,United States,Parma,Ohio,44134.0,East,OFF-PA-10002230,Office Supplies,Paper,Xerox 1897,7.968
4901,CA-2018-120936,17/12/2018,21/12/2018,Standard Class,CA-12310,Christine Abelman,Corporate,United States,Anaheim,California,92804.0,West,OFF-ST-10001526,Office Supplies,Storage,Iceberg Mobile Mega Data/Printer Cart,481.32
4902,CA-2018-120936,17/12/2018,21/12/2018,Standard Class,CA-12310,Christine Abelman,Corporate,United States,Anaheim,California,92804.0,West,OFF-SU-10002557,Office Supplies,Supplies,Fiskars Spring-Action Scissors,13.98
4903,CA-2018-110884,07/03/2018,12/03/2018,Standard Class,SH-20395,Shahid Hopkins,Consumer,United States,New York City,New York,10035.0,East,OFF-BI-10003669,Office Supplies,Binders,3M Organizer Strips,25.92
4906,US-2015-146353,14/10/2015,16/10/2015,Second Class,JE-15610,Jim Epp,Corporate,United States,Concord,New Hampshire,3301.0,East,OFF-BI-10003476,Office Supplies,Binders,Avery Metallic Poly Binders,22.92
4908,CA-2015-133809,18/11/2015,23/11/2015,Second Class,MS-17530,MaryBeth Skach,Consumer,United States,Fairfield,Ohio,45014.0,East,OFF-BI-10001757,Office Supplies,Binders,Pressboard Hanging Data Binders for Unburst Sheets,11.808
4909,CA-2015-133809,18/11/2015,23/11/2015,Second Class,MS-17530,MaryBeth Skach,Consumer,United States,Fairfield,Ohio,45014.0,East,TEC-PH-10004875,Technology,Phones,PNY Rapid USB Car Charger - Black,9.588
4919,CA-2017-160304,02/01/2017,07/01/2017,Standard Class,BM-11575,Brendan Murry,Corporate,United States,Gaithersburg,Maryland,20877.0,East,FUR-BO-10004709,Furniture,Bookcases,"Bush Westfield Collection Bookcases, Medium Cherry Finish",173.94
4920,CA-2017-160304,02/01/2017,07/01/2017,Standard Class,BM-11575,Brendan Murry,Corporate,United States,Gaithersburg,Maryland,20877.0,East,TEC-PH-10000455,Technology,Phones,GE 30522EE2,231.98
4921,CA-2018-101728,19/08/2018,23/08/2018,Standard Class,SC-20575,Sonia Cooley,Consumer,United States,Chicago,Illinois,60653.0,Central,OFF-BI-10002393,Office Supplies,Binders,Binder Posts,2.296
4922,CA-2018-114055,25/12/2018,29/12/2018,Second Class,MH-18115,Mick Hernandez,Home Office,United States,Huntsville,Alabama,35810.0,South,OFF-PA-10004381,Office Supplies,Paper,14-7/8 x 11 Blue Bar Computer Printout Paper,96.08
4924,CA-2018-114055,25/12/2018,29/12/2018,Second Class,MH-18115,Mick Hernandez,Home Office,United States,Huntsville,Alabama,35810.0,South,OFF-PA-10000994,Office Supplies,Paper,Xerox 1915,629.1
4930,US-2015-138828,02/09/2015,03/09/2015,First Class,KD-16345,Katherine Ducich,Consumer,United States,New York City,New York,10009.0,East,OFF-AR-10000658,Office Supplies,Art,Newell 324,57.75
4933,CA-2016-106978,28/09/2016,04/10/2016,Standard Class,ZC-21910,Zuschuss Carroll,Consumer,United States,Aurora,Colorado,80013.0,West,OFF-EN-10004483,Office Supplies,Envelopes,"#10 White Business Envelopes,4 1/8 x 9 1/2",12.536
4935,CA-2016-106978,28/09/2016,04/10/2016,Standard Class,ZC-21910,Zuschuss Carroll,Consumer,United States,Aurora,Colorado,80013.0,West,OFF-FA-10003021,Office Supplies,Fasteners,Staples,4.512
4937,CA-2018-150931,06/01/2018,13/01/2018,Standard Class,DP-13390,Dennis Pardue,Home Office,United States,Tuscaloosa,Alabama,35401.0,South,OFF-BI-10004728,Office Supplies,Binders,Wilson Jones Turn Tabs Binder Tool for Ring Binders,33.74
4950,CA-2018-107125,27/11/2018,02/12/2018,Standard Class,BD-11320,Bill Donatelli,Consumer,United States,Los Angeles,California,90045.0,West,FUR-FU-10000732,Furniture,Furnishings,Eldon 200 Class Desk Accessories,18.84
4951,CA-2017-125815,28/10/2017,01/11/2017,Second Class,DL-13330,Denise Leinenbach,Consumer,United States,New York City,New York,10009.0,East,OFF-AR-10004441,Office Supplies,Art,BIC Brite Liner Highlighters,12.42
4956,CA-2015-160262,09/06/2015,13/06/2015,Second Class,TS-21205,Thomas Seio,Corporate,United States,North Las Vegas,Nevada,89031.0,West,OFF-PA-10003641,Office Supplies,Paper,Xerox 1909,79.14
4958,CA-2016-127607,20/03/2016,26/03/2016,Standard Class,JK-15730,Joe Kamberova,Consumer,United States,Carrollton,Texas,75007.0,Central,OFF-BI-10001308,Office Supplies,Binders,GBC Standard Plastic Binding Systems' Combs,2.512
4962,CA-2015-156587,07/03/2015,08/03/2015,First Class,AB-10015,Aaron Bergman,Consumer,United States,Seattle,Washington,98103.0,West,FUR-CH-10004477,Furniture,Chairs,"Global Push Button Manager's Chair, Indigo",48.712
4964,CA-2015-156587,07/03/2015,08/03/2015,First Class,AB-10015,Aaron Bergman,Consumer,United States,Seattle,Washington,98103.0,West,OFF-ST-10002344,Office Supplies,Storage,"Carina 42""Hx23 3/4""W Media Storage Unit",242.94
4976,CA-2016-142202,18/09/2016,23/09/2016,Second Class,JR-16210,Justin Ritter,Corporate,United States,Jacksonville,Florida,32216.0,South,TEC-AC-10003198,Technology,Accessories,Enermax Acrylux Wireless Keyboard,717.12
4979,CA-2016-165050,07/12/2016,09/12/2016,First Class,AH-10210,Alan Hwang,Consumer,United States,New York City,New York,10024.0,East,TEC-PH-10001336,Technology,Phones,Digium D40 VoIP phone,773.94
4982,US-2017-131114,09/12/2017,13/12/2017,Second Class,RW-19630,Rob Williams,Corporate,United States,Chicago,Illinois,60610.0,Central,TEC-AC-10000199,Technology,Accessories,Kingston Digital DataTraveler 8GB USB 2.0,19.04
4983,CA-2015-160066,16/11/2015,22/11/2015,Standard Class,AH-10075,Adam Hart,Corporate,United States,Huntington Beach,California,92646.0,West,OFF-LA-10001045,Office Supplies,Labels,Permanent Self-Adhesive File Folder Labels for Typewriters by Universal,5.22
4985,CA-2016-160696,06/09/2016,10/09/2016,Standard Class,CK-12760,Cyma Kinney,Corporate,United States,Nashville,Tennessee,37211.0,South,OFF-FA-10003059,Office Supplies,Fasteners,Assorted Color Push Pins,7.24
4986,CA-2015-125171,03/09/2015,03/09/2015,Same Day,AG-10390,Allen Goldenen,Consumer,United States,New York City,New York,10009.0,East,OFF-LA-10001175,Office Supplies,Labels,Avery 514,14.4
4990,CA-2018-107321,31/08/2018,04/09/2018,Standard Class,AW-10930,Arthur Wiediger,Home Office,United States,San Francisco,California,94110.0,West,OFF-BI-10004022,Office Supplies,Binders,Acco Suede Grain Vinyl Round Ring Binder,6.672
4994,CA-2016-153038,18/12/2016,25/12/2016,Standard Class,RB-19645,Robert Barroso,Corporate,United States,Memphis,Tennessee,38109.0,South,OFF-LA-10004008,Office Supplies,Labels,Avery 507,18.432
4996,CA-2015-132227,04/11/2015,10/11/2015,Standard Class,SZ-20035,Sam Zeldin,Home Office,United States,New York City,New York,10011.0,East,OFF-BI-10000962,Office Supplies,Binders,"Acco Flexible ACCOHIDE Square Ring Data Binder, Dark Blue, 11 1/2"" X 14"" 7/8""",52.064
5007,CA-2016-169796,09/11/2016,14/11/2016,Standard Class,Dp-13240,Dean percer,Home Office,United States,New York City,New York,10035.0,East,TEC-MA-10000045,Technology,Machines,Zebra ZM400 Thermal Label Printer,2321.9
5010,CA-2016-102876,07/09/2016,14/09/2016,Standard Class,LR-17035,Lisa Ryan,Corporate,United States,Philadelphia,Pennsylvania,19134.0,East,TEC-PH-10002680,Technology,Phones,Samsung Galaxy Note 3,791.964
5012,US-2018-139647,11/05/2018,13/05/2018,First Class,TS-21370,Todd Sumrall,Corporate,United States,Phoenix,Arizona,85023.0,West,FUR-BO-10004467,Furniture,Bookcases,Bestar Classic Bookcase,209.979
5013,US-2018-160465,21/07/2018,26/07/2018,Standard Class,SW-20350,Sean Wendt,Home Office,United States,Cleveland,Ohio,44105.0,East,OFF-BI-10001670,Office Supplies,Binders,Vinyl Sectional Post Binders,33.93
5014,US-2018-160465,21/07/2018,26/07/2018,Standard Class,SW-20350,Sean Wendt,Home Office,United States,Cleveland,Ohio,44105.0,East,OFF-ST-10000136,Office Supplies,Storage,Letter Size File,222.32
5015,US-2018-160465,21/07/2018,26/07/2018,Standard Class,SW-20350,Sean Wendt,Home Office,United States,Cleveland,Ohio,44105.0,East,TEC-PH-10004522,Technology,Phones,Dexim XPower Skin Super-Thin Power Case for iPhone 5 - Black,210.564
5016,CA-2015-153850,24/11/2015,29/11/2015,Standard Class,TH-21100,Thea Hendricks,Consumer,United States,Toledo,Ohio,43615.0,East,FUR-FU-10002960,Furniture,Furnishings,"Eldon 200 Class Desk Accessories, Burgundy",35.168
5019,CA-2015-127558,15/11/2015,18/11/2015,First Class,SS-20410,Shahid Shariari,Consumer,United States,Los Angeles,California,90008.0,West,TEC-AC-10003832,Technology,Accessories,Logitech P710e Mobile Speakerphone,772.47
5020,CA-2015-127558,15/11/2015,18/11/2015,First Class,SS-20410,Shahid Shariari,Consumer,United States,Los Angeles,California,90008.0,West,OFF-SU-10002537,Office Supplies,Supplies,Acme Box Cutter Scissors,20.46
5021,CA-2018-136511,23/03/2018,25/03/2018,Second Class,MZ-17515,Mary Zewe,Corporate,United States,New York City,New York,10011.0,East,OFF-SU-10003505,Office Supplies,Supplies,Premier Electric Letter Opener,347.58
5022,CA-2017-133795,18/12/2017,24/12/2017,Standard Class,JE-15475,Jeremy Ellison,Consumer,United States,San Diego,California,92037.0,West,TEC-AC-10001465,Technology,Accessories,SanDisk Cruzer 64 GB USB Flash Drive,72.64
5024,CA-2017-133795,18/12/2017,24/12/2017,Standard Class,JE-15475,Jeremy Ellison,Consumer,United States,San Diego,California,92037.0,West,FUR-FU-10003731,Furniture,Furnishings,"Eldon Expressions Wood and Plastic Desk Accessories, Oak",39.92
5027,US-2018-130953,29/07/2018,03/08/2018,Standard Class,RF-19735,Roland Fjeld,Consumer,United States,Oklahoma City,Oklahoma,73120.0,Central,OFF-AP-10002311,Office Supplies,Appliances,"Holmes Replacement Filter for HEPA Air Cleaner, Very Large Room, HEPA Filter",137.62
5033,CA-2017-155166,26/12/2017,02/01/2018,Standard Class,BB-11545,Brenda Bowman,Corporate,United States,Vineland,New Jersey,8360.0,East,FUR-CH-10003968,Furniture,Chairs,Novimex Turbo Task Chair,212.94
5036,CA-2015-169803,06/04/2015,12/04/2015,Standard Class,SC-20260,Scott Cohen,Corporate,United States,Seattle,Washington,98115.0,West,FUR-TA-10000688,Furniture,Tables,"Chromcraft Bull-Nose Wood Round Conference Table Top, Wood Base",653.55
5045,CA-2017-158694,10/11/2017,13/11/2017,Second Class,AI-10855,Arianne Irving,Consumer,United States,Los Angeles,California,90036.0,West,OFF-PA-10001363,Office Supplies,Paper,Xerox 1933,61.4
5047,CA-2017-158694,10/11/2017,13/11/2017,Second Class,AI-10855,Arianne Irving,Consumer,United States,Los Angeles,California,90036.0,West,OFF-BI-10004656,Office Supplies,Binders,Peel & Stick Add-On Corner Pockets,5.184
5050,US-2015-104759,31/03/2015,04/04/2015,Standard Class,DD-13570,Dorothy Dickinson,Consumer,United States,Chicago,Illinois,60610.0,Central,TEC-AC-10004901,Technology,Accessories,Kensington SlimBlade Notebook Wireless Mouse with Nano Receiver,79.984
5063,CA-2016-136798,08/05/2016,12/05/2016,Standard Class,DL-12925,Daniel Lacy,Consumer,United States,Minneapolis,Minnesota,55407.0,Central,TEC-PH-10000441,Technology,Phones,VTech DS6151,377.97
5065,CA-2018-122196,22/09/2018,24/09/2018,First Class,CA-12265,Christina Anderson,Consumer,United States,Wilmington,Delaware,19805.0,East,TEC-PH-10004977,Technology,Phones,GE 30524EE4,391.98
5068,CA-2018-160934,15/01/2018,19/01/2018,Standard Class,TT-21460,Tonja Turnell,Home Office,United States,Los Angeles,California,90008.0,West,OFF-AR-10003504,Office Supplies,Art,Newell 347,21.4
5071,CA-2015-124478,08/08/2015,12/08/2015,Standard Class,MA-17560,Matt Abelman,Home Office,United States,Trenton,Michigan,48183.0,Central,OFF-EN-10002500,Office Supplies,Envelopes,Globe Weis Peel & Seel First Class Envelopes,38.34
5073,CA-2015-124478,08/08/2015,12/08/2015,Standard Class,MA-17560,Matt Abelman,Home Office,United States,Trenton,Michigan,48183.0,Central,TEC-PH-10001128,Technology,Phones,Motorola Droid Maxx,299.98
5075,CA-2018-151071,25/04/2018,29/04/2018,Second Class,MB-18085,Mick Brown,Consumer,United States,Los Angeles,California,90049.0,West,OFF-BI-10002103,Office Supplies,Binders,"Cardinal Slant-D Ring Binder, Heavy Gauge Vinyl",13.904
5083,CA-2017-155138,08/09/2017,12/09/2017,Standard Class,JM-15580,Jill Matthias,Consumer,United States,Monroe,North Carolina,28110.0,South,TEC-AC-10004209,Technology,Accessories,Memorex Froggy Flash Drive 4 GB,35.168
5091,CA-2018-132738,04/08/2018,07/08/2018,First Class,HM-14860,Harry Marie,Corporate,United States,Loveland,Colorado,80538.0,West,OFF-EN-10001141,Office Supplies,Envelopes,"Manila Recycled Extra-Heavyweight Clasp Envelopes, 6"" x 9""",8.784
5097,US-2015-140452,06/12/2015,10/12/2015,Standard Class,BK-11260,Berenike Kampe,Consumer,United States,Chicago,Illinois,60610.0,Central,FUR-FU-10002088,Furniture,Furnishings,Nu-Dell Float Frame 11 x 14 1/2,10.776
5107,CA-2016-147102,19/09/2016,26/09/2016,Standard Class,NH-18610,Nicole Hansen,Corporate,United States,Columbus,Georgia,31907.0,South,TEC-AC-10000682,Technology,Accessories,Kensington K72356US Mouse-in-a-Box USB Desktop Mouse,66.36
5119,CA-2016-127173,26/09/2016,03/10/2016,Standard Class,GM-14500,Gene McClure,Consumer,United States,Oceanside,New York,11572.0,East,TEC-MA-10002859,Technology,Machines,Ativa MDM8000 8-Sheet Micro-Cut Shredder,629.93
5121,CA-2015-149538,04/04/2015,08/04/2015,Standard Class,KB-16585,Ken Black,Corporate,United States,Lafayette,Louisiana,70506.0,South,OFF-ST-10004180,Office Supplies,Storage,Safco Commercial Shelving,232.55
5122,CA-2015-149538,04/04/2015,08/04/2015,Standard Class,KB-16585,Ken Black,Corporate,United States,Lafayette,Louisiana,70506.0,South,TEC-AC-10002926,Technology,Accessories,Logitech Wireless Marathon Mouse M705,99.98
5134,CA-2018-155607,26/11/2018,30/11/2018,Standard Class,FG-14260,Frank Gastineau,Home Office,United States,New York City,New York,10009.0,East,OFF-AP-10001962,Office Supplies,Appliances,Black & Decker Filter for Double Action Dustbuster Cordless Vac BLDV7210,58.73
5147,CA-2018-161333,02/02/2018,07/02/2018,Standard Class,JL-15835,John Lee,Consumer,United States,Los Angeles,California,90045.0,West,OFF-AP-10000252,Office Supplies,Appliances,Harmony HEPA Quiet Air Purifiers,46.8
5149,CA-2018-128734,24/12/2018,31/12/2018,Standard Class,JL-15175,James Lanier,Home Office,United States,Chandler,Arizona,85224.0,West,FUR-CH-10001394,Furniture,Chairs,Global Leather Executive Chair,842.376
5152,CA-2018-169929,25/09/2018,28/09/2018,First Class,LS-17200,Luke Schmidt,Corporate,United States,Helena,Montana,59601.0,West,OFF-ST-10002352,Office Supplies,Storage,Iris Project Case,39.9
5154,US-2015-121566,30/06/2015,06/07/2015,Standard Class,CS-11860,Cari Schnelling,Consumer,United States,New York City,New York,10011.0,East,OFF-AR-10001026,Office Supplies,Art,"Sanford Uni-Blazer View Highlighters, Chisel Tip, Yellow",6.6
5158,CA-2018-163006,30/06/2018,04/07/2018,Second Class,GH-14410,Gary Hansen,Home Office,United States,Chicago,Illinois,60653.0,Central,FUR-CH-10000229,Furniture,Chairs,Global Enterprise Series Seating High-Back Swivel/Tilt Chairs,569.058
5160,CA-2016-156146,26/10/2016,30/10/2016,Second Class,AG-10495,Andrew Gjertsen,Corporate,United States,Peoria,Arizona,85345.0,West,TEC-PH-10001700,Technology,Phones,Panasonic KX-TG6844B Expandable Digital Cordless Telephone,105.584
5163,CA-2017-115378,18/11/2017,23/11/2017,Second Class,AJ-10945,Ashley Jarboe,Consumer,United States,Taylor,Michigan,48180.0,Central,FUR-CH-10000863,Furniture,Chairs,Novimex Swivel Fabric Task Chair,301.96
5166,CA-2015-121006,10/11/2015,16/11/2015,Standard Class,SC-20020,Sam Craven,Consumer,United States,Midland,Michigan,48640.0,Central,OFF-PA-10000130,Office Supplies,Paper,Xerox 199,12.84
5169,CA-2015-121006,10/11/2015,16/11/2015,Standard Class,SC-20020,Sam Craven,Consumer,United States,Midland,Michigan,48640.0,Central,OFF-ST-10004950,Office Supplies,Storage,Acco Perma 3000 Stacking Storage Drawers,62.94
5170,CA-2015-121006,10/11/2015,16/11/2015,Standard Class,SC-20020,Sam Craven,Consumer,United States,Midland,Michigan,48640.0,Central,OFF-ST-10001490,Office Supplies,Storage,"Hot File 7-Pocket, Floor Stand",535.41
5171,CA-2017-122903,27/05/2017,29/05/2017,Second Class,LA-16780,Laura Armstrong,Corporate,United States,Detroit,Michigan,48205.0,Central,FUR-CH-10002024,Furniture,Chairs,HON 5400 Series Task Chairs for Big and Tall,3504.9
5172,CA-2017-122903,27/05/2017,29/05/2017,Second Class,LA-16780,Laura Armstrong,Corporate,United States,Detroit,Michigan,48205.0,Central,OFF-PA-10001790,Office Supplies,Paper,Xerox 1910,144.12
5174,CA-2016-107741,08/03/2016,10/03/2016,First Class,FC-14335,Fred Chung,Corporate,United States,Pueblo,Colorado,81001.0,West,OFF-AR-10002399,Office Supplies,Art,"Dixon Prang Watercolor Pencils, 10-Color Set with Brush",3.408
5181,US-2016-120502,13/04/2016,19/04/2016,Standard Class,BT-11395,Bill Tyler,Corporate,United States,Los Angeles,California,90036.0,West,OFF-AP-10004980,Office Supplies,Appliances,3M Replacement Filter for Office Air Cleaner for 20' x 33' Room,75.84
5182,CA-2018-108749,12/09/2018,15/09/2018,First Class,DJ-13510,Don Jones,Corporate,United States,Woonsocket,Rhode Island,2895.0,East,OFF-PA-10003797,Office Supplies,Paper,Xerox 209,45.36
5187,US-2016-154389,27/11/2016,03/12/2016,Standard Class,EH-14125,Eugene Hildebrand,Home Office,United States,Philadelphia,Pennsylvania,19140.0,East,TEC-PH-10002789,Technology,Phones,LG Exalt,748.752
5191,US-2018-136679,14/11/2018,18/11/2018,Standard Class,XP-21865,Xylona Preis,Consumer,United States,Pasadena,Texas,77506.0,Central,OFF-AR-10003582,Office Supplies,Art,"Boston Electric Pencil Sharpener, Model 1818, Charcoal Black",45.04
5193,CA-2015-101560,28/11/2015,01/12/2015,Second Class,CS-12250,Chris Selesnick,Corporate,United States,Columbia,South Carolina,29203.0,South,FUR-FU-10003773,Furniture,Furnishings,Eldon Cleatmat Plus Chair Mats for High Pile Carpets,397.6
5197,CA-2015-159709,10/05/2015,15/05/2015,Standard Class,AI-10855,Arianne Irving,Consumer,United States,Kent,Washington,98031.0,West,OFF-EN-10001434,Office Supplies,Envelopes,"Strathmore #10 Envelopes, Ultimate White",158.13
5199,CA-2017-103982,03/03/2017,08/03/2017,Standard Class,AA-10315,Alex Avila,Consumer,United States,Round Rock,Texas,78664.0,Central,OFF-SU-10000151,Office Supplies,Supplies,High Speed Automatic Electric Letter Opener,3930.072
5206,CA-2016-102016,12/09/2016,18/09/2016,Standard Class,TM-21010,Tamara Manning,Consumer,United States,Auburn,New York,13021.0,East,OFF-ST-10001713,Office Supplies,Storage,"Gould Plastics 9-Pocket Panel Bin, 18-3/8w x 5-1/4d x 20-1/2h, Black",105.98
5212,CA-2016-130876,12/05/2016,16/05/2016,Second Class,AZ-10750,Annie Zypern,Consumer,United States,New York City,New York,10024.0,East,OFF-ST-10004258,Office Supplies,Storage,Portable Personal File Box,36.63
5213,CA-2017-145898,26/09/2017,26/09/2017,Same Day,CM-12445,Chuck Magee,Consumer,United States,Redlands,California,92374.0,West,OFF-ST-10004507,Office Supplies,Storage,Advantus Rolling Storage Box,51.45
5214,CA-2017-145898,26/09/2017,26/09/2017,Same Day,CM-12445,Chuck Magee,Consumer,United States,Redlands,California,92374.0,West,OFF-LA-10000262,Office Supplies,Labels,Avery 494,7.83
5215,CA-2017-145898,26/09/2017,26/09/2017,Same Day,CM-12445,Chuck Magee,Consumer,United States,Redlands,California,92374.0,West,OFF-AR-10002445,Office Supplies,Art,SANFORD Major Accent Highlighters,35.4
5216,CA-2017-145898,26/09/2017,26/09/2017,Same Day,CM-12445,Chuck Magee,Consumer,United States,Redlands,California,92374.0,West,OFF-PA-10001667,Office Supplies,Paper,Great White Multi-Use Recycled Paper (20Lb. and 84 Bright),29.9
5218,CA-2018-134635,15/04/2018,17/04/2018,Second Class,NS-18640,Noel Staavos,Corporate,United States,Los Angeles,California,90049.0,West,OFF-PA-10002254,Office Supplies,Paper,Xerox 1883,79.14
5225,US-2018-109582,12/09/2018,17/09/2018,Second Class,JM-15865,John Murray,Consumer,United States,Los Angeles,California,90036.0,West,OFF-PA-10004071,Office Supplies,Paper,"Eaton Premium Continuous-Feed Paper, 25% Cotton, Letter Size, White, 1000 Shts/Box",166.44
5226,CA-2017-119865,21/06/2017,26/06/2017,Standard Class,AS-10090,Adam Shillingsburg,Consumer,United States,New York City,New York,10011.0,East,OFF-BI-10001553,Office Supplies,Binders,SpineVue Locking Slant-D Ring Binders by Cardinal,36.56
5227,CA-2017-119865,21/06/2017,26/06/2017,Standard Class,AS-10090,Adam Shillingsburg,Consumer,United States,New York City,New York,10011.0,East,OFF-BI-10003007,Office Supplies,Binders,"Premium Transparent Presentation Covers, No Pattern/Clear, 8 1/2"" x 11""",186.144
5230,CA-2018-124436,19/03/2018,22/03/2018,Second Class,SA-20830,Sue Ann Reed,Consumer,United States,Fresno,California,93727.0,West,OFF-BI-10001553,Office Supplies,Binders,SpineVue Locking Slant-D Ring Binders by Cardinal,14.624
5235,CA-2018-131037,22/08/2018,23/08/2018,First Class,TM-21490,Tony Molinari,Consumer,United States,San Francisco,California,94110.0,West,FUR-TA-10001768,Furniture,Tables,Hon Racetrack Conference Tables,210.008
5236,CA-2017-111143,19/11/2017,22/11/2017,First Class,TT-21265,Tim Taslimi,Corporate,United States,Indianapolis,Indiana,46203.0,Central,OFF-AP-10001947,Office Supplies,Appliances,Acco 6 Outlet Guardian Premium Plus Surge Suppressor,54.96
5246,CA-2017-156265,02/08/2017,04/08/2017,Second Class,BF-11020,Barry Französisch,Corporate,United States,Los Angeles,California,90032.0,West,TEC-PH-10001918,Technology,Phones,Nortel Business Series Terminal T7208 Digital phone,333.576
5251,US-2017-169369,12/12/2017,18/12/2017,Standard Class,EC-14050,Erin Creighton,Consumer,United States,Columbus,Georgia,31907.0,South,TEC-AC-10001314,Technology,Accessories,Case Logic 2.4GHz Wireless Keyboard,249.95
5255,CA-2016-125185,05/03/2016,07/03/2016,Second Class,AH-10195,Alan Haines,Corporate,United States,Bethlehem,Pennsylvania,18018.0,East,FUR-CH-10002647,Furniture,Chairs,"Situations Contoured Folding Chairs, 4/Set",99.372
5260,CA-2018-158722,20/10/2018,26/10/2018,Standard Class,MA-17560,Matt Abelman,Home Office,United States,Philadelphia,Pennsylvania,19120.0,East,OFF-PA-10000176,Office Supplies,Paper,Xerox 1887,45.528
5262,CA-2015-105165,07/09/2015,10/09/2015,First Class,SZ-20035,Sam Zeldin,Home Office,United States,Houston,Texas,77036.0,Central,OFF-BI-10000050,Office Supplies,Binders,"Angle-D Binders with Locking Rings, Label Holders",2.92
5264,CA-2015-105165,07/09/2015,10/09/2015,First Class,SZ-20035,Sam Zeldin,Home Office,United States,Houston,Texas,77036.0,Central,TEC-AC-10002718,Technology,Accessories,Belkin Standard 104 key USB Keyboard,46.688
5267,CA-2018-147452,30/09/2018,03/10/2018,First Class,CS-11845,Cari Sayre,Corporate,United States,Seattle,Washington,98103.0,West,OFF-PA-10004039,Office Supplies,Paper,Xerox 1882,167.94
5273,CA-2018-125913,16/01/2018,16/01/2018,Same Day,JO-15145,Jack O'Briant,Corporate,United States,Los Angeles,California,90008.0,West,FUR-TA-10001520,Furniture,Tables,"Lesro Sheffield Collection Coffee Table, End Table, Center Table, Corner Table",399.672
5275,CA-2016-162887,07/11/2016,09/11/2016,Second Class,SV-20785,Stewart Visinsky,Consumer,United States,Burlington,Vermont,,East,FUR-CH-10000595,Furniture,Chairs,Safco Contoured Stacking Chairs,715.2
5278,CA-2015-113859,13/09/2015,17/09/2015,Standard Class,BC-11125,Becky Castell,Home Office,United States,Odessa,Texas,79762.0,Central,FUR-CH-10004698,Furniture,Chairs,"Padded Folding Chairs, Black, 4/Carton",340.116
5282,CA-2016-105158,05/09/2016,10/09/2016,Standard Class,SP-20860,Sung Pak,Corporate,United States,Rochester,Minnesota,55901.0,Central,FUR-FU-10001706,Furniture,Furnishings,Longer-Life Soft White Bulbs,6.16
5283,CA-2016-105158,05/09/2016,10/09/2016,Standard Class,SP-20860,Sung Pak,Corporate,United States,Rochester,Minnesota,55901.0,Central,OFF-PA-10001970,Office Supplies,Paper,Xerox 1881,36.84
5285,CA-2015-133424,30/03/2015,04/04/2015,Standard Class,Dl-13600,Dorris liebe,Corporate,United States,Seattle,Washington,98105.0,West,OFF-LA-10002312,Office Supplies,Labels,Avery 490,44.4
5287,CA-2018-105991,05/05/2018,06/05/2018,First Class,LH-17020,Lisa Hazard,Consumer,United States,Louisville,Colorado,80027.0,West,OFF-BI-10003274,Office Supplies,Binders,"Avery Durable Slant Ring Binders, No Labels",9.552
5297,CA-2018-108791,27/07/2018,31/07/2018,Standard Class,TM-21490,Tony Molinari,Consumer,United States,Yonkers,New York,10701.0,East,FUR-FU-10004018,Furniture,Furnishings,Tensor Computer Mounted Lamp,14.89
5299,CA-2017-106656,23/09/2017,26/09/2017,First Class,DV-13045,Darrin Van Huff,Corporate,United States,San Diego,California,92037.0,West,OFF-EN-10001509,Office Supplies,Envelopes,Poly String Tie Envelopes,4.08
5304,US-2015-139500,16/11/2015,20/11/2015,Standard Class,AB-10165,Alan Barnes,Consumer,United States,Decatur,Illinois,62521.0,Central,FUR-CH-10002017,Furniture,Chairs,SAFCO Optional Arm Kit for Workspace Cribbage Stacking Chair,37.296
5305,US-2015-166310,21/09/2015,23/09/2015,First Class,JS-15940,Joni Sundaresam,Home Office,United States,Garland,Texas,75043.0,Central,FUR-FU-10001546,Furniture,Furnishings,Dana Swing-Arm Lamps,8.544
5309,CA-2018-131254,19/11/2018,21/11/2018,First Class,NC-18415,Nathan Cano,Consumer,United States,Houston,Texas,77095.0,Central,FUR-CH-10003774,Furniture,Chairs,"Global Wood Trimmed Manager's Task Chair, Khaki",191.058
5313,CA-2017-123414,21/08/2017,27/08/2017,Standard Class,SU-20665,Stephanie Ulpright,Home Office,United States,Greenville,North Carolina,27834.0,South,OFF-SU-10002573,Office Supplies,Supplies,"Acme 10"" Easy Grip Assistive Scissors",28.048
5318,US-2018-162558,02/10/2018,05/10/2018,First Class,Dp-13240,Dean percer,Home Office,United States,Knoxville,Tennessee,37918.0,South,FUR-FU-10004864,Furniture,Furnishings,Eldon 500 Class Desk Accessories,9.656
5319,US-2018-162558,02/10/2018,05/10/2018,First Class,Dp-13240,Dean percer,Home Office,United States,Knoxville,Tennessee,37918.0,South,OFF-PA-10003172,Office Supplies,Paper,Xerox 1996,20.736
5322,US-2018-162558,02/10/2018,05/10/2018,First Class,Dp-13240,Dean percer,Home Office,United States,Knoxville,Tennessee,37918.0,South,OFF-BI-10003984,Office Supplies,Binders,Lock-Up Easel 'Spel-Binder',34.236
5324,CA-2018-134439,18/09/2018,23/09/2018,Second Class,TM-21010,Tamara Manning,Consumer,United States,Grand Island,Nebraska,68801.0,Central,OFF-PA-10004082,Office Supplies,Paper,"Adams Telephone Message Book w/Frequently-Called Numbers Space, 400 Messages per Book",15.96
5326,CA-2016-119508,04/12/2016,09/12/2016,Standard Class,TZ-21580,Tracy Zic,Consumer,United States,Lakewood,California,90712.0,West,FUR-FU-10004270,Furniture,Furnishings,"Eldon Image Series Desk Accessories, Burgundy",25.08
5327,CA-2016-152681,17/01/2016,22/01/2016,Standard Class,SC-20260,Scott Cohen,Corporate,United States,Lawrence,Massachusetts,1841.0,East,OFF-AR-10003183,Office Supplies,Art,Avery Fluorescent Highlighter Four-Color Set,6.68
5328,CA-2015-130813,06/01/2015,08/01/2015,Second Class,LS-17230,Lycoris Saunders,Consumer,United States,Los Angeles,California,90049.0,West,OFF-PA-10002005,Office Supplies,Paper,Xerox 225,19.44
5329,CA-2016-120320,05/03/2016,09/03/2016,Standard Class,MV-18190,Mike Vittorini,Consumer,United States,Houston,Texas,77036.0,Central,TEC-PH-10000149,Technology,Phones,Cisco SPA525G2 IP Phone - Wireless,31.92
5333,CA-2017-123120,04/09/2017,08/09/2017,Standard Class,CV-12295,Christina VanderZanden,Consumer,United States,New York City,New York,10011.0,East,OFF-SU-10002503,Office Supplies,Supplies,Acme Preferred Stainless Steel Scissors,22.72
5334,CA-2015-103331,26/08/2015,01/09/2015,Standard Class,KB-16315,Karl Braun,Consumer,United States,Newark,Delaware,19711.0,East,FUR-FU-10001731,Furniture,Furnishings,Acrylic Self-Standing Desk Frames,10.68
5337,CA-2016-169278,21/05/2016,25/05/2016,Standard Class,ME-18010,Michelle Ellison,Corporate,United States,Seattle,Washington,98105.0,West,OFF-BI-10001636,Office Supplies,Binders,Ibico Plastic and Wire Spiral Binding Combs,26.976
5338,CA-2018-111577,16/10/2018,21/10/2018,Standard Class,AJ-10780,Anthony Jacobs,Corporate,United States,Scottsdale,Arizona,85254.0,West,OFF-PA-10000062,Office Supplies,Paper,Green Bar Computer Printout Paper,307.776
5340,CA-2016-146486,09/11/2016,14/11/2016,Second Class,DV-13465,Dianna Vittorini,Consumer,United States,Oceanside,New York,11572.0,East,OFF-EN-10001509,Office Supplies,Envelopes,Poly String Tie Envelopes,12.24
5351,US-2018-103814,09/12/2018,16/12/2018,Standard Class,LH-16900,Lena Hernandez,Consumer,United States,Park Ridge,Illinois,60068.0,Central,OFF-PA-10001019,Office Supplies,Paper,Xerox 1884,143.856
5352,CA-2017-123932,06/09/2017,12/09/2017,Standard Class,YC-21895,Yoseph Carroll,Corporate,United States,Dallas,Texas,75217.0,Central,OFF-PA-10004665,Office Supplies,Paper,Advantus Motivational Note Cards,41.92
5354,US-2017-101616,03/09/2017,06/09/2017,First Class,CY-12745,Craig Yedwab,Corporate,United States,Monroe,Louisiana,71203.0,South,OFF-BI-10000014,Office Supplies,Binders,Heavy-Duty E-Z-D Binders,87.28
5357,CA-2017-138037,29/09/2017,03/10/2017,Standard Class,AR-10540,Andy Reiter,Consumer,United States,San Francisco,California,94109.0,West,OFF-BI-10002982,Office Supplies,Binders,Avery Self-Adhesive Photo Pockets for Polaroid Photos,27.24
5358,CA-2015-150490,05/08/2015,11/08/2015,Standard Class,SS-20590,Sonia Sunley,Consumer,United States,San Francisco,California,94122.0,West,TEC-AC-10004510,Technology,Accessories,Logitech Desktop MK120 Mouse and keyboard Combo,16.36
5359,CA-2015-150490,05/08/2015,11/08/2015,Standard Class,SS-20590,Sonia Sunley,Consumer,United States,San Francisco,California,94122.0,West,OFF-ST-10000321,Office Supplies,Storage,Akro Stacking Bins,15.78
5360,CA-2015-150490,05/08/2015,11/08/2015,Standard Class,SS-20590,Sonia Sunley,Consumer,United States,San Francisco,California,94122.0,West,OFF-AR-10004602,Office Supplies,Art,Boston KS Multi-Size Manual Pencil Sharpener,45.98
5361,US-2018-126060,14/04/2018,18/04/2018,Standard Class,DW-13585,Dorothy Wardle,Corporate,United States,Fayetteville,North Carolina,28314.0,South,FUR-BO-10003433,Furniture,Bookcases,Sauder Cornerstone Collection Library,198.272
5363,CA-2017-122017,29/12/2017,02/01/2018,Standard Class,CD-11920,Carlos Daly,Consumer,United States,Wichita,Kansas,67212.0,Central,FUR-FU-10000672,Furniture,Furnishings,"Executive Impressions 10"" Spectator Wall Clock",70.56
5364,CA-2017-122017,29/12/2017,02/01/2018,Standard Class,CD-11920,Carlos Daly,Consumer,United States,Wichita,Kansas,67212.0,Central,OFF-AP-10001293,Office Supplies,Appliances,Belkin 8 Outlet Surge Protector,81.96
5366,CA-2017-107790,20/11/2017,24/11/2017,Standard Class,EH-13990,Erica Hackney,Consumer,United States,Houston,Texas,77041.0,Central,TEC-PH-10004539,Technology,Phones,Wireless Extenders zBoost YX545 SOHO Signal Booster,151.192
5369,CA-2018-158071,10/06/2018,15/06/2018,Standard Class,BD-11320,Bill Donatelli,Consumer,United States,Seattle,Washington,98103.0,West,OFF-ST-10001228,Office Supplies,Storage,Personal File Boxes with Fold-Down Carry Handle,15.58
5372,US-2018-136721,08/04/2018,12/04/2018,Standard Class,NH-18610,Nicole Hansen,Corporate,United States,Oak Park,Michigan,48237.0,Central,FUR-FU-10004188,Furniture,Furnishings,Luxo Professional Combination Clamp-On Lamps,306.9
5377,CA-2018-134152,27/05/2018,31/05/2018,Standard Class,RP-19855,Roy Phan,Corporate,United States,Seattle,Washington,98103.0,West,OFF-AR-10004062,Office Supplies,Art,Staples in misc. colors,31.44
5379,CA-2015-125542,05/12/2015,07/12/2015,First Class,NB-18655,Nona Balk,Corporate,United States,Philadelphia,Pennsylvania,19134.0,East,OFF-ST-10001469,Office Supplies,Storage,Fellowes Bankers Box Recycled Super Stor/Drawer,172.736
5380,CA-2017-136021,14/08/2017,18/08/2017,Standard Class,JM-15580,Jill Matthias,Consumer,United States,Los Angeles,California,90045.0,West,OFF-PA-10000551,Office Supplies,Paper,Array Memo Cubes,15.54
5382,CA-2017-149195,05/09/2017,07/09/2017,Second Class,DM-13525,Don Miller,Corporate,United States,Houston,Texas,77070.0,Central,OFF-PA-10001870,Office Supplies,Paper,Xerox 202,25.92
5385,CA-2018-161410,26/06/2018,03/07/2018,Standard Class,CC-12220,Chris Cortes,Consumer,United States,Philadelphia,Pennsylvania,19143.0,East,TEC-PH-10001760,Technology,Phones,Bose SoundLink Bluetooth Speaker,358.2
5387,CA-2018-152786,12/03/2018,17/03/2018,Standard Class,GA-14725,Guy Armstrong,Consumer,United States,Rogers,Arkansas,72756.0,South,OFF-BI-10000829,Office Supplies,Binders,Avery Non-Stick Binders,40.41
5389,CA-2018-164707,18/02/2018,21/02/2018,Second Class,CV-12805,Cynthia Voltz,Corporate,United States,Los Angeles,California,90045.0,West,TEC-AC-10004864,Technology,Accessories,Memorex Micro Travel Drive 32 GB,109.53
5390,CA-2018-164707,18/02/2018,21/02/2018,Second Class,CV-12805,Cynthia Voltz,Corporate,United States,Los Angeles,California,90045.0,West,OFF-LA-10004345,Office Supplies,Labels,Avery 493,9.82
5392,US-2015-123183,19/11/2015,25/11/2015,Standard Class,GR-14560,Georgia Rosenberg,Corporate,United States,Wilmington,Delaware,19805.0,East,OFF-LA-10002787,Office Supplies,Labels,Avery 480,22.5
5397,US-2017-147340,24/09/2017,24/09/2017,Same Day,EB-13750,Edward Becker,Corporate,United States,San Francisco,California,94110.0,West,FUR-FU-10002501,Furniture,Furnishings,Nu-Dell Executive Frame,63.2
5399,CA-2017-163202,27/09/2017,02/10/2017,Standard Class,BM-11650,Brian Moss,Corporate,United States,Lancaster,Ohio,43130.0,East,OFF-BI-10002764,Office Supplies,Binders,Recycled Pressboard Report Cover with Reinforced Top Hinge,2.907
5400,CA-2017-117681,09/04/2017,14/04/2017,Standard Class,HF-14995,Herbert Flentye,Consumer,United States,Los Angeles,California,90004.0,West,FUR-BO-10001798,Furniture,Bookcases,Bush Somerset Collection Bookcase,556.665
5401,CA-2018-132262,21/09/2018,23/09/2018,First Class,ML-18265,Muhammed Lee,Consumer,United States,Seattle,Washington,98103.0,West,TEC-AC-10000158,Technology,Accessories,Sony 64GB Class 10 Micro SDHC R40 Memory Card,71.98
5404,CA-2018-123043,24/08/2018,29/08/2018,Standard Class,AH-10195,Alan Haines,Corporate,United States,New York City,New York,10024.0,East,OFF-BI-10000138,Office Supplies,Binders,Acco Translucent Poly Ring Binders,3.744
5413,CA-2018-166856,18/09/2018,22/09/2018,Standard Class,TS-21505,Tony Sayre,Consumer,United States,Clovis,New Mexico,88101.0,West,TEC-AC-10004992,Technology,Accessories,Kingston Digital DataTraveler 64GB USB 2.0,101.34
5418,CA-2015-132542,06/10/2015,08/10/2015,Second Class,AM-10360,Alice McCarthy,Corporate,United States,Omaha,Nebraska,68104.0,Central,OFF-BI-10004099,Office Supplies,Binders,GBC VeloBinder Strips,15.36
5419,CA-2016-110877,23/10/2016,26/10/2016,First Class,JE-15715,Joe Elijah,Consumer,United States,Houston,Texas,77041.0,Central,OFF-PA-10004621,Office Supplies,Paper,Xerox 212,36.288
5420,CA-2016-110877,23/10/2016,26/10/2016,First Class,JE-15715,Joe Elijah,Consumer,United States,Houston,Texas,77041.0,Central,TEC-PH-10002103,Technology,Phones,Jabra SPEAK 410,150.384
5423,US-2017-163258,29/12/2017,02/01/2018,Standard Class,PF-19225,Phillip Flathmann,Consumer,United States,Los Angeles,California,90045.0,West,OFF-BI-10000138,Office Supplies,Binders,Acco Translucent Poly Ring Binders,11.232
5425,US-2018-120649,20/01/2018,26/01/2018,Standard Class,JF-15490,Jeremy Farry,Consumer,United States,Waterbury,Connecticut,6708.0,East,OFF-AR-10001545,Office Supplies,Art,Newell 326,3.52
5427,CA-2017-153598,03/12/2017,06/12/2017,First Class,NM-18520,Neoma Murray,Consumer,United States,Los Angeles,California,90045.0,West,FUR-FU-10001085,Furniture,Furnishings,3M Polarizing Light Filter Sleeves,111.9
5428,US-2017-108497,14/06/2017,14/06/2017,Same Day,MH-17290,Marc Harrigan,Home Office,United States,Los Angeles,California,90036.0,West,FUR-BO-10004218,Furniture,Bookcases,"Bush Heritage Pine Collection 5-Shelf Bookcase, Albany Pine Finish, *Special Order",599.165
5429,CA-2017-113096,02/09/2017,04/09/2017,First Class,SZ-20035,Sam Zeldin,Home Office,United States,San Francisco,California,94122.0,West,OFF-ST-10003455,Office Supplies,Storage,"Tenex File Box, Personal Filing Tote with Lid, Black",46.53
5431,CA-2018-117422,21/10/2018,25/10/2018,Standard Class,FC-14245,Frank Carlisle,Home Office,United States,Lakewood,Ohio,44107.0,East,OFF-AP-10000938,Office Supplies,Appliances,Avanti 1.7 Cu. Ft. Refrigerator,161.568
5435,CA-2016-160171,19/10/2016,24/10/2016,Standard Class,RM-19675,Robert Marley,Home Office,United States,Los Angeles,California,90008.0,West,OFF-AP-10000275,Office Supplies,Appliances,"Sanyo Counter Height Refrigerator with Crisper, 3.6 Cubic Foot, Stainless Steel/Black",1640.7
5439,CA-2015-103317,05/07/2015,08/07/2015,First Class,DM-13525,Don Miller,Corporate,United States,Palm Coast,Florida,32137.0,South,FUR-FU-10003192,Furniture,Furnishings,Luxo Adjustable Task Clamp Lamp,213.216
5448,US-2017-127425,26/08/2017,31/08/2017,Standard Class,DR-12880,Dan Reichenbach,Corporate,United States,New York City,New York,10035.0,East,TEC-AC-10002800,Technology,Accessories,Plantronics Audio 478 Stereo USB Headset,249.95
5453,CA-2017-140613,22/07/2017,29/07/2017,Standard Class,KN-16705,Kristina Nunn,Home Office,United States,Sparks,Nevada,89431.0,West,OFF-SU-10004261,Office Supplies,Supplies,"Fiskars 8"" Scissors, 2/Pack",86.2
5456,CA-2018-160962,28/04/2018,02/05/2018,Standard Class,MC-17605,Matt Connell,Corporate,United States,Philadelphia,Pennsylvania,19143.0,East,OFF-AR-10003056,Office Supplies,Art,Newell 341,6.848
5457,CA-2018-130631,29/12/2018,02/01/2019,Standard Class,BS-11755,Bruce Stewart,Consumer,United States,Edmonds,Washington,98026.0,West,OFF-FA-10000089,Office Supplies,Fasteners,Acco Glide Clips,19.6
5458,CA-2018-130631,29/12/2018,02/01/2019,Standard Class,BS-11755,Bruce Stewart,Consumer,United States,Edmonds,Washington,98026.0,West,FUR-FU-10004093,Furniture,Furnishings,Hand-Finished Solid Wood Document Frame,68.46
5459,CA-2018-116680,04/09/2018,06/09/2018,Second Class,PK-19075,Pete Kriz,Consumer,United States,San Francisco,California,94122.0,West,OFF-BI-10004022,Office Supplies,Binders,Acco Suede Grain Vinyl Round Ring Binder,13.344
5460,CA-2018-116680,04/09/2018,06/09/2018,Second Class,PK-19075,Pete Kriz,Consumer,United States,San Francisco,California,94122.0,West,FUR-TA-10001771,Furniture,Tables,"Bush Cubix Conference Tables, Fully Assembled",1478.272
5462,CA-2018-101574,28/09/2018,04/10/2018,Standard Class,BD-11725,Bruce Degenhardt,Consumer,United States,Los Angeles,California,90032.0,West,FUR-FU-10001706,Furniture,Furnishings,Longer-Life Soft White Bulbs,9.24
5467,CA-2015-107706,14/02/2015,19/02/2015,Second Class,ST-20530,Shui Tom,Consumer,United States,Houston,Texas,77095.0,Central,OFF-PA-10000466,Office Supplies,Paper,"Memo Book, 100 Message Capacity, 5 3/8” x 11”",16.176
5468,CA-2017-122448,09/06/2017,14/06/2017,Standard Class,DB-13210,Dean Braden,Consumer,United States,San Francisco,California,94109.0,West,FUR-CH-10002774,Furniture,Chairs,"Global Deluxe Stacking Chair, Gray",122.352
5472,CA-2018-116946,19/12/2018,23/12/2018,Standard Class,TS-21505,Tony Sayre,Consumer,United States,Parker,Colorado,80134.0,West,FUR-FU-10000320,Furniture,Furnishings,OIC Stacking Trays,13.36
5485,CA-2018-148999,30/01/2018,04/02/2018,Standard Class,EB-13870,Emily Burns,Consumer,United States,Miami,Florida,33142.0,South,FUR-CH-10002044,Furniture,Chairs,"Office Star - Contemporary Task Swivel chair with 2-way adjustable arms, Plum",419.136
5486,CA-2015-107573,12/12/2015,17/12/2015,Standard Class,PB-19150,Philip Brown,Consumer,United States,Miami,Florida,33178.0,South,OFF-EN-10001099,Office Supplies,Envelopes,Staple envelope,23.472
5488,CA-2018-134495,01/04/2018,04/04/2018,Second Class,BF-11020,Barry Französisch,Corporate,United States,Jacksonville,Florida,32216.0,South,TEC-PH-10004897,Technology,Phones,Mediabridge Sport Armband iPhone 5s,23.976
5489,CA-2018-134495,01/04/2018,04/04/2018,Second Class,BF-11020,Barry Französisch,Corporate,United States,Jacksonville,Florida,32216.0,South,OFF-LA-10000262,Office Supplies,Labels,Avery 494,6.264
5490,CA-2018-134495,01/04/2018,04/04/2018,Second Class,BF-11020,Barry Französisch,Corporate,United States,Jacksonville,Florida,32216.0,South,OFF-AP-10002222,Office Supplies,Appliances,Staple holder,20.808
5493,CA-2015-105249,28/11/2015,28/11/2015,Same Day,DH-13675,Duane Huffman,Home Office,United States,San Francisco,California,94122.0,West,OFF-SU-10001225,Office Supplies,Supplies,Staple remover,7.36
5497,CA-2018-117821,12/06/2018,16/06/2018,Standard Class,HG-15025,Hunter Glantz,Consumer,United States,Marion,Ohio,43302.0,East,TEC-AC-10004469,Technology,Accessories,Microsoft Sculpt Comfort Mouse,63.92
5503,CA-2018-127782,02/11/2018,06/11/2018,Standard Class,TH-21115,Thea Hudgings,Corporate,United States,Philadelphia,Pennsylvania,19140.0,East,FUR-FU-10001847,Furniture,Furnishings,Eldon Image Series Black Desk Accessories,3.312
5504,CA-2018-127782,02/11/2018,06/11/2018,Standard Class,TH-21115,Thea Hudgings,Corporate,United States,Philadelphia,Pennsylvania,19140.0,East,OFF-AP-10001962,Office Supplies,Appliances,Black & Decker Filter for Double Action Dustbuster Cordless Vac BLDV7210,20.136
5505,CA-2018-127782,02/11/2018,06/11/2018,Standard Class,TH-21115,Thea Hudgings,Corporate,United States,Philadelphia,Pennsylvania,19140.0,East,OFF-EN-10003845,Office Supplies,Envelopes,Colored Envelopes,8.856
5506,CA-2018-127782,02/11/2018,06/11/2018,Standard Class,TH-21115,Thea Hudgings,Corporate,United States,Philadelphia,Pennsylvania,19140.0,East,TEC-PH-10001817,Technology,Phones,Wilson Electronics DB Pro Signal Booster,859.2
5508,CA-2017-150000,08/04/2017,14/04/2017,Standard Class,PG-18820,Patrick Gardner,Consumer,United States,Smyrna,Georgia,30080.0,South,OFF-EN-10002973,Office Supplies,Envelopes,Ampad #10 Peel & Seel Holiday Envelopes,17.92
5509,CA-2016-168529,08/10/2016,12/10/2016,Standard Class,MB-17305,Maria Bertelson,Consumer,United States,San Francisco,California,94122.0,West,FUR-FU-10001588,Furniture,Furnishings,"Deflect-o SuperTray Unbreakable Stackable Tray, Letter, Black",145.9
5516,CA-2016-103177,30/05/2016,01/06/2016,First Class,EN-13780,Edward Nazzal,Consumer,United States,New York City,New York,10009.0,East,TEC-PH-10001527,Technology,Phones,Plantronics MX500i Earset,128.85
5517,US-2017-138408,18/11/2017,21/11/2017,Second Class,KC-16255,Karen Carlisle,Corporate,United States,Huntsville,Alabama,35810.0,South,TEC-AC-10003870,Technology,Accessories,Logitech Z-906 Speaker sys - home theater - 5.1-CH,1319.96
5522,CA-2018-117667,04/12/2018,09/12/2018,Standard Class,MS-17980,Michael Stewart,Corporate,United States,Philadelphia,Pennsylvania,19134.0,East,TEC-AC-10000580,Technology,Accessories,Logitech G13 Programmable Gameboard with LCD Display,255.968
5523,CA-2017-110982,05/06/2017,07/06/2017,First Class,CK-12205,Chloris Kastensmidt,Consumer,United States,Santa Clara,California,95051.0,West,OFF-BI-10000829,Office Supplies,Binders,Avery Non-Stick Binders,21.552
5528,CA-2016-142055,08/05/2016,10/05/2016,First Class,AB-10255,Alejandro Ballentine,Home Office,United States,New York City,New York,10009.0,East,OFF-PA-10003465,Office Supplies,Paper,Xerox 1912,37.94
5529,CA-2016-137106,31/03/2016,04/04/2016,Standard Class,SC-20260,Scott Cohen,Corporate,United States,Jacksonville,Florida,32216.0,South,TEC-PH-10000011,Technology,Phones,PureGear Roll-On Screen Protector,79.96
5530,CA-2018-136609,06/08/2018,11/08/2018,Standard Class,TB-21355,Todd Boyes,Corporate,United States,Cedar Hill,Texas,75104.0,Central,OFF-PA-10004381,Office Supplies,Paper,14-7/8 x 11 Blue Bar Computer Printout Paper,115.296
5533,US-2017-167472,06/06/2017,07/06/2017,First Class,CK-12595,Clytie Kelty,Consumer,United States,Little Rock,Arkansas,72209.0,South,TEC-AC-10003038,Technology,Accessories,Kingston Digital DataTraveler 16GB USB 2.0,26.85
5534,US-2017-167472,06/06/2017,07/06/2017,First Class,CK-12595,Clytie Kelty,Consumer,United States,Little Rock,Arkansas,72209.0,South,TEC-AC-10003174,Technology,Accessories,Plantronics S12 Corded Telephone Headset System,323.37
5538,US-2017-167472,06/06/2017,07/06/2017,First Class,CK-12595,Clytie Kelty,Consumer,United States,Little Rock,Arkansas,72209.0,South,OFF-PA-10001534,Office Supplies,Paper,Xerox 230,12.96
5539,CA-2016-120551,13/04/2016,20/04/2016,Standard Class,SS-20590,Sonia Sunley,Consumer,United States,Norfolk,Nebraska,68701.0,Central,OFF-BI-10002071,Office Supplies,Binders,Fellowes Black Plastic Comb Bindings,17.43
5548,CA-2018-151008,07/09/2018,08/09/2018,First Class,JM-16195,Justin MacKendrick,Consumer,United States,Draper,Utah,84020.0,West,TEC-PH-10002807,Technology,Phones,Motorla HX550 Universal Bluetooth Headset,126.56
5551,US-2015-159618,12/11/2015,16/11/2015,Standard Class,DB-12970,Darren Budd,Corporate,United States,Houston,Texas,77036.0,Central,OFF-AR-10003183,Office Supplies,Art,Avery Fluorescent Highlighter Four-Color Set,2.672
5552,US-2015-159618,12/11/2015,16/11/2015,Standard Class,DB-12970,Darren Budd,Corporate,United States,Houston,Texas,77036.0,Central,OFF-SU-10000432,Office Supplies,Supplies,Acco Side-Punched Conventional Columnar Pads,16.656
5553,US-2015-159618,12/11/2015,16/11/2015,Standard Class,DB-12970,Darren Budd,Corporate,United States,Houston,Texas,77036.0,Central,TEC-AC-10003832,Technology,Accessories,Imation 16GB Mini TravelDrive USB 2.0 Flash Drive,79.512
5555,US-2015-159618,12/11/2015,16/11/2015,Standard Class,DB-12970,Darren Budd,Corporate,United States,Houston,Texas,77036.0,Central,FUR-BO-10004467,Furniture,Bookcases,Bestar Classic Bookcase,67.9932
5557,CA-2016-125066,14/12/2016,18/12/2016,Standard Class,KD-16495,Keith Dawkins,Corporate,United States,Jackson,Mississippi,39212.0,South,FUR-FU-10003829,Furniture,Furnishings,Stackable Trays,6.16
5559,US-2016-114741,06/12/2016,10/12/2016,Standard Class,IL-15100,Ivan Liston,Consumer,United States,North Las Vegas,Nevada,89031.0,West,OFF-PA-10000048,Office Supplies,Paper,Xerox 20,6.48
5563,CA-2018-133263,31/03/2018,02/04/2018,Second Class,JE-15610,Jim Epp,Corporate,United States,Atlanta,Georgia,30318.0,South,TEC-CO-10001449,Technology,Copiers,Hewlett Packard LaserJet 3310 Copier,2999.95
5564,CA-2018-133263,31/03/2018,02/04/2018,Second Class,JE-15610,Jim Epp,Corporate,United States,Atlanta,Georgia,30318.0,South,OFF-BI-10000474,Office Supplies,Binders,Avery Recycled Flexi-View Covers for Binding Systems,64.12
5565,CA-2018-157966,13/03/2018,13/03/2018,Same Day,SU-20665,Stephanie Ulpright,Home Office,United States,Chicago,Illinois,60610.0,Central,OFF-AR-10000799,Office Supplies,Art,Col-Erase Pencils with Erasers,19.456
5567,CA-2018-157966,13/03/2018,13/03/2018,Same Day,SU-20665,Stephanie Ulpright,Home Office,United States,Chicago,Illinois,60610.0,Central,OFF-AR-10003338,Office Supplies,Art,"Eberhard Faber 3 1/2"" Golf Pencils",29.76
5569,CA-2018-157966,13/03/2018,13/03/2018,Same Day,SU-20665,Stephanie Ulpright,Home Office,United States,Chicago,Illinois,60610.0,Central,TEC-CO-10001449,Technology,Copiers,Hewlett Packard LaserJet 3310 Copier,959.984
5571,CA-2018-157966,13/03/2018,13/03/2018,Same Day,SU-20665,Stephanie Ulpright,Home Office,United States,Chicago,Illinois,60610.0,Central,TEC-PH-10001527,Technology,Phones,Plantronics MX500i Earset,34.36
5580,CA-2018-137498,09/09/2018,14/09/2018,Second Class,LC-17050,Liz Carlisle,Consumer,United States,Los Angeles,California,90004.0,West,FUR-CH-10003833,Furniture,Chairs,Novimex Fabric Task Chair,243.92
5581,CA-2018-137498,09/09/2018,14/09/2018,Second Class,LC-17050,Liz Carlisle,Consumer,United States,Los Angeles,California,90004.0,West,OFF-PA-10000143,Office Supplies,Paper,Astroparche Fine Business Paper,47.52
5582,CA-2018-163818,04/10/2018,08/10/2018,Standard Class,PS-18970,Paul Stevenson,Home Office,United States,Clinton,Maryland,20735.0,East,FUR-FU-10000076,Furniture,Furnishings,24-Hour Round Wall Clock,19.98
5584,CA-2015-116673,15/12/2015,19/12/2015,Second Class,JO-15280,Jas O'Carroll,Consumer,United States,San Diego,California,92037.0,West,FUR-FU-10003829,Furniture,Furnishings,Stackable Trays,6.16
5594,US-2018-108014,19/11/2018,25/11/2018,Standard Class,JH-15430,Jennifer Halladay,Consumer,United States,Cleveland,Ohio,44105.0,East,OFF-BI-10003984,Office Supplies,Binders,Lock-Up Easel 'Spel-Binder',59.913
5595,CA-2018-160325,24/09/2018,24/09/2018,Same Day,BP-11095,Bart Pistole,Corporate,United States,Lawrence,Massachusetts,1841.0,East,TEC-PH-10000984,Technology,Phones,Panasonic KX-TG9471B,391.98
5598,CA-2018-151176,13/02/2018,20/02/2018,Standard Class,SV-20785,Stewart Visinsky,Consumer,United States,Baltimore,Maryland,21215.0,East,OFF-SU-10001165,Office Supplies,Supplies,Acme Elite Stainless Steel Scissors,25.02
5607,CA-2017-134516,20/09/2017,25/09/2017,Standard Class,FM-14215,Filia McAdams,Corporate,United States,Greensboro,North Carolina,27405.0,South,FUR-CH-10002880,Furniture,Chairs,"Global High-Back Leather Tilter, Burgundy",98.392
5609,CA-2016-168634,06/12/2016,11/12/2016,Standard Class,AF-10870,Art Ferguson,Consumer,United States,San Francisco,California,94109.0,West,OFF-AP-10001626,Office Supplies,Appliances,"Commercial WindTunnel Clean Air Upright Vacuum, Replacement Belts, Filtration Bags",7.78
5610,CA-2018-117198,31/08/2018,05/09/2018,Standard Class,BG-11035,Barry Gonzalez,Consumer,United States,Monroe,Louisiana,71203.0,South,TEC-AC-10003033,Technology,Accessories,Plantronics CS510 - Over-the-Head monaural Wireless Headset System,659.9
5614,CA-2017-147431,02/02/2017,07/02/2017,Standard Class,AB-10105,Adrian Barton,Consumer,United States,New York City,New York,10011.0,East,OFF-ST-10003994,Office Supplies,Storage,"Belkin 19"" Center-Weighted Shelf, Gray",117.96
5615,CA-2017-158001,23/08/2017,27/08/2017,Standard Class,JP-15460,Jennifer Patt,Corporate,United States,New York City,New York,10035.0,East,OFF-AR-10002399,Office Supplies,Art,"Dixon Prang Watercolor Pencils, 10-Color Set with Brush",21.3
5621,US-2017-124163,25/09/2017,30/09/2017,Standard Class,SC-20695,Steve Chapman,Corporate,United States,La Crosse,Wisconsin,54601.0,Central,OFF-AR-10000817,Office Supplies,Art,Manco Dry-Lighter Erasable Highlighter,3.04
5628,CA-2018-148810,26/06/2018,01/07/2018,Standard Class,DR-12880,Dan Reichenbach,Corporate,United States,Miami,Florida,33180.0,South,OFF-LA-10004689,Office Supplies,Labels,Avery 512,13.872
5629,CA-2018-148810,26/06/2018,01/07/2018,Standard Class,DR-12880,Dan Reichenbach,Corporate,United States,Miami,Florida,33180.0,South,FUR-CH-10001545,Furniture,Chairs,Hon Comfortask Task/Swivel Chairs,273.552
5630,US-2017-146066,21/08/2017,23/08/2017,Second Class,RB-19465,Rick Bensley,Home Office,United States,Philadelphia,Pennsylvania,19143.0,East,FUR-TA-10002530,Furniture,Tables,"Iceberg OfficeWorks 42"" Round Tables",815.292
5633,CA-2015-127614,11/02/2015,15/02/2015,Standard Class,NF-18385,Natalie Fritzler,Consumer,United States,Chesapeake,Virginia,23320.0,South,OFF-BI-10003291,Office Supplies,Binders,Wilson Jones Leather-Like Binders with DublLock Round Rings,17.46
5634,CA-2017-101742,23/09/2017,28/09/2017,Second Class,CR-12580,Clay Rozendal,Home Office,United States,New York City,New York,10009.0,East,OFF-BI-10004187,Office Supplies,Binders,3-ring staple pack,10.528
5636,CA-2018-123022,03/09/2018,08/09/2018,Standard Class,SC-20050,Sample Company A,Home Office,United States,La Mesa,California,91941.0,West,OFF-BI-10002225,Office Supplies,Binders,"Square Ring Data Binders, Rigid 75 Pt. Covers, 11"" x 14-7/8""",82.56
5639,CA-2015-154893,21/12/2015,27/12/2015,Standard Class,GM-14440,Gary McGarr,Consumer,United States,San Diego,California,92024.0,West,FUR-CH-10004287,Furniture,Chairs,SAFCO Arco Folding Chair,1325.76
5640,CA-2015-154893,21/12/2015,27/12/2015,Standard Class,GM-14440,Gary McGarr,Consumer,United States,San Diego,California,92024.0,West,FUR-CH-10000595,Furniture,Chairs,Safco Contoured Stacking Chairs,572.16
5643,CA-2017-127985,01/04/2017,05/04/2017,Second Class,DB-12910,Daniel Byrd,Home Office,United States,Columbus,Georgia,31907.0,South,FUR-FU-10003274,Furniture,Furnishings,Regeneration Desk Collection,7.04
5647,CA-2016-104241,04/01/2016,09/01/2016,Standard Class,AG-10495,Andrew Gjertsen,Corporate,United States,Alexandria,Virginia,22304.0,South,FUR-FU-10001473,Furniture,Furnishings,DAX Wood Document Frame,192.22
5650,CA-2018-142342,17/07/2018,19/07/2018,Second Class,AJ-10795,Anthony Johnson,Corporate,United States,Apple Valley,California,92307.0,West,OFF-EN-10002592,Office Supplies,Envelopes,"Peel & Seel Recycled Catalog Envelopes, Brown",57.9
5652,CA-2018-142342,17/07/2018,19/07/2018,Second Class,AJ-10795,Anthony Johnson,Corporate,United States,Apple Valley,California,92307.0,West,FUR-BO-10002613,Furniture,Bookcases,"Atlantic Metals Mobile 4-Shelf Bookcases, Custom Colors",1194.165
5658,CA-2017-145261,18/12/2017,21/12/2017,First Class,AH-10120,Adrian Hane,Home Office,United States,Salem,Oregon,97301.0,West,TEC-AC-10000991,Technology,Accessories,Sony Micro Vault Click 8 GB USB 2.0 Flash Drive,112.776
5661,CA-2017-145261,18/12/2017,21/12/2017,First Class,AH-10120,Adrian Hane,Home Office,United States,Salem,Oregon,97301.0,West,TEC-PH-10004833,Technology,Phones,Macally Suction Cup Mount,28.68
5664,CA-2017-141957,21/07/2017,21/07/2017,Same Day,JG-15310,Jason Gross,Corporate,United States,Newark,Ohio,43055.0,East,OFF-AR-10000914,Office Supplies,Art,Boston 16765 Mini Stand Up Battery Pencil Sharpener,18.656
5665,CA-2017-141957,21/07/2017,21/07/2017,Same Day,JG-15310,Jason Gross,Corporate,United States,Newark,Ohio,43055.0,East,OFF-BI-10001116,Office Supplies,Binders,"Wilson Jones 1"" Hanging DublLock Ring Binders",11.088
5668,CA-2017-142405,11/06/2017,15/06/2017,Standard Class,SE-20110,Sanjit Engle,Consumer,United States,Seattle,Washington,98103.0,West,OFF-LA-10004093,Office Supplies,Labels,Avery 486,14.62
5670,CA-2017-142405,11/06/2017,15/06/2017,Standard Class,SE-20110,Sanjit Engle,Consumer,United States,Seattle,Washington,98103.0,West,TEC-AC-10003095,Technology,Accessories,Logitech G35 7.1-Channel Surround Sound Headset,389.97
5680,CA-2017-143924,28/07/2017,03/08/2017,Standard Class,SC-20680,Steve Carroll,Home Office,United States,Holland,Michigan,49423.0,Central,OFF-PA-10002120,Office Supplies,Paper,Xerox 1889,109.92
5681,CA-2017-141551,24/09/2017,30/09/2017,Standard Class,BP-11230,Benjamin Patterson,Consumer,United States,Broken Arrow,Oklahoma,74012.0,Central,OFF-BI-10001249,Office Supplies,Binders,Avery Heavy-Duty EZD View Binder with Locking Rings,6.38
5682,CA-2017-141551,24/09/2017,30/09/2017,Standard Class,BP-11230,Benjamin Patterson,Consumer,United States,Broken Arrow,Oklahoma,74012.0,Central,OFF-PA-10001569,Office Supplies,Paper,Xerox 232,6.48
5683,CA-2015-164315,02/04/2015,08/04/2015,Standard Class,RD-19585,Rob Dowd,Consumer,United States,Athens,Georgia,30605.0,South,OFF-PA-10004248,Office Supplies,Paper,Xerox 1990,15.84
5685,CA-2015-164315,02/04/2015,08/04/2015,Standard Class,RD-19585,Rob Dowd,Consumer,United States,Athens,Georgia,30605.0,South,OFF-AP-10003842,Office Supplies,Appliances,Euro-Pro Shark Turbo Vacuum,154.9
5688,CA-2015-131541,28/07/2015,28/07/2015,Same Day,CK-12205,Chloris Kastensmidt,Consumer,United States,Apopka,Florida,32712.0,South,FUR-FU-10003623,Furniture,Furnishings,"DataProducts Ampli Magnifier Task Lamp, Black,",129.888
5689,CA-2015-131541,28/07/2015,28/07/2015,Same Day,CK-12205,Chloris Kastensmidt,Consumer,United States,Apopka,Florida,32712.0,South,OFF-EN-10000781,Office Supplies,Envelopes,"#10- 4 1/8"" x 9 1/2"" Recycled Envelopes",48.944
5690,CA-2016-119550,26/12/2016,31/12/2016,Standard Class,RB-19705,Roger Barcio,Home Office,United States,Houston,Texas,77070.0,Central,FUR-CH-10002044,Furniture,Chairs,"Office Star - Contemporary Task Swivel chair with 2-way adjustable arms, Plum",275.058
5695,US-2016-138093,10/12/2016,16/12/2016,Standard Class,KM-16225,Kalyca Meade,Corporate,United States,Baltimore,Maryland,21215.0,East,FUR-CH-10000785,Furniture,Chairs,Global Ergonomic Managers Chair,542.94
5699,CA-2017-143441,05/11/2017,05/11/2017,Same Day,EB-14170,Evan Bailliet,Consumer,United States,Laredo,Texas,78041.0,Central,OFF-LA-10002312,Office Supplies,Labels,Avery 490,11.84
5701,CA-2017-125661,24/11/2017,26/11/2017,First Class,CA-12055,Cathy Armstrong,Home Office,United States,Cleveland,Ohio,44105.0,East,OFF-EN-10001532,Office Supplies,Envelopes,Brown Kraft Recycled Envelopes,40.752
5703,US-2015-123519,14/12/2015,21/12/2015,Standard Class,SS-20875,Sung Shariari,Consumer,United States,Marion,Ohio,43302.0,East,OFF-AR-10003829,Office Supplies,Art,Newell 35,2.624
5706,CA-2015-155593,03/11/2015,08/11/2015,Standard Class,RP-19390,Resi Pölking,Consumer,United States,Fairfield,Connecticut,6824.0,East,OFF-SU-10002522,Office Supplies,Supplies,Acme Kleen Earth Office Shears,11.64
5708,US-2016-160857,08/05/2016,15/05/2016,Standard Class,NW-18400,Natalie Webber,Consumer,United States,New York City,New York,10024.0,East,FUR-FU-10001095,Furniture,Furnishings,DAX Black Cherry Wood-Tone Poster Frame,79.44
5709,US-2016-160857,08/05/2016,15/05/2016,Standard Class,NW-18400,Natalie Webber,Consumer,United States,New York City,New York,10024.0,East,OFF-SU-10000157,Office Supplies,Supplies,Compact Automatic Electric Letter Opener,357.93
5710,US-2016-160857,08/05/2016,15/05/2016,Standard Class,NW-18400,Natalie Webber,Consumer,United States,New York City,New York,10024.0,East,FUR-CH-10002647,Furniture,Chairs,"Situations Contoured Folding Chairs, 4/Set",127.764
5712,US-2016-160857,08/05/2016,15/05/2016,Standard Class,NW-18400,Natalie Webber,Consumer,United States,New York City,New York,10024.0,East,OFF-PA-10003363,Office Supplies,Paper,Xerox 204,19.44
5715,CA-2018-116939,25/09/2018,29/09/2018,Standard Class,AG-10900,Arthur Gainer,Consumer,United States,Richmond,Virginia,23223.0,South,OFF-ST-10001476,Office Supplies,Storage,Steel Personal Filing/Posting Tote,177.55
5728,CA-2018-117324,08/12/2018,13/12/2018,Standard Class,JP-15520,Jeremy Pistek,Consumer,United States,Madison,Wisconsin,53711.0,Central,TEC-AC-10003023,Technology,Accessories,Logitech G105 Gaming Keyboard,178.11
5730,CA-2018-117324,08/12/2018,13/12/2018,Standard Class,JP-15520,Jeremy Pistek,Consumer,United States,Madison,Wisconsin,53711.0,Central,OFF-LA-10003510,Office Supplies,Labels,"Avery 4027 File Folder Labels for Dot Matrix Printers, 5000 Labels per Box, White",61.06
5731,CA-2018-117324,08/12/2018,13/12/2018,Standard Class,JP-15520,Jeremy Pistek,Consumer,United States,Madison,Wisconsin,53711.0,Central,FUR-BO-10003159,Furniture,Bookcases,"Sauder Camden County Collection Libraries, Planked Cherry Finish",459.92
5736,CA-2015-111773,29/06/2015,03/07/2015,Standard Class,JK-15625,Jim Karlsson,Consumer,United States,New York City,New York,10024.0,East,OFF-BI-10000174,Office Supplies,Binders,"Wilson Jones Clip & Carry Folder Binder Tool for Ring Binders, Clear",13.92
5737,CA-2015-148614,20/01/2015,25/01/2015,Standard Class,MV-17485,Mark Van Huff,Consumer,United States,Los Angeles,California,90049.0,West,OFF-PA-10002893,Office Supplies,Paper,"Wirebound Service Call Books, 5 1/2"" x 4""",19.36
5738,CA-2015-148614,20/01/2015,25/01/2015,Standard Class,MV-17485,Mark Van Huff,Consumer,United States,Los Angeles,California,90049.0,West,FUR-FU-10003194,Furniture,Furnishings,"Eldon Expressions Desk Accessory, Wood Pencil Holder, Oak",19.3
5741,US-2018-147886,28/03/2018,31/03/2018,First Class,DH-13075,Dave Hallsten,Corporate,United States,Fairfield,California,94533.0,West,FUR-FU-10001095,Furniture,Furnishings,DAX Black Cherry Wood-Tone Poster Frame,26.48
5742,US-2018-147886,28/03/2018,31/03/2018,First Class,DH-13075,Dave Hallsten,Corporate,United States,Fairfield,California,94533.0,West,TEC-MA-10004679,Technology,Machines,StarTech.com 10/100 VDSL2 Ethernet Extender Kit,532.72
5748,CA-2017-113733,08/12/2017,12/12/2017,Standard Class,LH-16900,Lena Hernandez,Consumer,United States,Greenville,North Carolina,27834.0,South,TEC-AC-10002473,Technology,Accessories,Maxell 4.7GB DVD-R,68.112
5755,CA-2016-150749,29/03/2016,03/04/2016,Second Class,AS-10240,Alan Shonely,Consumer,United States,Springfield,Virginia,22153.0,South,OFF-AR-10003732,Office Supplies,Art,Newell 333,5.56
5757,CA-2015-163748,14/10/2015,18/10/2015,Standard Class,HG-15025,Hunter Glantz,Consumer,United States,Fort Worth,Texas,76106.0,Central,TEC-CO-10002095,Technology,Copiers,Hewlett Packard 610 Color Digital Copier / Printer,1999.96
5762,CA-2018-158169,12/08/2018,15/08/2018,First Class,JM-16195,Justin MacKendrick,Consumer,United States,Lake Forest,California,92630.0,West,OFF-AP-10000828,Office Supplies,Appliances,Avanti 4.4 Cu. Ft. Refrigerator,542.94
5763,CA-2018-158169,12/08/2018,15/08/2018,First Class,JM-16195,Justin MacKendrick,Consumer,United States,Lake Forest,California,92630.0,West,FUR-FU-10001473,Furniture,Furnishings,DAX Wood Document Frame,54.92
5764,CA-2016-162047,03/11/2016,05/11/2016,First Class,FH-14365,Fred Hopkins,Corporate,United States,Long Beach,New York,11561.0,East,FUR-CH-10004983,Furniture,Chairs,Office Star - Mid Back Dual function Ergonomic High Back Chair with 2-Way Adjustable Arms,1448.82
5765,CA-2016-117772,10/09/2016,12/09/2016,Second Class,MC-17575,Matt Collins,Consumer,United States,Seattle,Washington,98103.0,West,OFF-ST-10003994,Office Supplies,Storage,"Belkin 19"" Center-Weighted Shelf, Gray",353.88
5767,CA-2017-149685,08/10/2017,15/10/2017,Standard Class,PM-19135,Peter McVee,Home Office,United States,San Antonio,Texas,78207.0,Central,OFF-LA-10004545,Office Supplies,Labels,Avery 50,60.144
5769,CA-2016-154900,25/02/2016,01/03/2016,Standard Class,SS-20875,Sung Shariari,Consumer,United States,Leominster,Massachusetts,1453.0,East,OFF-LA-10001641,Office Supplies,Labels,Avery 518,3.15
5776,CA-2017-142398,12/04/2017,16/04/2017,Standard Class,BP-11290,Beth Paige,Consumer,United States,Los Angeles,California,90036.0,West,OFF-BI-10004826,Office Supplies,Binders,JM Magazine Binder,13.208
5781,US-2016-159513,02/04/2016,09/04/2016,Standard Class,JD-15790,John Dryer,Consumer,United States,Los Angeles,California,90049.0,West,TEC-MA-10003329,Technology,Machines,"Vtech AT&T CL2940 Corded Speakerphone, Black",71.976
5782,CA-2016-155586,12/12/2016,16/12/2016,Second Class,XP-21865,Xylona Preis,Consumer,United States,Chico,California,95928.0,West,OFF-AR-10001547,Office Supplies,Art,Newell 311,2.21
5795,CA-2018-140186,29/09/2018,02/10/2018,First Class,PG-18820,Patrick Gardner,Consumer,United States,Bakersfield,California,93309.0,West,OFF-BI-10003364,Office Supplies,Binders,Binding Machine Supplies,46.672
5800,CA-2015-166716,20/08/2015,25/08/2015,Second Class,CR-12730,Craig Reiter,Consumer,United States,Chicago,Illinois,60610.0,Central,FUR-CH-10004495,Furniture,Chairs,"Global Leather and Oak Executive Chair, Black",421.372
5803,CA-2016-163440,22/03/2016,24/03/2016,First Class,RD-19900,Ruben Dartt,Consumer,United States,Thousand Oaks,California,91360.0,West,TEC-PH-10000376,Technology,Phones,Square Credit Card Reader,15.984
5805,CA-2018-113873,13/11/2018,19/11/2018,Standard Class,KE-16420,Katrina Edelman,Corporate,United States,Dallas,Texas,75220.0,Central,OFF-ST-10000943,Office Supplies,Storage,Eldon ProFile File 'N Store Portable File Tub Letter/Legal Size Black,61.792
5806,CA-2018-113873,13/11/2018,19/11/2018,Standard Class,KE-16420,Katrina Edelman,Corporate,United States,Dallas,Texas,75220.0,Central,FUR-BO-10003441,Furniture,Bookcases,"Bush Westfield Collection Bookcases, Fully Assembled",205.9992
5810,CA-2017-125017,06/02/2017,11/02/2017,Standard Class,KB-16240,Karen Bern,Corporate,United States,Chattanooga,Tennessee,37421.0,South,FUR-FU-10000723,Furniture,Furnishings,"Deflect-o EconoMat Studded, No Bevel Mat for Low Pile Carpeting",132.224
5813,US-2016-163279,22/03/2016,26/03/2016,Standard Class,JD-16150,Justin Deggeller,Corporate,United States,San Diego,California,92037.0,West,TEC-PH-10001795,Technology,Phones,ClearOne CHATAttach 160 - speaker phone,1487.976
5814,CA-2016-150196,02/07/2016,03/07/2016,First Class,SR-20740,Steven Roelle,Home Office,United States,New York City,New York,10024.0,East,OFF-PA-10003797,Office Supplies,Paper,Xerox 209,19.44
5816,CA-2015-124730,26/11/2015,26/11/2015,Same Day,LS-17245,Lynn Smith,Consumer,United States,Utica,New York,13501.0,East,TEC-PH-10002170,Technology,Phones,ClearSounds CSC500 Amplified Spirit Phone Corded phone,279.96
5817,CA-2015-124730,26/11/2015,26/11/2015,Same Day,LS-17245,Lynn Smith,Consumer,United States,Utica,New York,13501.0,East,OFF-BI-10001078,Office Supplies,Binders,"Acco PRESSTEX Data Binder with Storage Hooks, Dark Blue, 14 7/8"" X 11""",12.912
5818,CA-2015-124730,26/11/2015,26/11/2015,Same Day,LS-17245,Lynn Smith,Consumer,United States,Utica,New York,13501.0,East,OFF-BI-10001031,Office Supplies,Binders,Pressboard Data Binders by Wilson Jones,17.088
5826,CA-2018-161067,03/09/2018,06/09/2018,Second Class,KB-16405,Katrina Bavinger,Home Office,United States,New York City,New York,10035.0,East,OFF-PA-10000418,Office Supplies,Paper,Xerox 189,419.4
5827,CA-2018-161067,03/09/2018,06/09/2018,Second Class,KB-16405,Katrina Bavinger,Home Office,United States,New York City,New York,10035.0,East,FUR-CH-10004626,Furniture,Chairs,Office Star Flex Back Scooter Chair with Aluminum Finish Frame,90.801
5829,CA-2018-161067,03/09/2018,06/09/2018,Second Class,KB-16405,Katrina Bavinger,Home Office,United States,New York City,New York,10035.0,East,OFF-AR-10003251,Office Supplies,Art,Prang Drawing Pencil Set,5.56
5830,CA-2017-122063,03/12/2017,07/12/2017,Standard Class,MM-17920,Michael Moore,Consumer,United States,Richmond,Indiana,47374.0,Central,FUR-TA-10004575,Furniture,Tables,Hon 5100 Series Wood Tables,581.96
5832,CA-2016-111206,18/07/2016,22/07/2016,Standard Class,RF-19735,Roland Fjeld,Consumer,United States,San Diego,California,92105.0,West,TEC-AC-10003095,Technology,Accessories,Logitech G35 7.1-Channel Surround Sound Headset,519.96
5835,CA-2016-101868,09/06/2016,16/06/2016,Standard Class,MJ-17740,Max Jones,Consumer,United States,Miami,Florida,33178.0,South,OFF-BI-10003876,Office Supplies,Binders,"Green Canvas Binder for 8-1/2"" x 14"" Sheets",64.2
5839,CA-2016-132948,27/03/2016,03/04/2016,Standard Class,MV-17485,Mark Van Huff,Consumer,United States,Seattle,Washington,98115.0,West,OFF-ST-10000636,Office Supplies,Storage,Rogers Profile Extra Capacity Storage Tub,83.7
5841,CA-2016-134992,22/09/2016,26/09/2016,Second Class,MG-17875,Michael Grace,Home Office,United States,Arlington,Virginia,22204.0,South,FUR-FU-10002554,Furniture,Furnishings,"Westinghouse Floor Lamp with Metal Mesh Shade, Black",47.98
5842,CA-2016-126725,17/11/2016,21/11/2016,Standard Class,BS-11665,Brian Stugart,Consumer,United States,San Diego,California,92105.0,West,TEC-PH-10003174,Technology,Phones,RCA ViSYS 25825 Wireless digital phone,415.968
5847,CA-2016-126725,17/11/2016,21/11/2016,Standard Class,BS-11665,Brian Stugart,Consumer,United States,San Diego,California,92105.0,West,FUR-CH-10001708,Furniture,Chairs,Office Star - Contemporary Swivel Chair with Padded Adjustable Arms and Flex Back,225.568
5848,CA-2016-126725,17/11/2016,21/11/2016,Standard Class,BS-11665,Brian Stugart,Consumer,United States,San Diego,California,92105.0,West,FUR-FU-10001591,Furniture,Furnishings,Advantus Panel Wall Certificate Holder - 8.5x11,36.6
5849,CA-2016-121783,10/11/2016,14/11/2016,Standard Class,PO-19180,Philisse Overcash,Home Office,United States,Roseville,Minnesota,55113.0,Central,OFF-AP-10003849,Office Supplies,Appliances,Hoover Shoulder Vac Commercial Portable Vacuum,715.64
5857,CA-2016-112214,05/08/2016,11/08/2016,Standard Class,AH-10690,Anna Häberlin,Corporate,United States,Dallas,Texas,75220.0,Central,OFF-BI-10002982,Office Supplies,Binders,Avery Self-Adhesive Photo Pockets for Polaroid Photos,1.362
5858,CA-2016-112214,05/08/2016,11/08/2016,Standard Class,AH-10690,Anna Häberlin,Corporate,United States,Dallas,Texas,75220.0,Central,FUR-FU-10002364,Furniture,Furnishings,"Eldon Expressions Wood Desk Accessories, Oak",14.76
5864,CA-2017-101525,01/05/2017,04/05/2017,Second Class,CM-12235,Chris McAfee,Consumer,United States,Little Rock,Arkansas,72209.0,South,OFF-AR-10000716,Office Supplies,Art,DIXON Ticonderoga Erasable Checking Pencils,11.16
5866,US-2015-117968,05/08/2015,07/08/2015,Second Class,RS-19420,Ricardo Sperren,Corporate,United States,Meriden,Connecticut,6450.0,East,OFF-AR-10004165,Office Supplies,Art,"Binney & Smith inkTank Erasable Pocket Highlighter, Chisel Tip, Yellow",4.56
5867,US-2015-117968,05/08/2015,07/08/2015,Second Class,RS-19420,Ricardo Sperren,Corporate,United States,Meriden,Connecticut,6450.0,East,FUR-CH-10002335,Furniture,Chairs,Hon GuestStacker Chair,1133.35
5870,CA-2017-152247,07/11/2017,12/11/2017,Standard Class,MA-17995,Michelle Arnett,Home Office,United States,Cheyenne,Wyoming,82001.0,West,FUR-CH-10001215,Furniture,Chairs,Global Troy Executive Leather Low-Back Tilter,1603.136
5874,CA-2018-133095,04/06/2018,04/06/2018,Same Day,EH-14005,Erica Hernandez,Home Office,United States,Jonesboro,Arkansas,72401.0,South,OFF-BI-10002353,Office Supplies,Binders,GBC VeloBind Cover Sets,108.08
5876,CA-2016-130554,07/04/2016,09/04/2016,First Class,FM-14290,Frank Merwin,Home Office,United States,Philadelphia,Pennsylvania,19140.0,East,OFF-AR-10001954,Office Supplies,Art,Newell 331,11.736
5883,CA-2017-133935,18/09/2017,22/09/2017,Standard Class,JW-15220,Jane Waco,Corporate,United States,San Diego,California,92105.0,West,FUR-CH-10002880,Furniture,Chairs,"Global High-Back Leather Tilter, Burgundy",885.528
5884,CA-2017-136301,13/03/2017,15/03/2017,Second Class,EH-13765,Edward Hooks,Corporate,United States,San Francisco,California,94109.0,West,FUR-FU-10004712,Furniture,Furnishings,"Westinghouse Mesh Shade Clip-On Gooseneck Lamp, Black",28.28
5886,US-2015-109456,16/10/2015,17/10/2015,Same Day,LS-17245,Lynn Smith,Consumer,United States,San Francisco,California,94110.0,West,OFF-BI-10000136,Office Supplies,Binders,Avery Non-Stick Heavy Duty View Round Locking Ring Binders,14.352
5889,CA-2016-147879,07/05/2016,12/05/2016,Standard Class,CC-12220,Chris Cortes,Consumer,United States,Owensboro,Kentucky,42301.0,South,OFF-PA-10001952,Office Supplies,Paper,Xerox 1902,45.68
5895,CA-2018-100825,09/09/2018,14/09/2018,Standard Class,KD-16495,Keith Dawkins,Corporate,United States,Los Angeles,California,90036.0,West,OFF-ST-10003123,Office Supplies,Storage,Fellowes Bases and Tops For Staxonsteel/High-Stak Systems,99.87
5901,CA-2016-146465,20/11/2016,24/11/2016,Standard Class,PB-18805,Patrick Bzostek,Home Office,United States,San Francisco,California,94122.0,West,OFF-BI-10004528,Office Supplies,Binders,Cardinal Poly Pocket Divider Pockets for Ring Binders,24.192
5909,US-2017-113985,02/12/2017,07/12/2017,Standard Class,KD-16495,Keith Dawkins,Corporate,United States,San Jose,California,95123.0,West,OFF-AP-10001303,Office Supplies,Appliances,"Holmes Cool Mist Humidifier for the Whole House with 8-Gallon Output per Day, Extended Life Filter",59.7
5915,US-2016-126977,17/09/2016,23/09/2016,Standard Class,PF-19120,Peter Fuller,Consumer,United States,New York City,New York,10035.0,East,OFF-LA-10002762,Office Supplies,Labels,Avery 485,87.71
5925,CA-2018-146458,19/11/2018,22/11/2018,Second Class,RB-19435,Richard Bierner,Consumer,United States,Springfield,Virginia,22153.0,South,OFF-AR-10001177,Office Supplies,Art,Newell 349,22.96
5929,CA-2015-114314,11/10/2015,15/10/2015,Standard Class,DB-13555,Dorothy Badders,Corporate,United States,Fayetteville,Arkansas,72701.0,South,FUR-FU-10002107,Furniture,Furnishings,Eldon Pizzaz Desk Accessories,8.92
5934,US-2018-169551,07/07/2018,09/07/2018,First Class,RL-19615,Rob Lucas,Consumer,United States,Philadelphia,Pennsylvania,19120.0,East,TEC-AC-10002018,Technology,Accessories,AmazonBasics 3-Button USB Wired Mouse,16.776
5937,CA-2017-103107,04/07/2017,04/07/2017,Same Day,RB-19465,Rick Bensley,Home Office,United States,Seattle,Washington,98103.0,West,TEC-PH-10001198,Technology,Phones,Avaya 4621SW VoIP phone,177.48
5940,CA-2018-122077,19/05/2018,25/05/2018,Standard Class,JF-15295,Jason Fortune-,Consumer,United States,Plano,Texas,75023.0,Central,OFF-LA-10004178,Office Supplies,Labels,Avery 491,13.216
5941,CA-2018-112431,12/10/2018,14/10/2018,Second Class,RW-19690,Robert Waldorf,Consumer,United States,Los Angeles,California,90049.0,West,TEC-AC-10001465,Technology,Accessories,SanDisk Cruzer 64 GB USB Flash Drive,435.84
5943,CA-2017-151092,06/08/2017,13/08/2017,Standard Class,VG-21790,Vivek Gonzalez,Consumer,United States,Los Angeles,California,90032.0,West,TEC-PH-10001700,Technology,Phones,Panasonic KX-TG6844B Expandable Digital Cordless Telephone,211.168
5945,CA-2015-104178,25/08/2015,29/08/2015,Standard Class,JM-15265,Janet Molinari,Corporate,United States,Los Angeles,California,90036.0,West,TEC-AC-10002399,Technology,Accessories,SanDisk Cruzer 32 GB USB Flash Drive,95.1
5946,CA-2015-104178,25/08/2015,29/08/2015,Standard Class,JM-15265,Janet Molinari,Corporate,United States,Los Angeles,California,90036.0,West,OFF-PA-10004983,Office Supplies,Paper,Xerox 23,25.92
5951,CA-2018-161046,05/03/2018,05/03/2018,Same Day,CB-12535,Claudia Bergmann,Corporate,United States,Southaven,Mississippi,38671.0,South,OFF-AP-10000891,Office Supplies,Appliances,Kensington 7 Outlet MasterPiece HOMEOFFICE Power Control Center,262.24
5954,US-2015-105151,30/03/2015,31/03/2015,First Class,SG-20890,Susan Gilcrest,Corporate,United States,New York City,New York,10009.0,East,OFF-AR-10001231,Office Supplies,Art,"Sanford EarthWrite Recycled Pencils, Medium Soft, #2",10.5
5956,CA-2015-155796,11/11/2015,15/11/2015,Second Class,TS-21430,Tom Stivers,Corporate,United States,Reading,Pennsylvania,19601.0,East,FUR-BO-10002545,Furniture,Bookcases,"Atlantic Metals Mobile 3-Shelf Bookcases, Custom Colors",521.96
5958,CA-2017-127138,12/03/2017,15/03/2017,Second Class,DK-13225,Dean Katz,Corporate,United States,San Francisco,California,94109.0,West,OFF-AP-10003842,Office Supplies,Appliances,Euro-Pro Shark Turbo Vacuum,154.9
5964,CA-2015-140732,11/11/2015,13/11/2015,Second Class,MA-17560,Matt Abelman,Home Office,United States,Los Angeles,California,90004.0,West,OFF-PA-10003625,Office Supplies,Paper,Xerox 1979,123.92
5968,CA-2017-166912,15/01/2017,17/01/2017,First Class,BE-11335,Bill Eplett,Home Office,United States,New York City,New York,10009.0,East,OFF-PA-10001033,Office Supplies,Paper,Xerox 1893,81.98
5969,CA-2015-141726,20/07/2015,22/07/2015,First Class,CC-12145,Charles Crestani,Consumer,United States,San Diego,California,92105.0,West,OFF-PA-10000418,Office Supplies,Paper,Xerox 189,104.85
5973,CA-2018-115105,06/02/2018,11/02/2018,Standard Class,BD-11770,Bryan Davis,Consumer,United States,New York City,New York,10024.0,East,FUR-BO-10001811,Furniture,Bookcases,"Atlantic Metals Mobile 5-Shelf Bookcases, Custom Colors",240.784
5974,CA-2016-143980,25/12/2016,29/12/2016,Standard Class,JK-15640,Jim Kriz,Home Office,United States,New York City,New York,10011.0,East,OFF-AP-10003779,Office Supplies,Appliances,Kensington 7 Outlet MasterPiece Power Center with Fax/Phone Line Protection,414.96
5975,CA-2017-135636,08/10/2017,13/10/2017,Standard Class,DB-13615,Doug Bickford,Consumer,United States,Charlotte,North Carolina,28205.0,South,OFF-ST-10000676,Office Supplies,Storage,Fellowes Econo/Stor Drawers,387.72
5992,US-2018-163300,15/09/2018,21/09/2018,Standard Class,ES-14020,Erica Smith,Consumer,United States,Los Angeles,California,90049.0,West,TEC-PH-10001700,Technology,Phones,Panasonic KX-TG6844B Expandable Digital Cordless Telephone,369.544
5993,US-2018-163300,15/09/2018,21/09/2018,Standard Class,ES-14020,Erica Smith,Consumer,United States,Los Angeles,California,90049.0,West,FUR-CH-10003396,Furniture,Chairs,Global Deluxe Steno Chair,184.752
5999,US-2015-112991,10/12/2015,14/12/2015,Standard Class,SH-19975,Sally Hughsby,Corporate,United States,Caldwell,Idaho,83605.0,West,FUR-CH-10001708,Furniture,Chairs,Office Star - Contemporary Swivel Chair with Padded Adjustable Arms and Flex Back,338.352
6004,US-2018-146878,21/09/2018,27/09/2018,Standard Class,DL-12865,Dan Lawera,Consumer,United States,Miami,Florida,33142.0,South,OFF-BI-10002794,Office Supplies,Binders,"Avery Trapezoid Ring Binder, 3"" Capacity, Black, 1040 sheets",12.294
6005,CA-2018-107244,07/09/2018,11/09/2018,Standard Class,AG-10390,Allen Goldenen,Consumer,United States,Los Angeles,California,90004.0,West,FUR-FU-10002597,Furniture,Furnishings,"C-Line Magnetic Cubicle Keepers, Clear Polypropylene",19.76
6006,CA-2016-100657,02/11/2016,07/11/2016,Standard Class,SW-20245,Scot Wooten,Consumer,United States,Troy,New York,12180.0,East,FUR-CH-10003535,Furniture,Chairs,"Global Armless Task Chair, Royal Blue",109.764
6007,CA-2018-129581,11/12/2018,18/12/2018,Standard Class,KN-16390,Katherine Nockton,Corporate,United States,New Bedford,Massachusetts,2740.0,East,TEC-PH-10001527,Technology,Phones,Plantronics MX500i Earset,128.85
6009,CA-2016-135580,30/12/2016,03/01/2017,Standard Class,CL-12565,Clay Ludtke,Consumer,United States,Los Angeles,California,90049.0,West,OFF-PA-10000595,Office Supplies,Paper,Xerox 1929,68.52
6010,CA-2016-135580,30/12/2016,03/01/2017,Standard Class,CL-12565,Clay Ludtke,Consumer,United States,Los Angeles,California,90049.0,West,OFF-ST-10000798,Office Supplies,Storage,2300 Heavy-Duty Transfer File Systems by Perma,74.94
6011,CA-2016-135580,30/12/2016,03/01/2017,Standard Class,CL-12565,Clay Ludtke,Consumer,United States,Los Angeles,California,90049.0,West,TEC-MA-10004002,Technology,Machines,Zebra GX420t Direct Thermal/Thermal Transfer Printer,2548.56
6014,CA-2017-159016,10/03/2017,11/03/2017,First Class,KF-16285,Karen Ferguson,Home Office,United States,Los Angeles,California,90008.0,West,OFF-PA-10004405,Office Supplies,Paper,Rediform Voice Mail Log Books,14.9
6021,US-2017-156692,13/08/2017,13/08/2017,Same Day,HG-15025,Hunter Glantz,Consumer,United States,Kenner,Louisiana,70065.0,South,OFF-AP-10002222,Office Supplies,Appliances,Staple holder,17.34
6026,CA-2018-139717,24/08/2018,26/08/2018,Second Class,DM-13015,Darrin Martin,Consumer,United States,Lancaster,Ohio,43130.0,East,OFF-PA-10002195,Office Supplies,Paper,Xerox 1966,10.368
6030,US-2017-112970,14/11/2017,15/11/2017,First Class,TB-21250,Tim Brockman,Consumer,United States,Los Angeles,California,90049.0,West,OFF-AR-10003829,Office Supplies,Art,Newell 35,9.84
6031,US-2018-152492,06/07/2018,06/07/2018,Same Day,AH-10585,Angele Hood,Consumer,United States,Miami,Florida,33142.0,South,FUR-CH-10000155,Furniture,Chairs,Global Comet Stacking Armless Chair,239.24
6038,CA-2017-131205,04/09/2017,08/09/2017,Standard Class,AA-10645,Anna Andreadi,Consumer,United States,Georgetown,Kentucky,40324.0,South,OFF-BI-10000315,Office Supplies,Binders,Poly Designer Cover & Back,113.94
6042,CA-2018-122364,24/09/2018,29/09/2018,Standard Class,FA-14230,Frank Atkinson,Corporate,United States,Los Angeles,California,90008.0,West,TEC-MA-10001031,Technology,Machines,Socket Bluetooth Cordless Hand Scanner (CHS),506.28
6044,CA-2018-145702,19/05/2018,24/05/2018,Second Class,AH-10075,Adam Hart,Corporate,United States,Knoxville,Tennessee,37918.0,South,FUR-CH-10001482,Furniture,Chairs,Office Star - Mesh Screen back chair with Vinyl seat,314.352
6051,CA-2016-153878,25/04/2016,30/04/2016,Standard Class,TS-21655,Trudy Schmidt,Consumer,United States,Milwaukee,Wisconsin,53209.0,Central,OFF-AR-10000658,Office Supplies,Art,Newell 324,57.75
6052,CA-2016-153878,25/04/2016,30/04/2016,Standard Class,TS-21655,Trudy Schmidt,Consumer,United States,Milwaukee,Wisconsin,53209.0,Central,OFF-AP-10001205,Office Supplies,Appliances,Belkin 5 Outlet SurgeMaster Power Centers,272.4
6056,CA-2017-113551,18/08/2017,20/08/2017,First Class,NF-18385,Natalie Fritzler,Consumer,United States,Edinburg,Texas,78539.0,Central,OFF-BI-10001617,Office Supplies,Binders,GBC Wire Binding Combs,2.068
6058,CA-2015-107524,02/03/2015,08/03/2015,Standard Class,KN-16705,Kristina Nunn,Home Office,United States,New York City,New York,10009.0,East,OFF-EN-10001990,Office Supplies,Envelopes,Staple envelope,11.36
6059,CA-2015-107524,02/03/2015,08/03/2015,Standard Class,KN-16705,Kristina Nunn,Home Office,United States,New York City,New York,10009.0,East,OFF-PA-10000587,Office Supplies,Paper,"Array Parchment Paper, Assorted Colors",36.4
6062,CA-2016-134201,10/04/2016,16/04/2016,Standard Class,EH-14125,Eugene Hildebrand,Home Office,United States,Rochester,New York,14609.0,East,OFF-AR-10002804,Office Supplies,Art,Faber Castell Col-Erase Pencils,14.67
6066,CA-2016-119942,05/04/2016,07/04/2016,First Class,TT-21070,Ted Trevino,Consumer,United States,Philadelphia,Pennsylvania,19120.0,East,OFF-LA-10001569,Office Supplies,Labels,Avery 499,23.904
6070,CA-2018-166695,20/05/2018,24/05/2018,Standard Class,CC-12430,Chuck Clark,Home Office,United States,Lakewood,California,90712.0,West,TEC-MA-10003176,Technology,Machines,Okidata B400 Printer,343.2
6071,CA-2018-167542,13/08/2018,20/08/2018,Standard Class,KD-16495,Keith Dawkins,Corporate,United States,Philadelphia,Pennsylvania,19120.0,East,OFF-LA-10004093,Office Supplies,Labels,Avery 486,17.544
6073,CA-2016-120901,31/12/2016,04/01/2017,Standard Class,BG-11035,Barry Gonzalez,Consumer,United States,Austin,Texas,78745.0,Central,OFF-FA-10001561,Office Supplies,Fasteners,Stockwell Push Pins,3.488
6074,CA-2016-120901,31/12/2016,04/01/2017,Standard Class,BG-11035,Barry Gonzalez,Consumer,United States,Austin,Texas,78745.0,Central,OFF-SU-10001225,Office Supplies,Supplies,Staple remover,5.888
6080,CA-2017-151561,01/09/2017,07/09/2017,Standard Class,PG-18820,Patrick Gardner,Consumer,United States,New York City,New York,10011.0,East,FUR-FU-10004864,Furniture,Furnishings,"Howard Miller 14-1/2"" Diameter Chrome Round Wall Clock",191.82
6085,US-2017-132577,22/11/2017,27/11/2017,Standard Class,JE-15475,Jeremy Ellison,Consumer,United States,Houston,Texas,77095.0,Central,TEC-AC-10000387,Technology,Accessories,KeyTronic KT800P2 - Keyboard - Black,24.032
6088,CA-2016-114048,14/12/2016,18/12/2016,Standard Class,EH-13945,Eric Hoffmann,Consumer,United States,Costa Mesa,California,92627.0,West,FUR-FU-10004351,Furniture,Furnishings,Staple-based wall hangings,29.22
6093,CA-2018-100111,20/09/2018,26/09/2018,Standard Class,SV-20365,Seth Vernon,Consumer,United States,New York City,New York,10035.0,East,OFF-PA-10000807,Office Supplies,Paper,"TOPS ""Important Message"" Pads, Canary, 4-1/4 x 5-1/2, 50 Sheets per Pad",38.52
6095,CA-2018-100111,20/09/2018,26/09/2018,Standard Class,SV-20365,Seth Vernon,Consumer,United States,New York City,New York,10035.0,East,OFF-ST-10000615,Office Supplies,Storage,"SimpliFile Personal File, Black Granite, 15w x 6-15/16d x 11-1/4h",45.4
6097,CA-2018-100111,20/09/2018,26/09/2018,Standard Class,SV-20365,Seth Vernon,Consumer,United States,New York City,New York,10035.0,East,FUR-CH-10003061,Furniture,Chairs,"Global Leather Task Chair, Black",80.991
6101,CA-2018-100111,20/09/2018,26/09/2018,Standard Class,SV-20365,Seth Vernon,Consumer,United States,New York City,New York,10035.0,East,TEC-PH-10002885,Technology,Phones,Apple iPhone 5,1299.66
6105,US-2018-132381,22/08/2018,24/08/2018,First Class,Dp-13240,Dean percer,Home Office,United States,Philadelphia,Pennsylvania,19143.0,East,FUR-TA-10002356,Furniture,Tables,Bevis Boat-Shaped Conference Table,314.532
6108,CA-2015-120852,20/12/2015,25/12/2015,Standard Class,WB-21850,William Brown,Consumer,United States,Grand Prairie,Texas,75051.0,Central,TEC-AC-10004510,Technology,Accessories,Logitech Desktop MK120 Mouse and keyboard Combo,65.44
6109,CA-2017-150007,11/09/2017,16/09/2017,Standard Class,AS-10090,Adam Shillingsburg,Consumer,United States,Chicago,Illinois,60653.0,Central,OFF-LA-10001982,Office Supplies,Labels,Smead Alpha-Z Color-Coded Name Labels First Letter Starter Set,6.0
6112,CA-2017-124590,12/11/2017,16/11/2017,Standard Class,SP-20920,Susan Pistek,Consumer,United States,Parma,Ohio,44134.0,East,OFF-AP-10002311,Office Supplies,Appliances,"Holmes Replacement Filter for HEPA Air Cleaner, Very Large Room, HEPA Filter",110.096
6113,CA-2017-124590,12/11/2017,16/11/2017,Standard Class,SP-20920,Susan Pistek,Consumer,United States,Parma,Ohio,44134.0,East,OFF-FA-10000585,Office Supplies,Fasteners,OIC Bulk Pack Metal Binder Clips,16.752
6119,CA-2018-143378,19/09/2018,25/09/2018,Standard Class,JR-16210,Justin Ritter,Corporate,United States,Springfield,Oregon,97477.0,West,TEC-PH-10001425,Technology,Phones,Mophie Juice Pack Helium for iPhone,191.976
6121,CA-2018-143378,19/09/2018,25/09/2018,Standard Class,JR-16210,Justin Ritter,Corporate,United States,Springfield,Oregon,97477.0,West,FUR-FU-10004864,Furniture,Furnishings,"Howard Miller 14-1/2"" Diameter Chrome Round Wall Clock",409.216
6126,CA-2018-145772,03/06/2018,07/06/2018,Standard Class,SS-20140,Saphhira Shifley,Corporate,United States,Los Angeles,California,90036.0,West,OFF-PA-10001593,Office Supplies,Paper,Xerox 1947,11.96
6129,US-2015-158400,25/10/2015,28/10/2015,First Class,AH-10030,Aaron Hawkins,Corporate,United States,San Francisco,California,94109.0,West,OFF-BI-10002353,Office Supplies,Binders,GBC VeloBind Cover Sets,49.408
6131,CA-2018-162033,26/03/2018,02/04/2018,Standard Class,EM-14200,Evan Minnotte,Home Office,United States,Virginia Beach,Virginia,23464.0,South,OFF-FA-10003021,Office Supplies,Fasteners,Staples,3.76
6132,CA-2015-163447,27/12/2015,31/12/2015,Standard Class,TB-21190,Thomas Brumley,Home Office,United States,New York City,New York,10011.0,East,FUR-CH-10004477,Furniture,Chairs,"Global Push Button Manager's Chair, Indigo",767.214
6135,CA-2017-146766,04/11/2017,04/11/2017,Same Day,TT-21220,Thomas Thornton,Consumer,United States,Chula Vista,California,91911.0,West,OFF-AR-10002135,Office Supplies,Art,Boston Heavy-Duty Trimline Electric Pencil Sharpeners,192.8
6139,CA-2015-131247,30/03/2015,04/04/2015,Standard Class,GA-14725,Guy Armstrong,Consumer,United States,San Francisco,California,94110.0,West,FUR-BO-10001337,Furniture,Bookcases,O'Sullivan Living Dimensions 2-Shelf Bookcases,205.666
6142,CA-2018-121083,09/07/2018,15/07/2018,Standard Class,JF-15190,Jamie Frazer,Consumer,United States,Manchester,Connecticut,6040.0,East,OFF-ST-10002554,Office Supplies,Storage,Tennsco Industrial Shelving,195.64
6146,CA-2015-133543,22/12/2015,26/12/2015,Standard Class,KM-16660,Khloe Miller,Consumer,United States,San Jose,California,95123.0,West,OFF-AR-10003394,Office Supplies,Art,Newell 332,11.76
6148,CA-2018-105130,21/11/2018,25/11/2018,Standard Class,PJ-18835,Patrick Jones,Corporate,United States,San Francisco,California,94122.0,West,OFF-BI-10001191,Office Supplies,Binders,Canvas Sectional Post Binders,40.736
6150,CA-2018-101322,28/12/2018,31/12/2018,First Class,JG-15310,Jason Gross,Corporate,United States,Long Beach,California,90805.0,West,FUR-CH-10003968,Furniture,Chairs,Novimex Turbo Task Chair,340.704
6152,CA-2015-111871,18/03/2015,21/03/2015,Second Class,EK-13795,Eileen Kiefer,Home Office,United States,San Francisco,California,94110.0,West,FUR-BO-10004218,Furniture,Bookcases,"Bush Heritage Pine Collection 5-Shelf Bookcase, Albany Pine Finish, *Special Order",1198.33
6153,CA-2018-139437,03/07/2018,08/07/2018,Standard Class,RD-19585,Rob Dowd,Consumer,United States,Los Angeles,California,90004.0,West,OFF-ST-10002485,Office Supplies,Storage,Rogers Deluxe File Chest,87.92
6156,CA-2018-151484,20/04/2018,23/04/2018,First Class,CV-12805,Cynthia Voltz,Corporate,United States,Philadelphia,Pennsylvania,19120.0,East,OFF-ST-10000142,Office Supplies,Storage,Deluxe Rollaway Locking File with Drawer,332.704
6160,CA-2017-161025,03/12/2017,09/12/2017,Standard Class,GM-14440,Gary McGarr,Consumer,United States,Los Angeles,California,90049.0,West,OFF-ST-10001932,Office Supplies,Storage,Fellowes Staxonsteel Drawer Files,772.68
6168,CA-2016-142433,20/04/2016,25/04/2016,Standard Class,ES-14020,Erica Smith,Consumer,United States,Houston,Texas,77036.0,Central,OFF-PA-10002377,Office Supplies,Paper,Xerox 1916,117.456
6171,CA-2017-141523,19/12/2017,24/12/2017,Second Class,MH-17440,Mark Haberlin,Corporate,United States,New York City,New York,10035.0,East,OFF-BI-10000948,Office Supplies,Binders,"GBC Laser Imprintable Binding System Covers, Desert Sand",34.248
6174,US-2015-106299,02/08/2015,08/08/2015,Standard Class,NZ-18565,Nick Zandusky,Home Office,United States,Springfield,Missouri,65807.0,Central,TEC-AC-10003237,Technology,Accessories,Memorex Micro Travel Drive 4 GB,21.2
6176,CA-2016-158421,21/09/2016,26/09/2016,Standard Class,GB-14575,Giulietta Baptist,Consumer,United States,Columbia,South Carolina,29203.0,South,FUR-CH-10000309,Furniture,Chairs,Global Comet Stacking Arm Chair,1690.04
6179,CA-2016-158421,21/09/2016,26/09/2016,Standard Class,GB-14575,Giulietta Baptist,Consumer,United States,Columbia,South Carolina,29203.0,South,OFF-PA-10001801,Office Supplies,Paper,Xerox 193,23.92
6180,CA-2016-158421,21/09/2016,26/09/2016,Standard Class,GB-14575,Giulietta Baptist,Consumer,United States,Columbia,South Carolina,29203.0,South,OFF-ST-10000563,Office Supplies,Storage,Fellowes Bankers Box Stor/Drawer Steel Plus,63.96
6181,CA-2016-158421,21/09/2016,26/09/2016,Standard Class,GB-14575,Giulietta Baptist,Consumer,United States,Columbia,South Carolina,29203.0,South,TEC-PH-10000369,Technology,Phones,HTC One Mini,629.95
6183,CA-2016-158421,21/09/2016,26/09/2016,Standard Class,GB-14575,Giulietta Baptist,Consumer,United States,Columbia,South Carolina,29203.0,South,OFF-BI-10000050,Office Supplies,Binders,"Angle-D Binders with Locking Rings, Label Holders",14.6
6188,CA-2016-138954,15/11/2016,17/11/2016,First Class,MH-17785,Maya Herman,Corporate,United States,New York City,New York,10035.0,East,OFF-BI-10003963,Office Supplies,Binders,Cardinal Holdit Data Disk Pockets,34.944
6189,CA-2016-138954,15/11/2016,17/11/2016,First Class,MH-17785,Maya Herman,Corporate,United States,New York City,New York,10035.0,East,OFF-AR-10001955,Office Supplies,Art,Newell 319,119.04
6190,CA-2018-157903,04/04/2018,08/04/2018,Standard Class,AM-10705,Anne McFarland,Consumer,United States,Des Plaines,Illinois,60016.0,Central,TEC-PH-10004345,Technology,Phones,Cisco SPA 502G IP Phone,383.84
6193,CA-2018-104927,22/12/2018,26/12/2018,Standard Class,AG-10330,Alex Grayson,Consumer,United States,Houston,Texas,77095.0,Central,OFF-PA-10000019,Office Supplies,Paper,Xerox 1931,25.92
6195,CA-2018-104927,22/12/2018,26/12/2018,Standard Class,AG-10330,Alex Grayson,Consumer,United States,Houston,Texas,77095.0,Central,OFF-PA-10000176,Office Supplies,Paper,Xerox 1887,75.88
6196,CA-2018-113453,21/10/2018,28/10/2018,Standard Class,CM-12160,Charles McCrossin,Consumer,United States,Philadelphia,Pennsylvania,19143.0,East,TEC-PH-10004165,Technology,Phones,Mitel MiVoice 5330e IP Phone,329.988
6197,CA-2018-113453,21/10/2018,28/10/2018,Standard Class,CM-12160,Charles McCrossin,Consumer,United States,Philadelphia,Pennsylvania,19143.0,East,OFF-ST-10000352,Office Supplies,Storage,Acco Perma 2700 Stacking Storage Drawers,71.376
6199,CA-2016-149909,13/11/2016,17/11/2016,Standard Class,RA-19915,Russell Applegate,Consumer,United States,Columbus,Indiana,47201.0,Central,TEC-PH-10001536,Technology,Phones,Spigen Samsung Galaxy S5 Case Wallet,50.97
6200,CA-2016-149909,13/11/2016,17/11/2016,Standard Class,RA-19915,Russell Applegate,Consumer,United States,Columbus,Indiana,47201.0,Central,OFF-PA-10001790,Office Supplies,Paper,Xerox 1910,96.08
6201,CA-2016-146675,16/04/2016,20/04/2016,Standard Class,SB-20185,Sarah Brown,Consumer,United States,Evanston,Illinois,60201.0,Central,TEC-CO-10001766,Technology,Copiers,Canon PC940 Copier,1439.968
6202,CA-2016-146675,16/04/2016,20/04/2016,Standard Class,SB-20185,Sarah Brown,Consumer,United States,Evanston,Illinois,60201.0,Central,TEC-AC-10004396,Technology,Accessories,Logitech Keyboard K120,43.56
6204,CA-2017-133669,21/10/2017,27/10/2017,Standard Class,SV-20935,Susan Vittorini,Consumer,United States,Columbus,Ohio,43229.0,East,TEC-PH-10001305,Technology,Phones,Panasonic KX TS208W Corded phone,235.152
6206,CA-2017-133697,20/10/2017,24/10/2017,Second Class,CM-12445,Chuck Magee,Consumer,United States,Houston,Texas,77095.0,Central,OFF-PA-10000726,Office Supplies,Paper,"Black Print Carbonless Snap-Off Rapid Letter, 8 1/2"" x 7""",51.016
6211,CA-2018-119809,18/08/2018,25/08/2018,Standard Class,YS-21880,Yana Sorensen,Corporate,United States,Seattle,Washington,98103.0,West,OFF-ST-10003306,Office Supplies,Storage,Letter Size Cart,1000.02
6212,CA-2018-119809,18/08/2018,25/08/2018,Standard Class,YS-21880,Yana Sorensen,Corporate,United States,Seattle,Washington,98103.0,West,FUR-FU-10001475,Furniture,Furnishings,"Contract Clock, 14"", Brown",65.94
6214,CA-2018-149944,12/11/2018,16/11/2018,Second Class,MB-17305,Maria Bertelson,Consumer,United States,Longview,Washington,98632.0,West,OFF-AP-10004708,Office Supplies,Appliances,Fellowes Superior 10 Outlet Split Surge Protector,76.12
6216,CA-2016-161711,28/11/2016,03/12/2016,Standard Class,MC-17425,Mark Cousins,Corporate,United States,New York City,New York,10035.0,East,FUR-FU-10000087,Furniture,Furnishings,"Executive Impressions 14"" Two-Color Numerals Wall Clock",68.16
6218,US-2016-129553,27/07/2016,02/08/2016,Standard Class,PG-18820,Patrick Gardner,Consumer,United States,Louisville,Kentucky,40214.0,South,TEC-PH-10004897,Technology,Phones,Mediabridge Sport Armband iPhone 5s,29.97
6226,CA-2016-133445,05/10/2016,09/10/2016,Standard Class,JF-15490,Jeremy Farry,Consumer,United States,Portland,Oregon,97206.0,West,FUR-BO-10003660,Furniture,Bookcases,"Bush Cubix Collection Bookcases, Fully Assembled",66.294
6227,CA-2016-133445,05/10/2016,09/10/2016,Standard Class,JF-15490,Jeremy Farry,Consumer,United States,Portland,Oregon,97206.0,West,FUR-CH-10000422,Furniture,Chairs,Global Highback Leather Tilter in Burgundy,291.168
6228,CA-2015-148782,02/11/2015,07/11/2015,Standard Class,PO-18850,Patrick O'Brill,Consumer,United States,Irving,Texas,75061.0,Central,TEC-PH-10002923,Technology,Phones,"Logitech B530 USB Headset - headset - Full size, Binaural",88.776
6232,US-2018-142188,11/09/2018,11/09/2018,Same Day,JF-15415,Jennifer Ferguson,Consumer,United States,Seattle,Washington,98105.0,West,FUR-CH-10003199,Furniture,Chairs,Office Star - Contemporary Task Swivel Chair,177.568
6235,US-2018-142188,11/09/2018,11/09/2018,Same Day,JF-15415,Jennifer Ferguson,Consumer,United States,Seattle,Washington,98105.0,West,OFF-BI-10004600,Office Supplies,Binders,Ibico Ibimaster 300 Manual Binding System,1471.96
6238,US-2017-155180,22/01/2017,29/01/2017,Standard Class,TB-21280,Toby Braunhardt,Consumer,United States,New York City,New York,10009.0,East,OFF-BI-10004506,Office Supplies,Binders,Wilson Jones data.warehouse D-Ring Binders with DublLock,26.336
6240,CA-2016-134075,12/12/2016,16/12/2016,Standard Class,HA-14905,Helen Abelman,Consumer,United States,San Jose,California,95123.0,West,OFF-ST-10001496,Office Supplies,Storage,Standard Rollaway File with Lock,360.38
6241,US-2017-131912,29/10/2017,01/11/2017,Second Class,LH-17155,Logan Haushalter,Consumer,United States,Los Angeles,California,90008.0,West,OFF-BI-10004236,Office Supplies,Binders,"XtraLife ClearVue Slant-D Ring Binder, White, 3""",11.744
6245,CA-2016-112305,20/11/2016,25/11/2016,Standard Class,KB-16405,Katrina Bavinger,Home Office,United States,Seattle,Washington,98105.0,West,OFF-AR-10002067,Office Supplies,Art,Newell 334,119.04
6248,CA-2018-121580,29/05/2018,04/06/2018,Standard Class,ML-17410,Maris LaWare,Consumer,United States,Columbus,Indiana,47201.0,Central,OFF-BI-10000632,Office Supplies,Binders,Satellite Sectional Post Binders,43.41
6250,CA-2018-121580,29/05/2018,04/06/2018,Standard Class,ML-17410,Maris LaWare,Consumer,United States,Columbus,Indiana,47201.0,Central,OFF-AP-10001564,Office Supplies,Appliances,Hoover Commercial Lightweight Upright Vacuum with E-Z Empty Dirt Cup,465.16
6253,CA-2015-165806,07/04/2015,07/04/2015,Same Day,VM-21685,Valerie Mitchum,Home Office,United States,Marietta,Georgia,30062.0,South,OFF-PA-10003441,Office Supplies,Paper,Xerox 226,58.32
6254,CA-2015-165806,07/04/2015,07/04/2015,Same Day,VM-21685,Valerie Mitchum,Home Office,United States,Marietta,Georgia,30062.0,South,TEC-PH-10004922,Technology,Phones,RCA Visys Integrated PBX 8-Line Router,200.97
6259,CA-2016-133536,28/03/2016,30/03/2016,Second Class,JH-15820,John Huston,Consumer,United States,New York City,New York,10009.0,East,OFF-EN-10004459,Office Supplies,Envelopes,Security-Tint Envelopes,22.92
6260,CA-2016-150441,13/08/2016,17/08/2016,Second Class,RA-19285,Ralph Arnett,Consumer,United States,Richmond,Indiana,47374.0,Central,OFF-BI-10003529,Office Supplies,Binders,Avery Round Ring Poly Binders,11.36
6264,CA-2018-160724,05/05/2018,10/05/2018,Standard Class,YS-21880,Yana Sorensen,Corporate,United States,Columbus,Georgia,31907.0,South,OFF-BI-10004965,Office Supplies,Binders,Ibico Covers for Plastic or Wire Binding Elements,34.5
6265,US-2017-115952,06/10/2017,06/10/2017,Same Day,JH-15910,Jonathan Howell,Consumer,United States,Tulsa,Oklahoma,74133.0,Central,OFF-BI-10004654,Office Supplies,Binders,Avery Binding System Hidden Tab Executive Style Index Sets,28.85
6267,CA-2015-146731,03/11/2015,08/11/2015,Standard Class,AT-10735,Annie Thurman,Consumer,United States,Nashville,Tennessee,37211.0,South,OFF-PA-10001019,Office Supplies,Paper,Xerox 1884,143.856
6271,CA-2018-102379,02/12/2018,06/12/2018,Standard Class,BB-11545,Brenda Bowman,Corporate,United States,Oakland,California,94601.0,West,FUR-CH-10004983,Furniture,Chairs,Office Star - Mid Back Dual function Ergonomic High Back Chair with 2-Way Adjustable Arms,1159.056
6272,CA-2018-102379,02/12/2018,06/12/2018,Standard Class,BB-11545,Brenda Bowman,Corporate,United States,Oakland,California,94601.0,West,OFF-AR-10004022,Office Supplies,Art,Panasonic KP-380BK Classic Electric Pencil Sharpener,179.9
6274,US-2017-139087,17/07/2017,22/07/2017,Second Class,DK-13375,Dennis Kane,Consumer,United States,Seattle,Washington,98105.0,West,FUR-FU-10001847,Furniture,Furnishings,Eldon Image Series Black Desk Accessories,12.42
6298,CA-2015-141313,28/12/2015,01/01/2016,Standard Class,AJ-10780,Anthony Jacobs,Corporate,United States,Beverly,Massachusetts,1915.0,East,OFF-PA-10003302,Office Supplies,Paper,Xerox 1906,141.76
6310,CA-2017-163328,04/11/2017,06/11/2017,Second Class,TP-21565,Tracy Poddar,Corporate,United States,Eugene,Oregon,97405.0,West,OFF-LA-10003930,Office Supplies,Labels,"Dot Matrix Printer Tape Reel Labels, White, 5000/Box",629.184
6313,CA-2018-120019,16/02/2018,21/02/2018,Standard Class,NG-18355,Nat Gilpin,Corporate,United States,Fairfield,Connecticut,6824.0,East,OFF-ST-10001932,Office Supplies,Storage,Fellowes Staxonsteel Drawer Files,579.51
6315,CA-2015-100762,24/11/2015,29/11/2015,Standard Class,NG-18355,Nat Gilpin,Corporate,United States,Jackson,Michigan,49201.0,Central,OFF-AR-10000380,Office Supplies,Art,"Hunt PowerHouse Electric Pencil Sharpener, Blue",151.92
6320,CA-2018-161459,25/11/2018,29/11/2018,Second Class,EB-13750,Edward Becker,Corporate,United States,Laguna Niguel,California,92677.0,West,OFF-PA-10002377,Office Supplies,Paper,"Adams Telephone Message Book W/Dividers/Space For Phone Numbers, 5 1/4""X8 1/2"", 200/Messages",34.08
6323,CA-2015-141299,03/06/2015,07/06/2015,Second Class,RB-19795,Ross Baird,Home Office,United States,Midland,Michigan,48640.0,Central,OFF-EN-10004459,Office Supplies,Envelopes,Security-Tint Envelopes,15.28
6327,CA-2015-167927,20/01/2015,26/01/2015,Standard Class,XP-21865,Xylona Preis,Consumer,United States,Westland,Michigan,48185.0,Central,OFF-ST-10000760,Office Supplies,Storage,Eldon Fold 'N Roll Cart System,13.98
6331,CA-2015-167927,20/01/2015,26/01/2015,Standard Class,XP-21865,Xylona Preis,Consumer,United States,Westland,Michigan,48185.0,Central,OFF-ST-10003123,Office Supplies,Storage,Fellowes Bases and Tops For Staxonsteel/High-Stak Systems,66.58
6333,CA-2015-167927,20/01/2015,26/01/2015,Standard Class,XP-21865,Xylona Preis,Consumer,United States,Westland,Michigan,48185.0,Central,FUR-FU-10002268,Furniture,Furnishings,Ultra Door Push Plate,14.73
6335,CA-2015-133305,11/07/2015,15/07/2015,Standard Class,MH-17455,Mark Hamilton,Consumer,United States,New York City,New York,10011.0,East,OFF-PA-10001970,Office Supplies,Paper,Xerox 1881,49.12
6337,CA-2017-165995,30/08/2017,06/09/2017,Standard Class,BG-11740,Bruce Geld,Consumer,United States,Los Angeles,California,90008.0,West,FUR-FU-10000672,Furniture,Furnishings,"Executive Impressions 10"" Spectator Wall Clock",47.04
6338,CA-2017-165995,30/08/2017,06/09/2017,Standard Class,BG-11740,Bruce Geld,Consumer,United States,Los Angeles,California,90008.0,West,TEC-PH-10004908,Technology,Phones,Panasonic KX TS3282W Corded phone,339.96
6341,CA-2018-143112,05/10/2018,09/10/2018,Standard Class,TS-21370,Todd Sumrall,Corporate,United States,New York City,New York,10035.0,East,TEC-MA-10001047,Technology,Machines,"3D Systems Cube Printer, 2nd Generation, Magenta",5199.96
6351,CA-2018-161557,03/09/2018,08/09/2018,Standard Class,AG-10900,Arthur Gainer,Consumer,United States,Dallas,Texas,75217.0,Central,FUR-FU-10004622,Furniture,Furnishings,Eldon Advantage Foldable Chair Mats for Low Pile Carpets,108.4
6353,US-2016-161347,13/09/2016,19/09/2016,Standard Class,HG-14845,Harry Greene,Consumer,United States,Philadelphia,Pennsylvania,19120.0,East,OFF-BI-10004209,Office Supplies,Binders,"Fellowes Twister Kit, Gray/Clear, 3/pkg",2.412
6356,CA-2015-110611,06/10/2015,13/10/2015,Standard Class,JD-16015,Joy Daniels,Consumer,United States,Philadelphia,Pennsylvania,19120.0,East,OFF-ST-10000642,Office Supplies,Storage,"Tennsco Lockers, Gray",83.92
6359,CA-2018-139080,23/01/2018,28/01/2018,Standard Class,CS-12250,Chris Selesnick,Corporate,United States,Seattle,Washington,98103.0,West,OFF-PA-10002262,Office Supplies,Paper,Xerox 192,6.48
6361,CA-2016-115693,10/12/2016,15/12/2016,Standard Class,FC-14245,Frank Carlisle,Home Office,United States,Los Angeles,California,90032.0,West,OFF-AR-10003582,Office Supplies,Art,"Boston Electric Pencil Sharpener, Model 1818, Charcoal Black",56.3
6364,CA-2018-110443,21/11/2018,25/11/2018,Standard Class,CK-12205,Chloris Kastensmidt,Consumer,United States,Renton,Washington,98059.0,West,TEC-MA-10002073,Technology,Machines,"3D Systems Cube Printer, 2nd Generation, White",1039.992
6365,CA-2018-110443,21/11/2018,25/11/2018,Standard Class,CK-12205,Chloris Kastensmidt,Consumer,United States,Renton,Washington,98059.0,West,OFF-PA-10003797,Office Supplies,Paper,Xerox 209,51.84
6366,CA-2018-144848,04/04/2018,05/04/2018,First Class,DS-13030,Darrin Sayre,Home Office,United States,New York City,New York,10009.0,East,TEC-PH-10004006,Technology,Phones,Panasonic KX - TS880B Telephone,41.22
6370,CA-2017-103919,03/10/2017,07/10/2017,Standard Class,TP-21565,Tracy Poddar,Corporate,United States,Grand Prairie,Texas,75051.0,Central,FUR-FU-10001756,Furniture,Furnishings,"Eldon Expressions Desk Accessory, Wood Photo Frame, Mahogany",38.08
6373,CA-2018-143035,03/10/2018,05/10/2018,Second Class,CC-12430,Chuck Clark,Home Office,United States,New York City,New York,10009.0,East,OFF-AR-10001130,Office Supplies,Art,"Quartet Alpha White Chalk, 12/Pack",6.63
6379,CA-2018-150623,10/04/2018,14/04/2018,Standard Class,DB-13360,Dennis Bolton,Home Office,United States,Waterbury,Connecticut,6708.0,East,TEC-AC-10004571,Technology,Accessories,Logitech G700s Rechargeable Gaming Mouse,99.99
6383,CA-2017-127236,29/03/2017,02/04/2017,Standard Class,TB-21595,Troy Blackwell,Consumer,United States,Springfield,Ohio,45503.0,East,TEC-PH-10000141,Technology,Phones,Clearsounds A400,158.376
6385,US-2018-104661,15/01/2018,18/01/2018,First Class,TB-21250,Tim Brockman,Consumer,United States,Austin,Texas,78745.0,Central,TEC-AC-10003628,Technology,Accessories,Logitech 910-002974 M325 Wireless Mouse for Web Scrolling,47.984
6390,CA-2016-147529,07/02/2016,11/02/2016,Standard Class,DK-12835,Damala Kotsonis,Corporate,United States,Springfield,Virginia,22153.0,South,OFF-EN-10000056,Office Supplies,Envelopes,Cameo Buff Policy Envelopes,311.15
6391,CA-2016-147529,07/02/2016,11/02/2016,Standard Class,DK-12835,Damala Kotsonis,Corporate,United States,Springfield,Virginia,22153.0,South,OFF-PA-10003349,Office Supplies,Paper,Xerox 1957,12.96
6394,CA-2017-129126,14/12/2017,19/12/2017,Standard Class,PK-19075,Pete Kriz,Consumer,United States,New York City,New York,10011.0,East,OFF-FA-10000621,Office Supplies,Fasteners,"OIC Colored Binder Clips, Assorted Sizes",21.48
6396,CA-2017-129126,14/12/2017,19/12/2017,Standard Class,PK-19075,Pete Kriz,Consumer,United States,New York City,New York,10011.0,East,OFF-ST-10004507,Office Supplies,Storage,Advantus Rolling Storage Box,17.15
6399,CA-2018-151981,06/08/2018,12/08/2018,Standard Class,GM-14455,Gary Mitchum,Home Office,United States,Concord,New Hampshire,3301.0,East,TEC-PH-10003601,Technology,Phones,"Ativa D5772 2-Line 5.8GHz Digital Expandable Corded/Cordless Phone System with Answering & Caller ID/Call Waiting, Black/Silver",824.95
6401,CA-2018-151981,06/08/2018,12/08/2018,Standard Class,GM-14455,Gary Mitchum,Home Office,United States,Concord,New Hampshire,3301.0,East,OFF-AR-10000380,Office Supplies,Art,"Hunt PowerHouse Electric Pencil Sharpener, Blue",227.88
6408,CA-2018-161774,14/05/2018,15/05/2018,First Class,GT-14710,Greg Tran,Consumer,United States,Houston,Texas,77041.0,Central,FUR-CH-10003981,Furniture,Chairs,Global Commerce Series Low-Back Swivel/Tilt Chairs,899.43
6409,CA-2018-161774,14/05/2018,15/05/2018,First Class,GT-14710,Greg Tran,Consumer,United States,Houston,Texas,77041.0,Central,OFF-AR-10001446,Office Supplies,Art,Newell 309,46.2
6420,CA-2017-140130,31/10/2017,05/11/2017,Standard Class,HW-14935,Helen Wasserman,Corporate,United States,Tulsa,Oklahoma,74133.0,Central,FUR-CH-10002084,Furniture,Chairs,Hon Mobius Operator's Chair,368.97
6424,CA-2016-149650,24/10/2016,27/10/2016,First Class,RD-19660,Robert Dilbeck,Home Office,United States,Oakland,California,94601.0,West,FUR-CH-10003956,Furniture,Chairs,Novimex High-Tech Fabric Mesh Task Chair,454.272
6426,CA-2017-143714,23/05/2017,27/05/2017,Standard Class,CC-12370,Christopher Conant,Consumer,United States,Philadelphia,Pennsylvania,19120.0,East,TEC-CO-10004722,Technology,Copiers,Canon imageCLASS 2200 Advanced Copier,8399.976
6429,CA-2017-143714,23/05/2017,27/05/2017,Standard Class,CC-12370,Christopher Conant,Consumer,United States,Philadelphia,Pennsylvania,19120.0,East,TEC-PH-10004080,Technology,Phones,Avaya 5410 Digital phone,122.382
6430,CA-2015-165764,03/11/2015,07/11/2015,Standard Class,SH-20395,Shahid Hopkins,Consumer,United States,Jacksonville,North Carolina,28540.0,South,OFF-ST-10001558,Office Supplies,Storage,Acco Perma 4000 Stacking Storage Drawers,25.984
6436,US-2018-116897,27/05/2018,29/05/2018,First Class,JG-15160,James Galang,Consumer,United States,Pocatello,Idaho,83201.0,West,FUR-FU-10004963,Furniture,Furnishings,"Eldon 400 Class Desk Accessories, Black Carbon",35.0
6445,CA-2017-101161,13/10/2017,20/10/2017,Standard Class,BW-11110,Bart Watters,Corporate,United States,New York City,New York,10024.0,East,FUR-FU-10003535,Furniture,Furnishings,Howard Miller Distant Time Traveler Alarm Clock,82.26
6453,US-2016-110261,19/12/2016,23/12/2016,Second Class,PR-18880,Patrick Ryan,Consumer,United States,Glenview,Illinois,60025.0,Central,TEC-PH-10001750,Technology,Phones,Samsung Rugby III,158.376
6456,CA-2018-161102,31/07/2018,03/08/2018,First Class,EC-14050,Erin Creighton,Consumer,United States,San Francisco,California,94110.0,West,FUR-FU-10003142,Furniture,Furnishings,"Master Big Foot Doorstop, Beige",36.96
6459,US-2018-133361,14/05/2018,17/05/2018,First Class,AJ-10780,Anthony Jacobs,Corporate,United States,Baltimore,Maryland,21215.0,East,OFF-AR-10001919,Office Supplies,Art,"OIC #2 Pencils, Medium Soft",3.76
6460,US-2018-133361,14/05/2018,17/05/2018,First Class,AJ-10780,Anthony Jacobs,Corporate,United States,Baltimore,Maryland,21215.0,East,OFF-AR-10003045,Office Supplies,Art,Prang Colored Pencils,14.7
6462,US-2018-133361,14/05/2018,17/05/2018,First Class,AJ-10780,Anthony Jacobs,Corporate,United States,Baltimore,Maryland,21215.0,East,TEC-AC-10003280,Technology,Accessories,Belkin F8E887 USB Wired Ergonomic Keyboard,89.97
6465,US-2017-155404,22/09/2017,28/09/2017,Standard Class,AS-10630,Ann Steele,Home Office,United States,Louisville,Kentucky,40214.0,South,FUR-FU-10004586,Furniture,Furnishings,G.E. Longer-Life Indoor Recessed Floodlight Bulbs,13.28
6474,CA-2017-113292,18/03/2017,20/03/2017,Second Class,DB-13060,Dave Brooks,Consumer,United States,Columbia,Tennessee,38401.0,South,OFF-AP-10003590,Office Supplies,Appliances,Hoover WindTunnel Plus Canister Vacuum,871.8
6476,CA-2018-140872,03/06/2018,10/06/2018,Standard Class,NR-18550,Nick Radford,Consumer,United States,Pembroke Pines,Florida,33024.0,South,OFF-BI-10002432,Office Supplies,Binders,Wilson Jones Standard D-Ring Binders,4.554
6477,CA-2018-140872,03/06/2018,10/06/2018,Standard Class,NR-18550,Nick Radford,Consumer,United States,Pembroke Pines,Florida,33024.0,South,OFF-AP-10003622,Office Supplies,Appliances,"Bravo II Megaboss 12-Amp Hard Body Upright, Replacement Belts, 2 Belts per Pack",5.2
6484,CA-2018-113908,03/06/2018,09/06/2018,Standard Class,KN-16390,Katherine Nockton,Corporate,United States,New York City,New York,10011.0,East,FUR-TA-10001932,Furniture,Tables,"Chromcraft 48"" x 96"" Racetrack Double Pedestal Table",384.768
6487,CA-2016-120621,21/03/2016,26/03/2016,Standard Class,JW-16075,Julia West,Consumer,United States,Jacksonville,North Carolina,28540.0,South,OFF-AP-10002945,Office Supplies,Appliances,Honeywell Enviracaire Portable HEPA Air Cleaner for 17' x 22' Room,962.08
6492,CA-2017-113845,20/11/2017,25/11/2017,Standard Class,FA-14230,Frank Atkinson,Corporate,United States,Orlando,Florida,32839.0,South,FUR-BO-10004695,Furniture,Bookcases,O'Sullivan 2-Door Barrister Bookcase in Odessa Pine,289.568
6493,CA-2017-113845,20/11/2017,25/11/2017,Standard Class,FA-14230,Frank Atkinson,Corporate,United States,Orlando,Florida,32839.0,South,OFF-ST-10003327,Office Supplies,Storage,Akro-Mils 12-Gallon Tote,39.72
6497,CA-2018-111262,28/10/2018,01/11/2018,Second Class,KH-16510,Keith Herrera,Consumer,United States,Houston,Texas,77095.0,Central,TEC-AC-10004510,Technology,Accessories,Logitech Desktop MK120 Mouse and keyboard Combo,26.176
6502,CA-2015-129147,02/11/2015,06/11/2015,Standard Class,LC-17050,Liz Carlisle,Consumer,United States,Medina,Ohio,44256.0,East,TEC-PH-10001299,Technology,Phones,Polycom CX300 Desktop Phone USB VoIP phone,539.964
6503,CA-2015-129147,02/11/2015,06/11/2015,Standard Class,LC-17050,Liz Carlisle,Consumer,United States,Medina,Ohio,44256.0,East,TEC-PH-10001552,Technology,Phones,I Need's 3d Hello Kitty Hybrid Silicone Case Cover for HTC One X 4g with 3d Hello Kitty Stylus Pen Green/pink,50.232
6504,CA-2015-129147,02/11/2015,06/11/2015,Standard Class,LC-17050,Liz Carlisle,Consumer,United States,Medina,Ohio,44256.0,East,OFF-BI-10001098,Office Supplies,Binders,Acco D-Ring Binder w/DublLock,19.242
6506,CA-2017-152331,26/06/2017,30/06/2017,Standard Class,LD-16855,Lela Donovan,Corporate,United States,Chicago,Illinois,60653.0,Central,OFF-AR-10001547,Office Supplies,Art,Newell 311,5.304
6509,CA-2018-102197,20/12/2018,26/12/2018,Standard Class,DK-13150,David Kendrick,Corporate,United States,New York City,New York,10009.0,East,OFF-PA-10001970,Office Supplies,Paper,Xerox 1908,279.9
6516,US-2018-116652,15/09/2018,19/09/2018,Standard Class,RD-19480,Rick Duston,Consumer,United States,San Francisco,California,94122.0,West,FUR-CH-10002961,Furniture,Chairs,"Leather Task Chair, Black",218.352
6519,US-2018-116652,15/09/2018,19/09/2018,Standard Class,RD-19480,Rick Duston,Consumer,United States,San Francisco,California,94122.0,West,OFF-AP-10001205,Office Supplies,Appliances,Belkin 5 Outlet SurgeMaster Power Centers,108.96
6522,CA-2018-138289,16/01/2018,18/01/2018,Second Class,AR-10540,Andy Reiter,Consumer,United States,Jackson,Michigan,49201.0,Central,FUR-CH-10004626,Furniture,Chairs,Office Star Flex Back Scooter Chair with Aluminum Finish Frame,302.67
6523,CA-2018-138289,16/01/2018,18/01/2018,Second Class,AR-10540,Andy Reiter,Consumer,United States,Jackson,Michigan,49201.0,Central,OFF-PA-10001260,Office Supplies,Paper,"TOPS Money Receipt Book, Consecutively Numbered in Red,",56.07
6534,US-2018-107384,04/12/2018,08/12/2018,Standard Class,TP-21130,Theone Pippenger,Consumer,United States,Rochester,Minnesota,55901.0,Central,TEC-AC-10001539,Technology,Accessories,Logitech G430 Surround Sound Gaming Headset with Dolby 7.1 Technology,399.95
6536,CA-2015-128209,17/11/2015,22/11/2015,Standard Class,GT-14710,Greg Tran,Consumer,United States,Buffalo,New York,14215.0,East,FUR-BO-10002213,Furniture,Bookcases,DMI Eclipse Executive Suite Bookcases,4007.84
6538,CA-2015-169684,20/10/2015,23/10/2015,First Class,FH-14365,Fred Hopkins,Corporate,United States,Knoxville,Tennessee,37918.0,South,OFF-ST-10000934,Office Supplies,Storage,"Contico 72""H Heavy-Duty Storage System",98.352
6544,US-2018-107888,16/11/2018,19/11/2018,First Class,CC-12220,Chris Cortes,Consumer,United States,Seattle,Washington,98103.0,West,OFF-ST-10003123,Office Supplies,Storage,Fellowes Bases and Tops For Staxonsteel/High-Stak Systems,33.29
6548,CA-2015-113880,01/03/2015,05/03/2015,Standard Class,VF-21715,Vicky Freymann,Home Office,United States,Elmhurst,Illinois,60126.0,Central,FUR-CH-10000863,Furniture,Chairs,Novimex Swivel Fabric Task Chair,634.116
6551,CA-2016-126739,01/11/2016,03/11/2016,Second Class,JH-16180,Justin Hirsh,Consumer,United States,New York City,New York,10035.0,East,FUR-CH-10000422,Furniture,Chairs,Global Highback Leather Tilter in Burgundy,327.564
6556,CA-2015-137092,20/10/2015,22/10/2015,Second Class,LS-16975,Lindsay Shagiari,Home Office,United States,Chicago,Illinois,60653.0,Central,OFF-PA-10002109,Office Supplies,Paper,Wirebound Voice Message Log Book,3.808
6557,CA-2015-137092,20/10/2015,22/10/2015,Second Class,LS-16975,Lindsay Shagiari,Home Office,United States,Chicago,Illinois,60653.0,Central,OFF-BI-10000632,Office Supplies,Binders,Satellite Sectional Post Binders,8.682
6562,CA-2018-144680,31/03/2018,02/04/2018,First Class,SC-20260,Scott Cohen,Corporate,United States,Arlington,Texas,76017.0,Central,OFF-AP-10003040,Office Supplies,Appliances,Fellowes 8 Outlet Superior Workstation Surge Protector w/o Phone/Fax/Modem Protection,33.62
6563,CA-2015-166086,07/05/2015,12/05/2015,Standard Class,CT-11995,Carol Triggs,Consumer,United States,Lawrence,Massachusetts,1841.0,East,OFF-BI-10001078,Office Supplies,Binders,"Acco PRESSTEX Data Binder with Storage Hooks, Dark Blue, 14 7/8"" X 11""",16.14
6568,CA-2018-131282,05/02/2018,08/02/2018,Second Class,CB-12025,Cassandra Brandow,Consumer,United States,Waco,Texas,76706.0,Central,OFF-AR-10003087,Office Supplies,Art,Staples in misc. colors,7.12
6569,CA-2015-100678,18/04/2015,22/04/2015,Standard Class,KM-16720,Kunst Miller,Consumer,United States,Houston,Texas,77095.0,Central,OFF-AR-10001868,Office Supplies,Art,Prang Dustless Chalk Sticks,2.688
6572,CA-2015-100678,18/04/2015,22/04/2015,Standard Class,KM-16720,Kunst Miller,Consumer,United States,Houston,Texas,77095.0,Central,TEC-AC-10000474,Technology,Accessories,Kensington Expert Mouse Optical USB Trackball for PC or Mac,227.976
6573,CA-2017-161543,10/05/2017,16/05/2017,Standard Class,RD-19720,Roger Demir,Consumer,United States,Seattle,Washington,98105.0,West,OFF-PA-10003971,Office Supplies,Paper,Xerox 1965,11.96
6579,CA-2015-103660,25/08/2015,30/08/2015,Standard Class,MW-18220,Mitch Webber,Consumer,United States,Seattle,Washington,98103.0,West,TEC-PH-10000895,Technology,Phones,Polycom VVX 310 VoIP phone,1007.944
6592,CA-2016-103716,30/04/2016,06/05/2016,Standard Class,KB-16585,Ken Black,Corporate,United States,San Francisco,California,94110.0,West,OFF-AR-10000658,Office Supplies,Art,Newell 324,34.65
6594,CA-2017-126795,13/06/2017,16/06/2017,Second Class,GT-14710,Greg Tran,Consumer,United States,New York City,New York,10024.0,East,OFF-BI-10001989,Office Supplies,Binders,Premium Transparent Presentation Covers by GBC,33.568
6600,CA-2015-154095,02/12/2015,07/12/2015,Standard Class,ON-18715,Odella Nelson,Corporate,United States,Clinton,Maryland,20735.0,East,FUR-FU-10003849,Furniture,Furnishings,"DAX Metal Frame, Desktop, Stepped-Edge",60.72
6602,CA-2015-154095,02/12/2015,07/12/2015,Standard Class,ON-18715,Odella Nelson,Corporate,United States,Clinton,Maryland,20735.0,East,FUR-CH-10004754,Furniture,Chairs,"Global Stack Chair with Arms, Black",239.84
6604,CA-2018-146346,17/06/2018,20/06/2018,First Class,RA-19945,Ryan Akin,Consumer,United States,Commerce City,Colorado,80022.0,West,OFF-ST-10001418,Office Supplies,Storage,Carina Media Storage Towers in Natural & Black,146.352
6605,CA-2017-148852,26/05/2017,31/05/2017,Standard Class,SV-20785,Stewart Visinsky,Consumer,United States,Santa Ana,California,92704.0,West,OFF-FA-10003467,Office Supplies,Fasteners,"Alliance Big Bands Rubber Bands, 12/Pack",5.94
6606,CA-2017-148852,26/05/2017,31/05/2017,Standard Class,SV-20785,Stewart Visinsky,Consumer,United States,Santa Ana,California,92704.0,West,OFF-PA-10001293,Office Supplies,Paper,Xerox 1946,45.36
6612,CA-2016-107678,21/04/2016,28/04/2016,Standard Class,JK-16090,Juliana Krohn,Consumer,United States,Louisville,Kentucky,40214.0,South,FUR-CH-10001891,Furniture,Chairs,Global Deluxe Office Fabric Chairs,191.96
6616,CA-2017-123512,17/06/2017,19/06/2017,First Class,MV-18190,Mike Vittorini,Consumer,United States,Los Angeles,California,90045.0,West,FUR-BO-10004218,Furniture,Bookcases,"Bush Heritage Pine Collection 5-Shelf Bookcase, Albany Pine Finish, *Special Order",239.666
6622,US-2018-167402,13/01/2018,18/01/2018,Second Class,CP-12085,Cathy Prescott,Corporate,United States,Springfield,Missouri,65807.0,Central,FUR-BO-10001608,Furniture,Bookcases,"Hon Metal Bookcases, Black",212.94
6624,CA-2015-130449,06/09/2015,09/09/2015,First Class,VP-21760,Victoria Pisteka,Corporate,United States,San Francisco,California,94109.0,West,OFF-LA-10001934,Office Supplies,Labels,Avery 516,58.48
6625,CA-2016-141250,19/01/2016,23/01/2016,Standard Class,PM-18940,Paul MacIntyre,Consumer,United States,Texas City,Texas,77590.0,Central,FUR-TA-10002855,Furniture,Tables,Bevis Round Conference Table Top & Single Column Base,102.438
6632,CA-2017-105081,25/12/2017,30/12/2017,Standard Class,JE-15715,Joe Elijah,Consumer,United States,Seattle,Washington,98115.0,West,FUR-TA-10001307,Furniture,Tables,"SAFCO PlanMaster Heigh-Adjustable Drafting Table Base, 43w x 30d x 30-37h, Black",1747.25
6633,US-2017-146857,06/05/2017,08/05/2017,Second Class,BE-11455,Brad Eason,Home Office,United States,Springfield,Missouri,65807.0,Central,OFF-AP-10001205,Office Supplies,Appliances,Belkin 5 Outlet SurgeMaster Power Centers,54.48
6642,CA-2018-128328,05/08/2018,09/08/2018,Standard Class,PO-18865,Patrick O'Donnell,Consumer,United States,Indianapolis,Indiana,46203.0,Central,TEC-AC-10001714,Technology,Accessories,Logitech MX Performance Wireless Mouse,79.78
6647,US-2017-127334,15/12/2017,21/12/2017,Standard Class,MP-18175,Mike Pelletier,Home Office,United States,Springfield,Oregon,97477.0,West,FUR-TA-10003473,Furniture,Tables,Bretford Rectangular Conference Table Tops,564.195
6649,US-2018-124779,08/09/2018,11/09/2018,First Class,BF-11020,Barry Französisch,Corporate,United States,Arlington,Texas,76017.0,Central,OFF-BI-10002429,Office Supplies,Binders,"Premier Elliptical Ring Binder, Black",42.616
6650,US-2018-124779,08/09/2018,11/09/2018,First Class,BF-11020,Barry Französisch,Corporate,United States,Arlington,Texas,76017.0,Central,TEC-CO-10001943,Technology,Copiers,Canon PC-428 Personal Copier,319.984
6652,US-2018-124779,08/09/2018,11/09/2018,First Class,BF-11020,Barry Französisch,Corporate,United States,Arlington,Texas,76017.0,Central,FUR-FU-10001095,Furniture,Furnishings,DAX Black Cherry Wood-Tone Poster Frame,21.184
6659,CA-2018-135937,20/02/2018,27/02/2018,Standard Class,KM-16375,Katherine Murray,Home Office,United States,Gilbert,Arizona,85234.0,West,FUR-FU-10002253,Furniture,Furnishings,"Howard Miller 13"" Diameter Pewter Finish Round Wall Clock",68.704
6662,CA-2016-129322,08/08/2016,10/08/2016,Second Class,DB-13405,Denny Blanton,Consumer,United States,Lawrence,Massachusetts,1841.0,East,OFF-AP-10004336,Office Supplies,Appliances,"Conquest 14 Commercial Heavy-Duty Upright Vacuum, Collection System, Accessory Kit",113.92
6665,CA-2018-162173,26/10/2018,01/11/2018,Standard Class,OT-18730,Olvera Toch,Consumer,United States,Virginia Beach,Virginia,23464.0,South,OFF-EN-10002831,Office Supplies,Envelopes,"Tyvek  Top-Opening Peel & Seel  Envelopes, Gray",251.58
6670,CA-2018-122175,12/05/2018,14/05/2018,Second Class,CA-12775,Cynthia Arntzen,Consumer,United States,Vineland,New Jersey,8360.0,East,TEC-AC-10004859,Technology,Accessories,"Maxell Pro 80 Minute CD-R, 10/Pack",87.4
6671,CA-2018-161088,25/05/2018,29/05/2018,Standard Class,MH-18115,Mick Hernandez,Home Office,United States,Columbus,Georgia,31907.0,South,OFF-BI-10002824,Office Supplies,Binders,Recycled Easel Ring Binders,29.84
6672,CA-2015-154837,23/08/2015,27/08/2015,Second Class,RB-19645,Robert Barroso,Corporate,United States,Los Angeles,California,90032.0,West,OFF-BI-10001575,Office Supplies,Binders,GBC Linen Binding Covers,49.568
6673,CA-2016-153794,11/09/2016,16/09/2016,Standard Class,SB-20290,Sean Braxton,Corporate,United States,San Diego,California,92024.0,West,OFF-AR-10000380,Office Supplies,Art,"Hunt PowerHouse Electric Pencil Sharpener, Blue",265.86
6679,CA-2015-150329,10/10/2015,14/10/2015,Standard Class,SD-20485,Shirley Daniels,Home Office,United States,Phoenix,Arizona,85023.0,West,FUR-FU-10003724,Furniture,Furnishings,Westinghouse Clip-On Gooseneck Lamps,46.872
6682,CA-2018-145037,02/09/2018,07/09/2018,Second Class,TB-21055,Ted Butterfield,Consumer,United States,Meriden,Connecticut,6450.0,East,OFF-PA-10002499,Office Supplies,Paper,Xerox 1890,146.82
6683,CA-2018-154466,01/01/2018,02/01/2018,First Class,DP-13390,Dennis Pardue,Home Office,United States,Franklin,Wisconsin,53132.0,Central,OFF-BI-10002012,Office Supplies,Binders,Wilson Jones Easy Flow II Sheet Lifters,3.6
6687,US-2016-129637,17/12/2016,22/12/2016,Standard Class,MC-18100,Mick Crebagga,Consumer,United States,Bloomington,Illinois,61701.0,Central,OFF-AR-10003829,Office Supplies,Art,Newell 35,13.12
6691,US-2018-165869,31/07/2018,05/08/2018,Standard Class,LS-17200,Luke Schmidt,Corporate,United States,Milwaukee,Wisconsin,53209.0,Central,OFF-BI-10003460,Office Supplies,Binders,Acco 3-Hole Punch,17.52
6692,US-2018-165869,31/07/2018,05/08/2018,Standard Class,LS-17200,Luke Schmidt,Corporate,United States,Milwaukee,Wisconsin,53209.0,Central,OFF-AP-10002472,Office Supplies,Appliances,3M Office Air Cleaner,155.88
6694,CA-2018-144225,30/09/2018,02/10/2018,Second Class,CC-12475,Cindy Chapman,Consumer,United States,Baltimore,Maryland,21215.0,East,OFF-PA-10000062,Office Supplies,Paper,Green Bar Computer Printout Paper,164.88
6696,US-2017-155103,02/12/2017,07/12/2017,Standard Class,JF-15190,Jamie Frazer,Consumer,United States,New York City,New York,10024.0,East,OFF-BI-10004318,Office Supplies,Binders,Ibico EB-19 Dual Function Manual Binding System,415.176
6699,CA-2018-145429,21/07/2018,25/07/2018,Standard Class,SW-20455,Shaun Weien,Consumer,United States,San Diego,California,92024.0,West,OFF-PA-10003205,Office Supplies,Paper,"Wirebound Message Forms, Four 2 3/4 x 5 Forms per Page, Pink Paper",16.34
6700,CA-2018-145429,21/07/2018,25/07/2018,Standard Class,SW-20455,Shaun Weien,Consumer,United States,San Diego,California,92024.0,West,FUR-CH-10000988,Furniture,Chairs,Hon Olson Stacker Stools,225.296
6709,CA-2016-123141,14/11/2016,19/11/2016,Standard Class,GZ-14470,Gary Zandusky,Consumer,United States,Rio Rancho,New Mexico,87124.0,West,FUR-CH-10004287,Furniture,Chairs,SAFCO Arco Folding Chair,883.84
6712,CA-2018-163069,18/08/2018,21/08/2018,Second Class,PJ-19015,Pauline Johnson,Consumer,United States,Columbus,Ohio,43229.0,East,OFF-AR-10001419,Office Supplies,Art,Newell 325,9.912
6715,CA-2018-107629,14/12/2018,14/12/2018,Same Day,DB-13060,Dave Brooks,Consumer,United States,Skokie,Illinois,60076.0,Central,TEC-AC-10004510,Technology,Accessories,Logitech Desktop MK120 Mouse and keyboard Combo,39.264
6716,CA-2018-107629,14/12/2018,14/12/2018,Same Day,DB-13060,Dave Brooks,Consumer,United States,Skokie,Illinois,60076.0,Central,OFF-AR-10002987,Office Supplies,Art,Prismacolor Color Pencil Set,95.232
6718,CA-2017-134789,08/04/2017,15/04/2017,Standard Class,CK-12325,Christine Kargatis,Home Office,United States,Hot Springs,Arkansas,71901.0,South,OFF-PA-10001934,Office Supplies,Paper,Xerox 1993,25.92
6720,CA-2017-130442,16/12/2017,19/12/2017,First Class,SF-20065,Sandra Flanagan,Consumer,United States,Goldsboro,North Carolina,27534.0,South,OFF-AP-10004859,Office Supplies,Appliances,Acco 6 Outlet Guardian Premium Surge Suppressor,34.944
6721,CA-2018-102974,19/09/2018,24/09/2018,Standard Class,DP-13105,Dave Poirier,Corporate,United States,Los Angeles,California,90032.0,West,TEC-AC-10000057,Technology,Accessories,Microsoft Natural Ergonomic Keyboard 4000,149.95
6724,US-2018-166394,04/09/2018,06/09/2018,Second Class,VM-21835,Vivian Mathis,Consumer,United States,Nashua,New Hampshire,3060.0,East,OFF-FA-10001843,Office Supplies,Fasteners,Staples,14.82
6729,CA-2017-165827,04/11/2017,09/11/2017,Standard Class,MF-17665,Maureen Fritzler,Corporate,United States,Miami,Florida,33180.0,South,FUR-FU-10001889,Furniture,Furnishings,Ultra Door Pull Handle,50.496
6734,CA-2015-120096,04/07/2015,07/07/2015,First Class,KE-16420,Katrina Edelman,Corporate,United States,Aurora,Colorado,80013.0,West,OFF-AP-10000692,Office Supplies,Appliances,Fellowes Mighty 8 Compact Surge Protector,32.432
6740,CA-2015-144029,26/05/2015,31/05/2015,Standard Class,MM-18055,Michelle Moray,Consumer,United States,Chicago,Illinois,60623.0,Central,OFF-ST-10001837,Office Supplies,Storage,"SAFCO Mobile Desk Side File, Wire Frame",102.624
6746,CA-2018-111269,16/06/2018,18/06/2018,Second Class,CS-12355,Christine Sundaresam,Consumer,United States,Dublin,Ohio,43017.0,East,OFF-AR-10001427,Office Supplies,Art,Newell 330,23.92
6750,CA-2018-100230,11/12/2018,15/12/2018,Standard Class,AA-10375,Allen Armold,Consumer,United States,New York City,New York,10035.0,East,TEC-PH-10004522,Technology,Phones,Dexim XPower Skin Super-Thin Power Case for iPhone 5 - Black,116.98
6754,CA-2017-154767,28/06/2017,30/06/2017,Second Class,BP-11155,Becky Pak,Consumer,United States,Paterson,New Jersey,7501.0,East,OFF-BI-10002003,Office Supplies,Binders,Ibico Presentation Index for Binding Systems,7.96
6755,CA-2017-154767,28/06/2017,30/06/2017,Second Class,BP-11155,Becky Pak,Consumer,United States,Paterson,New Jersey,7501.0,East,OFF-AP-10002311,Office Supplies,Appliances,"Holmes Replacement Filter for HEPA Air Cleaner, Very Large Room, HEPA Filter",275.24
6760,CA-2018-165715,02/12/2018,08/12/2018,Standard Class,BG-11035,Barry Gonzalez,Consumer,United States,Greensboro,North Carolina,27405.0,South,OFF-AR-10003903,Office Supplies,Art,Sanford 52201 APSCO Electric Pencil Sharpener,32.776
6766,CA-2018-100615,20/04/2018,24/04/2018,Standard Class,SJ-20215,Sarah Jordon,Consumer,United States,Chicago,Illinois,60653.0,Central,FUR-CH-10002602,Furniture,Chairs,DMI Arturo Collection Mission-style Design Wood Chair,317.058
6769,CA-2015-109302,12/08/2015,16/08/2015,Standard Class,CS-12175,Charles Sheldon,Corporate,United States,Lakewood,New Jersey,8701.0,East,OFF-BI-10002854,Office Supplies,Binders,"Performers Binder/Pad Holder, Black",196.21
6772,CA-2018-139402,09/12/2018,13/12/2018,Standard Class,NC-18535,Nick Crebassa,Corporate,United States,Phoenix,Arizona,85023.0,West,OFF-BI-10000279,Office Supplies,Binders,"Acco Recycled 2"" Capacity Laser Printer Hanging Data Binders",13.005
6774,CA-2017-119018,04/11/2017,08/11/2017,Standard Class,CW-11905,Carl Weiss,Home Office,United States,Los Angeles,California,90004.0,West,OFF-BI-10000494,Office Supplies,Binders,Acco Economy Flexible Poly Round Ring Binder,4.176
6775,CA-2017-119018,04/11/2017,08/11/2017,Standard Class,CW-11905,Carl Weiss,Home Office,United States,Los Angeles,California,90004.0,West,OFF-PA-10000295,Office Supplies,Paper,Xerox 229,38.88
6776,CA-2016-105361,29/03/2016,04/04/2016,Standard Class,CM-12115,Chad McGuire,Consumer,United States,New York City,New York,10024.0,East,OFF-PA-10002615,Office Supplies,Paper,"Ampad Gold Fibre Wirebound Steno Books, 6"" x 9"", Gregg Ruled",17.64
6780,US-2017-147711,03/09/2017,08/09/2017,Second Class,HF-14995,Herbert Flentye,Consumer,United States,Baltimore,Maryland,21215.0,East,FUR-FU-10002364,Furniture,Furnishings,"Eldon Expressions Wood Desk Accessories, Oak",14.76
6782,US-2017-147711,03/09/2017,08/09/2017,Second Class,HF-14995,Herbert Flentye,Consumer,United States,Baltimore,Maryland,21215.0,East,OFF-LA-10004093,Office Supplies,Labels,Avery 486,58.48
6791,CA-2017-124527,16/11/2017,17/11/2017,First Class,IM-15055,Ionia McGrath,Consumer,United States,Roseville,California,95661.0,West,OFF-BI-10004967,Office Supplies,Binders,Round Ring Binders,8.32
6795,CA-2016-145394,16/11/2016,20/11/2016,Standard Class,MC-17605,Matt Connell,Corporate,United States,Chicago,Illinois,60610.0,Central,TEC-PH-10001051,Technology,Phones,HTC One,239.976
6796,CA-2016-145394,16/11/2016,20/11/2016,Standard Class,MC-17605,Matt Connell,Corporate,United States,Chicago,Illinois,60610.0,Central,FUR-FU-10001215,Furniture,Furnishings,"Howard Miller 11-1/2"" Diameter Brentwood Wall Clock",34.504
6798,CA-2016-168809,25/08/2016,25/08/2016,Same Day,MC-18100,Mick Crebagga,Consumer,United States,Houston,Texas,77041.0,Central,OFF-BI-10000315,Office Supplies,Binders,Poly Designer Cover & Back,3.798
6801,CA-2017-109827,25/12/2017,01/01/2018,Standard Class,LW-16825,Laurel Workman,Corporate,United States,Phoenix,Arizona,85023.0,West,TEC-MA-10003356,Technology,Machines,Panasonic KX MC6040 Color Laser Multifunction Printer,269.97
6803,CA-2017-109827,25/12/2017,01/01/2018,Standard Class,LW-16825,Laurel Workman,Corporate,United States,Phoenix,Arizona,85023.0,West,TEC-AC-10004353,Technology,Accessories,Hypercom P1300 Pinpad,100.8
6804,CA-2017-109827,25/12/2017,01/01/2018,Standard Class,LW-16825,Laurel Workman,Corporate,United States,Phoenix,Arizona,85023.0,West,FUR-CH-10004754,Furniture,Chairs,"Global Stack Chair with Arms, Black",47.968
6809,CA-2016-128125,31/03/2016,05/04/2016,Standard Class,EB-13705,Ed Braxton,Corporate,United States,Houston,Texas,77095.0,Central,FUR-FU-10001085,Furniture,Furnishings,3M Polarizing Light Filter Sleeves,22.38
6812,CA-2018-156237,14/09/2018,15/09/2018,First Class,PS-18760,Pamela Stobb,Consumer,United States,Philadelphia,Pennsylvania,19140.0,East,FUR-CH-10002372,Furniture,Chairs,Office Star - Ergonomically Designed Knee Chair,113.372
6825,CA-2016-154291,25/07/2016,29/07/2016,Standard Class,YS-21880,Yana Sorensen,Corporate,United States,Montgomery,Alabama,36116.0,South,FUR-TA-10002041,Furniture,Tables,"Bevis Round Conference Table Top, X-Base",358.58
6828,CA-2017-118689,02/10/2017,09/10/2017,Standard Class,TC-20980,Tamara Chand,Corporate,United States,Lafayette,Indiana,47905.0,Central,OFF-BI-10004600,Office Supplies,Binders,Ibico Ibimaster 300 Manual Binding System,735.98
6829,CA-2017-118689,02/10/2017,09/10/2017,Standard Class,TC-20980,Tamara Chand,Corporate,United States,Lafayette,Indiana,47905.0,Central,OFF-BI-10003712,Office Supplies,Binders,"Acco Pressboard Covers with Storage Hooks, 14 7/8"" x 11"", Light Blue",34.37
6832,US-2018-123204,21/07/2018,27/07/2018,Standard Class,CS-11860,Cari Schnelling,Consumer,United States,New York City,New York,10024.0,East,OFF-AP-10002287,Office Supplies,Appliances,"Eureka Sanitaire  Multi-Pro Heavy-Duty Upright, Disposable Bags",17.48
6833,CA-2016-112522,10/10/2016,17/10/2016,Standard Class,DP-13165,David Philippe,Consumer,United States,Chicago,Illinois,60610.0,Central,OFF-AR-10003183,Office Supplies,Art,Avery Fluorescent Highlighter Four-Color Set,8.016
6835,CA-2017-142615,20/11/2017,24/11/2017,Standard Class,BM-11575,Brendan Murry,Corporate,United States,Montebello,California,90640.0,West,TEC-AC-10004803,Technology,Accessories,Sony Micro Vault Click 4 GB USB 2.0 Flash Drive,27.88
6837,CA-2018-142643,15/10/2018,20/10/2018,Standard Class,DL-13495,Dionis Lloyd,Corporate,United States,Thousand Oaks,California,91360.0,West,FUR-FU-10000087,Furniture,Furnishings,"Executive Impressions 14"" Two-Color Numerals Wall Clock",22.72
6838,CA-2016-116260,06/07/2016,12/07/2016,Standard Class,BF-10975,Barbara Fisher,Corporate,United States,Vineland,New Jersey,8360.0,East,OFF-AR-10003732,Office Supplies,Art,Newell 333,11.12
6841,CA-2016-166338,06/12/2016,07/12/2016,First Class,MP-18175,Mike Pelletier,Home Office,United States,Troy,Ohio,45373.0,East,OFF-BI-10002852,Office Supplies,Binders,Ibico Standard Transparent Covers,14.832
6846,CA-2015-147543,06/07/2015,12/07/2015,Standard Class,BC-11125,Becky Castell,Home Office,United States,El Cajon,California,92020.0,West,FUR-CH-10000155,Furniture,Chairs,Global Comet Stacking Armless Chair,478.48
6847,US-2017-159093,09/05/2017,14/05/2017,Standard Class,RS-19420,Ricardo Sperren,Corporate,United States,Los Angeles,California,90036.0,West,OFF-PA-10001260,Office Supplies,Paper,"TOPS Money Receipt Book, Consecutively Numbered in Red,",32.04
6848,CA-2017-162110,18/07/2017,22/07/2017,Standard Class,NP-18670,Nora Paige,Consumer,United States,Phoenix,Arizona,85023.0,West,TEC-PH-10001924,Technology,Phones,iHome FM Clock Radio with Lightning Dock,55.992
6849,US-2017-163461,18/06/2017,21/06/2017,First Class,BT-11440,Bobby Trafton,Consumer,United States,Frankfort,Illinois,60423.0,Central,OFF-PA-10003134,Office Supplies,Paper,Xerox 1937,76.864
6850,CA-2015-101462,20/04/2015,25/04/2015,Standard Class,BP-11230,Benjamin Patterson,Consumer,United States,Los Angeles,California,90045.0,West,FUR-FU-10000409,Furniture,Furnishings,"GE 4 Foot Flourescent Tube, 40 Watt",59.92
6851,US-2017-100461,08/01/2017,12/01/2017,Standard Class,JO-15145,Jack O'Briant,Corporate,United States,Franklin,Wisconsin,53132.0,Central,FUR-BO-10002545,Furniture,Bookcases,"Atlantic Metals Mobile 3-Shelf Bookcases, Custom Colors",1565.88
6854,US-2018-162670,23/12/2018,28/12/2018,Second Class,MF-18250,Monica Federle,Corporate,United States,Little Rock,Arkansas,72209.0,South,TEC-PH-10003601,Technology,Phones,"Ativa D5772 2-Line 5.8GHz Digital Expandable Corded/Cordless Phone System with Answering & Caller ID/Call Waiting, Black/Silver",494.97
6858,CA-2018-128965,17/04/2018,22/04/2018,Standard Class,PS-18760,Pamela Stobb,Consumer,United States,Los Angeles,California,90008.0,West,OFF-PA-10004911,Office Supplies,Paper,"Rediform S.O.S. 1-Up Phone Message Bk, 4-1/4x3-1/16 Bk, 1 Form/Pg, 40 Messages/Bk, 3/Pk",28.14
6867,US-2017-126452,21/08/2017,28/08/2017,Standard Class,SC-20230,Scot Coram,Corporate,United States,Los Angeles,California,90004.0,West,TEC-AC-10000844,Technology,Accessories,Logitech Gaming G510s - Keyboard,254.97
6871,US-2017-126452,21/08/2017,28/08/2017,Standard Class,SC-20230,Scot Coram,Corporate,United States,Los Angeles,California,90004.0,West,OFF-PA-10002606,Office Supplies,Paper,Xerox 1928,47.52
6872,CA-2017-145009,05/12/2017,08/12/2017,Second Class,RF-19345,Randy Ferguson,Corporate,United States,Chicago,Illinois,60610.0,Central,OFF-LA-10004853,Office Supplies,Labels,Avery 483,11.952
6875,CA-2015-124394,17/10/2015,22/10/2015,Second Class,TB-21520,Tracy Blumstein,Consumer,United States,Beaumont,Texas,77705.0,Central,TEC-AC-10001314,Technology,Accessories,Case Logic 2.4GHz Wireless Keyboard,119.976
6876,US-2017-121013,05/09/2017,10/09/2017,Standard Class,MM-17920,Michael Moore,Consumer,United States,Chesapeake,Virginia,23320.0,South,OFF-LA-10004545,Office Supplies,Labels,Avery 50,25.06
6880,CA-2016-137113,01/12/2016,05/12/2016,Second Class,TW-21025,Tamara Willingham,Home Office,United States,Seattle,Washington,98105.0,West,FUR-CH-10001215,Furniture,Chairs,Global Troy Executive Leather Low-Back Tilter,2003.92
6881,CA-2016-137113,01/12/2016,05/12/2016,Second Class,TW-21025,Tamara Willingham,Home Office,United States,Seattle,Washington,98105.0,West,OFF-PA-10004255,Office Supplies,Paper,Xerox 219,32.4
6886,CA-2018-123036,10/09/2018,17/09/2018,Standard Class,HA-14905,Helen Abelman,Consumer,United States,Springfield,Ohio,45503.0,East,TEC-AC-10003499,Technology,Accessories,Memorex Mini Travel Drive 8 GB USB 2.0 Flash Drive,37.056
6890,CA-2018-164756,18/09/2018,22/09/2018,Standard Class,SS-20140,Saphhira Shifley,Corporate,United States,Columbus,Georgia,31907.0,South,TEC-PH-10001552,Technology,Phones,I Need's 3d Hello Kitty Hybrid Silicone Case Cover for HTC One X 4g with 3d Hello Kitty Stylus Pen Green/pink,95.68
6891,CA-2018-164756,18/09/2018,22/09/2018,Standard Class,SS-20140,Saphhira Shifley,Corporate,United States,Columbus,Georgia,31907.0,South,OFF-PA-10000673,Office Supplies,Paper,"Post-it “Important Message” Note Pad, Neon Colors, 50 Sheets/Pad",50.96
6898,CA-2018-122028,18/08/2018,25/08/2018,Standard Class,CK-12205,Chloris Kastensmidt,Consumer,United States,Lakewood,Ohio,44107.0,East,OFF-BI-10004817,Office Supplies,Binders,GBC Personal VeloBind Strips,10.782
6903,CA-2018-111220,02/09/2018,08/09/2018,Standard Class,JS-15595,Jill Stevenson,Corporate,United States,Chicago,Illinois,60653.0,Central,OFF-FA-10002280,Office Supplies,Fasteners,Advantus Plastic Paper Clips,16.0
6904,CA-2018-111220,02/09/2018,08/09/2018,Standard Class,JS-15595,Jill Stevenson,Corporate,United States,Chicago,Illinois,60653.0,Central,OFF-AP-10003278,Office Supplies,Appliances,Belkin 7-Outlet SurgeMaster Home Series,5.588
6910,CA-2015-126277,13/09/2015,18/09/2015,Second Class,LH-16900,Lena Hernandez,Consumer,United States,Columbus,Ohio,43229.0,East,OFF-BI-10004022,Office Supplies,Binders,Acco Suede Grain Vinyl Round Ring Binder,2.502
6912,CA-2018-168942,01/08/2018,05/08/2018,Second Class,EM-13960,Eric Murdock,Consumer,United States,San Francisco,California,94109.0,West,OFF-ST-10004340,Office Supplies,Storage,"Fellowes Mobile File Cart, Black",186.54
6914,CA-2016-104115,12/06/2016,16/06/2016,Standard Class,JH-15910,Jonathan Howell,Consumer,United States,West Palm Beach,Florida,33407.0,South,TEC-PH-10002844,Technology,Phones,Speck Products Candyshell Flip Case,55.984
6915,CA-2015-142510,22/12/2015,29/12/2015,Standard Class,NP-18700,Nora Preis,Consumer,United States,Chicago,Illinois,60623.0,Central,OFF-ST-10000585,Office Supplies,Storage,Economy Rollaway Files,132.16
6917,CA-2015-142510,22/12/2015,29/12/2015,Standard Class,NP-18700,Nora Preis,Consumer,United States,Chicago,Illinois,60623.0,Central,OFF-PA-10001289,Office Supplies,Paper,White Computer Printout Paper by Universal,124.032
6921,CA-2018-121706,26/02/2018,02/03/2018,Standard Class,BM-11140,Becky Martin,Consumer,United States,Santa Barbara,California,93101.0,West,OFF-AP-10003287,Office Supplies,Appliances,Tripp Lite TLP810NET Broadband Surge for Modem/Fax,356.79
6923,CA-2016-134257,16/03/2016,19/03/2016,Second Class,MS-17710,Maurice Satty,Consumer,United States,Auburn,Alabama,36830.0,South,OFF-LA-10003930,Office Supplies,Labels,"Dot Matrix Printer Tape Reel Labels, White, 5000/Box",491.55
6924,CA-2016-134257,16/03/2016,19/03/2016,Second Class,MS-17710,Maurice Satty,Consumer,United States,Auburn,Alabama,36830.0,South,OFF-EN-10003845,Office Supplies,Envelopes,Colored Envelopes,7.38
6926,CA-2016-137925,30/11/2016,04/12/2016,Standard Class,JL-15235,Janet Lee,Consumer,United States,New York City,New York,10035.0,East,FUR-BO-10001608,Furniture,Bookcases,"Hon Metal Bookcases, Black",681.408
6927,CA-2017-140046,28/07/2017,03/08/2017,Standard Class,KM-16660,Khloe Miller,Consumer,United States,Los Angeles,California,90032.0,West,OFF-LA-10000305,Office Supplies,Labels,Avery 495,18.9
6928,CA-2017-140382,23/06/2017,25/06/2017,Second Class,RD-19900,Ruben Dartt,Consumer,United States,San Francisco,California,94109.0,West,OFF-ST-10003638,Office Supplies,Storage,Mobile Personal File Cube,93.68
6930,CA-2017-140382,23/06/2017,25/06/2017,Second Class,RD-19900,Ruben Dartt,Consumer,United States,San Francisco,California,94109.0,West,TEC-PH-10003012,Technology,Phones,Nortel Meridian M3904 Professional Digital phone,862.344
6931,CA-2017-140382,23/06/2017,25/06/2017,Second Class,RD-19900,Ruben Dartt,Consumer,United States,San Francisco,California,94109.0,West,OFF-PA-10001019,Office Supplies,Paper,Xerox 1884,19.98
6934,CA-2015-164182,14/07/2015,18/07/2015,Standard Class,ST-20530,Shui Tom,Consumer,United States,Philadelphia,Pennsylvania,19140.0,East,FUR-FU-10001057,Furniture,Furnishings,Tensor Track Tree Floor Lamp,31.984
6935,CA-2015-164182,14/07/2015,18/07/2015,Standard Class,ST-20530,Shui Tom,Consumer,United States,Philadelphia,Pennsylvania,19140.0,East,OFF-AR-10001044,Office Supplies,Art,"BOSTON Ranger #55 Pencil Sharpener, Black",41.584
6941,CA-2018-107132,26/06/2018,30/06/2018,Standard Class,SC-20260,Scott Cohen,Corporate,United States,New York City,New York,10009.0,East,OFF-SU-10002503,Office Supplies,Supplies,Acme Preferred Stainless Steel Scissors,28.4
6943,CA-2018-107132,26/06/2018,30/06/2018,Standard Class,SC-20260,Scott Cohen,Corporate,United States,New York City,New York,10009.0,East,OFF-PA-10003790,Office Supplies,Paper,Xerox 1991,68.52
6948,CA-2016-130365,25/04/2016,29/04/2016,Standard Class,ZC-21910,Zuschuss Carroll,Consumer,United States,Aurora,Illinois,60505.0,Central,OFF-ST-10002574,Office Supplies,Storage,"SAFCO Commercial Wire Shelving, Black",221.024
6949,CA-2016-130365,25/04/2016,29/04/2016,Standard Class,ZC-21910,Zuschuss Carroll,Consumer,United States,Aurora,Illinois,60505.0,Central,FUR-CH-10003535,Furniture,Chairs,"Global Armless Task Chair, Royal Blue",128.058
6951,CA-2018-143021,19/11/2018,19/11/2018,Same Day,AP-10720,Anne Pryor,Home Office,United States,New York City,New York,10011.0,East,FUR-TA-10001676,Furniture,Tables,Hon 61000 Series Interactive Training Tables,79.974
6952,CA-2016-161767,20/11/2016,24/11/2016,Standard Class,GK-14620,Grace Kelly,Corporate,United States,Dallas,Texas,75217.0,Central,TEC-MA-10002790,Technology,Machines,NeatDesk Desktop Scanner & Digital Filing System,479.988
6954,CA-2016-129917,02/10/2016,03/10/2016,First Class,HM-14980,Henry MacAllister,Consumer,United States,Los Angeles,California,90008.0,West,OFF-BI-10004828,Office Supplies,Binders,GBC Poly Designer Binding Covers,53.568
6957,CA-2017-157588,14/07/2017,19/07/2017,Standard Class,AR-10570,Anemone Ratner,Consumer,United States,Columbus,Georgia,31907.0,South,OFF-BI-10003963,Office Supplies,Binders,Cardinal Holdit Data Disk Pockets,36.4
6958,CA-2017-157588,14/07/2017,19/07/2017,Standard Class,AR-10570,Anemone Ratner,Consumer,United States,Columbus,Georgia,31907.0,South,FUR-FU-10004848,Furniture,Furnishings,"Howard Miller 13-3/4"" Diameter Brushed Chrome Round Wall Clock",51.75
6959,CA-2016-167255,27/09/2016,29/09/2016,Second Class,RH-19510,Rick Huthwaite,Home Office,United States,San Francisco,California,94110.0,West,OFF-ST-10001328,Office Supplies,Storage,"Personal Filing Tote with Lid, Black/Gray",15.51
6962,CA-2018-162096,10/11/2018,10/11/2018,Same Day,TB-21190,Thomas Brumley,Home Office,United States,Riverside,California,92503.0,West,OFF-AR-10002221,Office Supplies,Art,12 Colored Short Pencils,7.8
6964,CA-2017-157161,16/07/2017,20/07/2017,Second Class,JD-15895,Jonathan Doherty,Corporate,United States,Columbia,South Carolina,29203.0,South,OFF-AR-10003338,Office Supplies,Art,"Eberhard Faber 3 1/2"" Golf Pencils",22.32
6965,CA-2017-157161,16/07/2017,20/07/2017,Second Class,JD-15895,Jonathan Doherty,Corporate,United States,Columbia,South Carolina,29203.0,South,OFF-BI-10004728,Office Supplies,Binders,Wilson Jones Turn Tabs Binder Tool for Ring Binders,24.1
6968,CA-2017-157161,16/07/2017,20/07/2017,Second Class,JD-15895,Jonathan Doherty,Corporate,United States,Columbia,South Carolina,29203.0,South,OFF-PA-10001461,Office Supplies,Paper,HP Office Paper (20Lb. and 87 Bright),60.12
6969,CA-2016-110765,16/10/2016,20/10/2016,Second Class,MP-17965,Michael Paige,Corporate,United States,New York City,New York,10011.0,East,TEC-PH-10004165,Technology,Phones,Mitel MiVoice 5330e IP Phone,824.97
6970,CA-2017-163937,10/01/2017,13/01/2017,Second Class,JB-16000,Joy Bell-,Consumer,United States,Longview,Washington,98632.0,West,FUR-FU-10000010,Furniture,Furnishings,"DAX Value U-Channel Document Frames, Easel Back",24.85
6974,CA-2018-153822,19/09/2018,25/09/2018,Standard Class,AB-10105,Adrian Barton,Consumer,United States,Phoenix,Arizona,85023.0,West,OFF-BI-10001460,Office Supplies,Binders,Plastic Binding Combs,18.18
6978,US-2017-119298,25/11/2017,28/11/2017,First Class,EP-13915,Emily Phan,Consumer,United States,Jonesboro,Arkansas,72401.0,South,TEC-PH-10002564,Technology,Phones,OtterBox Defender Series Case - Samsung Galaxy S4,59.98
6990,CA-2018-165099,11/12/2018,13/12/2018,First Class,DK-13375,Dennis Kane,Consumer,United States,Abilene,Texas,79605.0,Central,OFF-AP-10001634,Office Supplies,Appliances,Hoover Commercial Lightweight Upright Vacuum,1.392
6996,CA-2016-166800,19/11/2016,26/11/2016,Standard Class,AG-10300,Aleksandra Gannaway,Corporate,United States,Las Vegas,Nevada,89115.0,West,OFF-AP-10004868,Office Supplies,Appliances,Hoover Commercial Soft Guard Upright Vacuum And Disposable Filtration Bags,31.08
6998,CA-2018-117443,23/12/2018,25/12/2018,Second Class,JB-15400,Jennifer Braxton,Corporate,United States,Rockford,Illinois,61107.0,Central,OFF-PA-10004475,Office Supplies,Paper,Xerox 1940,175.872
7000,CA-2018-123687,26/05/2018,29/05/2018,First Class,KC-16675,Kimberly Carter,Corporate,United States,Louisville,Kentucky,40214.0,South,OFF-AP-10002670,Office Supplies,Appliances,Belkin 8-Outlet Premiere SurgeMaster II Surge Protectors,208.44
7002,CA-2016-104871,30/03/2016,03/04/2016,Standard Class,DR-12940,Daniel Raglin,Home Office,United States,Normal,Illinois,61761.0,Central,FUR-CH-10003298,Furniture,Chairs,"Office Star - Contemporary Task Swivel chair with Loop Arms, Charcoal",366.744
7008,CA-2016-154823,21/08/2016,25/08/2016,Standard Class,KN-16390,Katherine Nockton,Corporate,United States,Springfield,Ohio,45503.0,East,OFF-BI-10001098,Office Supplies,Binders,Acco D-Ring Binder w/DublLock,12.828
7009,CA-2016-154823,21/08/2016,25/08/2016,Standard Class,KN-16390,Katherine Nockton,Corporate,United States,Springfield,Ohio,45503.0,East,FUR-CH-10003379,Furniture,Chairs,Global Commerce Series High-Back Swivel/Tilt Chairs,598.458
7017,CA-2015-114790,11/03/2015,13/03/2015,Second Class,FM-14215,Filia McAdams,Corporate,United States,Richmond,Kentucky,40475.0,South,TEC-PH-10000984,Technology,Phones,Panasonic KX-TG9471B,587.97
7025,CA-2015-124737,23/08/2015,27/08/2015,Standard Class,AP-10915,Arthur Prichep,Consumer,United States,Denver,Colorado,80219.0,West,OFF-PA-10001125,Office Supplies,Paper,Xerox 1988,223.056
7026,US-2018-101840,06/02/2018,12/02/2018,Standard Class,SP-20545,Sibella Parks,Corporate,United States,New York City,New York,10024.0,East,TEC-PH-10002538,Technology,Phones,Grandstream GXP1160 VoIP phone,227.46
7034,CA-2017-145548,11/11/2017,16/11/2017,Standard Class,EB-13750,Edward Becker,Corporate,United States,New York City,New York,10011.0,East,OFF-BI-10001510,Office Supplies,Binders,Deluxe Heavy-Duty Vinyl Round Ring Binder,55.008
7035,CA-2017-145548,11/11/2017,16/11/2017,Standard Class,EB-13750,Edward Becker,Corporate,United States,New York City,New York,10011.0,East,OFF-BI-10004236,Office Supplies,Binders,"XtraLife ClearVue Slant-D Ring Binder, White, 3""",35.232
7037,CA-2015-124618,02/05/2015,04/05/2015,Second Class,CS-11860,Cari Schnelling,Consumer,United States,Lakeland,Florida,33801.0,South,TEC-CO-10004202,Technology,Copiers,Brother DCP1000 Digital 3 in 1 Multifunction Machine,479.984
7039,CA-2018-161970,22/09/2018,27/09/2018,Standard Class,PB-19105,Peter Bühler,Consumer,United States,Smyrna,Georgia,30080.0,South,OFF-AR-10003896,Office Supplies,Art,"Stride Job 150 Highlighters, Chisel Tip, Assorted Colors",17.94
7040,CA-2018-103443,17/12/2018,23/12/2018,Standard Class,AT-10735,Annie Thurman,Consumer,United States,New York City,New York,10009.0,East,OFF-ST-10002276,Office Supplies,Storage,Safco Steel Mobile File Cart,166.72
7045,US-2018-165358,18/07/2018,23/07/2018,Standard Class,SV-20365,Seth Vernon,Consumer,United States,Philadelphia,Pennsylvania,19134.0,East,OFF-SU-10004768,Office Supplies,Supplies,Acme Kleencut Forged Steel Scissors,9.184
7048,CA-2015-150581,08/04/2015,12/04/2015,Standard Class,NM-18445,Nathan Mautz,Home Office,United States,Concord,California,94521.0,West,TEC-AC-10001908,Technology,Accessories,Logitech Wireless Headset h800,399.96
7049,CA-2017-119515,14/08/2017,16/08/2017,First Class,TR-21325,Toby Ritter,Consumer,United States,Nashville,Tennessee,37211.0,South,OFF-PA-10000552,Office Supplies,Paper,Xerox 200,15.552
7050,CA-2015-141355,25/09/2015,30/09/2015,Standard Class,BF-11005,Barry Franz,Home Office,United States,Aurora,Colorado,80013.0,West,OFF-AR-10003179,Office Supplies,Art,Dixon Ticonderoga Core-Lock Colored Pencils,14.576
7052,CA-2017-165330,11/12/2017,11/12/2017,Same Day,WB-21850,William Brown,Consumer,United States,Anaheim,California,92804.0,West,OFF-AR-10000914,Office Supplies,Art,Boston 16765 Mini Stand Up Battery Pencil Sharpener,23.32
7055,CA-2017-165330,11/12/2017,11/12/2017,Same Day,WB-21850,William Brown,Consumer,United States,Anaheim,California,92804.0,West,FUR-CH-10003774,Furniture,Chairs,"Global Wood Trimmed Manager's Task Chair, Khaki",363.92
7056,CA-2017-165330,11/12/2017,11/12/2017,Same Day,WB-21850,William Brown,Consumer,United States,Anaheim,California,92804.0,West,OFF-BI-10002824,Office Supplies,Binders,Recycled Easel Ring Binders,35.808
7062,CA-2016-132633,03/02/2016,05/02/2016,Second Class,KH-16630,Ken Heidel,Corporate,United States,Pleasant Grove,Utah,84062.0,West,OFF-BI-10002432,Office Supplies,Binders,Wilson Jones Standard D-Ring Binders,12.144
7064,CA-2018-127712,31/08/2018,05/09/2018,Standard Class,MG-17890,Michael Granlund,Home Office,United States,Salem,Oregon,97301.0,West,OFF-SU-10002522,Office Supplies,Supplies,Acme Kleen Earth Office Shears,6.208
7066,CA-2015-106726,06/12/2015,08/12/2015,First Class,RS-19765,Roland Schwarz,Corporate,United States,Los Angeles,California,90008.0,West,OFF-ST-10001496,Office Supplies,Storage,Standard Rollaway File with Lock,1261.33
7069,CA-2017-114209,21/05/2017,26/05/2017,Standard Class,AS-10285,Alejandro Savely,Corporate,United States,Dallas,Texas,75081.0,Central,OFF-PA-10003591,Office Supplies,Paper,Southworth 100% Cotton The Best Paper,82.656
7073,CA-2017-112256,23/07/2017,28/07/2017,Standard Class,CK-12205,Chloris Kastensmidt,Consumer,United States,Mcallen,Texas,78501.0,Central,OFF-PA-10004355,Office Supplies,Paper,Xerox 231,5.184
7076,CA-2017-112256,23/07/2017,28/07/2017,Standard Class,CK-12205,Chloris Kastensmidt,Consumer,United States,Mcallen,Texas,78501.0,Central,OFF-SU-10001165,Office Supplies,Supplies,Acme Elite Stainless Steel Scissors,13.344
7077,CA-2017-167416,12/05/2017,17/05/2017,Standard Class,JM-15580,Jill Matthias,Consumer,United States,Seattle,Washington,98105.0,West,OFF-EN-10001141,Office Supplies,Envelopes,"Manila Recycled Extra-Heavyweight Clasp Envelopes, 6"" x 9""",54.9
7078,CA-2017-106950,02/09/2017,06/09/2017,Standard Class,JE-15715,Joe Elijah,Consumer,United States,Charlotte,North Carolina,28205.0,South,OFF-BI-10000014,Office Supplies,Binders,Heavy-Duty E-Z-D Binders,22.911
7085,CA-2018-118724,21/07/2018,25/07/2018,Second Class,AR-10825,Anthony Rawles,Corporate,United States,Concord,California,94521.0,West,TEC-PH-10002549,Technology,Phones,Polycom SoundPoint IP 450 VoIP phone,1626.192
7088,US-2018-143175,03/08/2018,06/08/2018,Second Class,GA-14515,George Ashbrook,Consumer,United States,Los Angeles,California,90004.0,West,OFF-ST-10003123,Office Supplies,Storage,Fellowes Bases and Tops For Staxonsteel/High-Stak Systems,99.87
7095,US-2016-153374,09/02/2016,13/02/2016,Second Class,JF-15565,Jill Fjeld,Consumer,United States,Decatur,Illinois,62521.0,Central,TEC-AC-10001908,Technology,Accessories,Logitech Wireless Headset h800,479.952
7097,CA-2017-101980,19/08/2017,20/08/2017,First Class,RP-19390,Resi Pölking,Consumer,United States,New York City,New York,10009.0,East,OFF-BI-10004318,Office Supplies,Binders,Ibico EB-19 Dual Function Manual Binding System,276.784
7098,CA-2017-101980,19/08/2017,20/08/2017,First Class,RP-19390,Resi Pölking,Consumer,United States,New York City,New York,10009.0,East,OFF-BI-10003429,Office Supplies,Binders,"Cardinal HOLDit! Binder Insert Strips,Extra Strips",25.32
7105,CA-2018-128944,19/06/2018,21/06/2018,Second Class,KH-16330,Katharine Harms,Corporate,United States,Newark,Ohio,43055.0,East,FUR-CH-10000785,Furniture,Chairs,Global Ergonomic Managers Chair,760.116
7106,CA-2018-128944,19/06/2018,21/06/2018,Second Class,KH-16330,Katharine Harms,Corporate,United States,Newark,Ohio,43055.0,East,FUR-FU-10004909,Furniture,Furnishings,Contemporary Wood/Metal Frame,38.784
7109,CA-2017-109666,19/04/2017,26/04/2017,Standard Class,KM-16720,Kunst Miller,Consumer,United States,New York City,New York,10035.0,East,OFF-AR-10004582,Office Supplies,Art,BIC Brite Liner Grip Highlighters,3.28
7112,CA-2017-109666,19/04/2017,26/04/2017,Standard Class,KM-16720,Kunst Miller,Consumer,United States,New York City,New York,10035.0,East,OFF-AR-10004022,Office Supplies,Art,Panasonic KP-380BK Classic Electric Pencil Sharpener,71.96
7114,CA-2017-109666,19/04/2017,26/04/2017,Standard Class,KM-16720,Kunst Miller,Consumer,United States,New York City,New York,10035.0,East,OFF-BI-10000174,Office Supplies,Binders,"Wilson Jones Clip & Carry Folder Binder Tool for Ring Binders, Clear",9.28
7130,CA-2017-166282,16/04/2017,22/04/2017,Standard Class,PK-19075,Pete Kriz,Consumer,United States,Nashville,Tennessee,37211.0,South,TEC-AC-10004209,Technology,Accessories,Memorex Froggy Flash Drive 4 GB,35.168
7132,CA-2018-141439,26/11/2018,01/12/2018,Standard Class,TT-21460,Tonja Turnell,Home Office,United States,Richmond,Indiana,47374.0,Central,FUR-TA-10001039,Furniture,Tables,KI Adjustable-Height Table,257.94
7135,CA-2018-141439,26/11/2018,01/12/2018,Standard Class,TT-21460,Tonja Turnell,Home Office,United States,Richmond,Indiana,47374.0,Central,TEC-PH-10001819,Technology,Phones,Innergie mMini Combo Duo USB Travel Charging Kit,89.98
7140,CA-2016-163965,20/11/2016,27/11/2016,Standard Class,SS-20875,Sung Shariari,Consumer,United States,Miami,Florida,33180.0,South,FUR-BO-10001337,Furniture,Bookcases,O'Sullivan Living Dimensions 2-Shelf Bookcases,290.352
7143,CA-2015-122217,24/11/2015,29/11/2015,Standard Class,HP-14815,Harold Pawlan,Home Office,United States,Virginia Beach,Virginia,23464.0,South,FUR-FU-10002045,Furniture,Furnishings,"Executive Impressions 14""",111.15
7144,US-2018-141558,11/03/2018,16/03/2018,Standard Class,MH-17290,Marc Harrigan,Home Office,United States,Philadelphia,Pennsylvania,19140.0,East,TEC-PH-10002555,Technology,Phones,Nortel Meridian M5316 Digital phone,776.85
7145,US-2018-141558,11/03/2018,16/03/2018,Standard Class,MH-17290,Marc Harrigan,Home Office,United States,Philadelphia,Pennsylvania,19140.0,East,OFF-BI-10002794,Office Supplies,Binders,"Avery Trapezoid Ring Binder, 3"" Capacity, Black, 1040 sheets",12.294
7147,US-2018-141558,11/03/2018,16/03/2018,Standard Class,MH-17290,Marc Harrigan,Home Office,United States,Philadelphia,Pennsylvania,19140.0,East,OFF-ST-10004946,Office Supplies,Storage,Desktop 3-Pocket Hot File,43.28
7153,CA-2015-137911,09/10/2015,15/10/2015,Standard Class,BP-11095,Bart Pistole,Corporate,United States,Jacksonville,North Carolina,28540.0,South,OFF-PA-10004071,Office Supplies,Paper,"Eaton Premium Continuous-Feed Paper, 25% Cotton, Letter Size, White, 1000 Shts/Box",88.768
7154,CA-2016-106208,10/12/2016,15/12/2016,Standard Class,JW-16075,Julia West,Consumer,United States,Chicago,Illinois,60610.0,Central,OFF-AP-10004980,Office Supplies,Appliances,3M Replacement Filter for Office Air Cleaner for 20' x 33' Room,53.088
7157,CA-2018-126718,29/04/2018,04/05/2018,Standard Class,KT-16480,Kean Thornton,Consumer,United States,Orange,New Jersey,7050.0,East,OFF-LA-10004055,Office Supplies,Labels,Color-Coded Legal Exhibit Labels,4.91
7158,CA-2017-131380,28/03/2017,31/03/2017,Second Class,CC-12220,Chris Cortes,Consumer,United States,Los Angeles,California,90032.0,West,OFF-ST-10002485,Office Supplies,Storage,Rogers Deluxe File Chest,87.92
7160,CA-2016-145835,13/05/2016,18/05/2016,Second Class,BF-11170,Ben Ferrer,Home Office,United States,Chicago,Illinois,60623.0,Central,TEC-PH-10004447,Technology,Phones,Toshiba IPT2010-SD IP Telephone,222.384
7162,CA-2015-138709,04/07/2015,09/07/2015,Standard Class,MS-17770,Maxwell Schwartz,Consumer,United States,Richmond,Virginia,23223.0,South,OFF-PA-10004734,Office Supplies,Paper,Southworth Structures Collection,21.84
7163,CA-2015-138709,04/07/2015,09/07/2015,Standard Class,MS-17770,Maxwell Schwartz,Consumer,United States,Richmond,Virginia,23223.0,South,OFF-BI-10000145,Office Supplies,Binders,Zipper Ring Binder Pockets,15.6
7167,CA-2015-117464,22/07/2015,24/07/2015,Second Class,NP-18325,Naresj Patel,Consumer,United States,San Francisco,California,94122.0,West,OFF-AR-10003190,Office Supplies,Art,Newell 32,11.52
7168,CA-2015-117464,22/07/2015,24/07/2015,Second Class,NP-18325,Naresj Patel,Consumer,United States,San Francisco,California,94122.0,West,FUR-CH-10000155,Furniture,Chairs,Global Comet Stacking Armless Chair,717.72
7169,CA-2015-117464,22/07/2015,24/07/2015,Second Class,NP-18325,Naresj Patel,Consumer,United States,San Francisco,California,94122.0,West,OFF-ST-10003058,Office Supplies,Storage,Eldon Mobile Mega Data Cart  Mega Stackable  Add-On Trays,236.5
7170,CA-2015-117464,22/07/2015,24/07/2015,Second Class,NP-18325,Naresj Patel,Consumer,United States,San Francisco,California,94122.0,West,FUR-TA-10004767,Furniture,Tables,Safco Drafting Table,170.352
7172,CA-2018-125381,25/04/2018,27/04/2018,Second Class,SG-20605,Speros Goranitis,Consumer,United States,San Francisco,California,94109.0,West,TEC-AC-10000158,Technology,Accessories,Sony 64GB Class 10 Micro SDHC R40 Memory Card,107.97
7174,US-2018-141677,26/03/2018,30/03/2018,Standard Class,HK-14890,Heather Kirkland,Corporate,United States,Houston,Texas,77070.0,Central,TEC-CO-10002313,Technology,Copiers,Canon PC1080F Personal Copier,2399.96
7181,CA-2015-106054,06/01/2015,07/01/2015,First Class,JO-15145,Jack O'Briant,Corporate,United States,Athens,Georgia,30605.0,South,OFF-AR-10002399,Office Supplies,Art,"Dixon Prang Watercolor Pencils, 10-Color Set with Brush",12.78
7182,CA-2017-138667,27/12/2017,30/12/2017,Second Class,MW-18220,Mitch Webber,Consumer,United States,Lancaster,Ohio,43130.0,East,TEC-AC-10003063,Technology,Accessories,Micro Innovations USB RF Wireless Keyboard with Mouse,40.0
7183,CA-2018-150609,30/04/2018,04/05/2018,Standard Class,NZ-18565,Nick Zandusky,Home Office,United States,Los Angeles,California,90032.0,West,OFF-BI-10002071,Office Supplies,Binders,Fellowes Black Plastic Comb Bindings,23.24
7184,CA-2018-128853,21/04/2018,23/04/2018,First Class,JM-15250,Janet Martin,Consumer,United States,Baltimore,Maryland,21215.0,East,FUR-CH-10004218,Furniture,Chairs,"Global Fabric Manager's Chair, Dark Gray",908.82
7186,CA-2018-133102,17/08/2018,24/08/2018,Standard Class,ED-13885,Emily Ducich,Home Office,United States,Houston,Texas,77095.0,Central,OFF-AR-10003183,Office Supplies,Art,Avery Fluorescent Highlighter Four-Color Set,8.016
7192,CA-2017-116918,01/10/2017,06/10/2017,Second Class,JK-15205,Jamie Kunitz,Consumer,United States,Hialeah,Florida,33012.0,South,OFF-BI-10004140,Office Supplies,Binders,Avery Non-Stick Binders,5.388
7194,CA-2017-110492,12/02/2017,14/02/2017,First Class,JS-15880,John Stevenson,Consumer,United States,Atlanta,Georgia,30318.0,South,OFF-ST-10003716,Office Supplies,Storage,Tennsco Double-Tier Lockers,1350.12
7198,CA-2015-116785,26/04/2015,30/04/2015,Standard Class,MH-17290,Marc Harrigan,Home Office,United States,Los Angeles,California,90036.0,West,OFF-LA-10000305,Office Supplies,Labels,Avery 495,12.6
7199,US-2016-156797,11/08/2016,15/08/2016,Standard Class,PO-19180,Philisse Overcash,Home Office,United States,New York City,New York,10035.0,East,OFF-AR-10001427,Office Supplies,Art,Newell 330,11.96
7200,US-2016-156797,11/08/2016,15/08/2016,Standard Class,PO-19180,Philisse Overcash,Home Office,United States,New York City,New York,10035.0,East,TEC-PH-10004614,Technology,Phones,AT&T 841000 Phone,138.0
7201,CA-2017-104276,27/11/2017,03/12/2017,Standard Class,HF-14995,Herbert Flentye,Consumer,United States,Fort Lauderdale,Florida,33311.0,South,TEC-PH-10001944,Technology,Phones,Wi-Ex zBoost YX540 Cellular Phone Signal Booster,116.76
7202,CA-2017-104276,27/11/2017,03/12/2017,Standard Class,HF-14995,Herbert Flentye,Consumer,United States,Fort Lauderdale,Florida,33311.0,South,FUR-TA-10001039,Furniture,Tables,KI Adjustable-Height Table,331.023
7204,CA-2015-118276,29/12/2015,02/01/2016,Standard Class,MG-17890,Michael Granlund,Home Office,United States,Saint Charles,Illinois,60174.0,Central,FUR-FU-10002111,Furniture,Furnishings,"Master Caster Door Stop, Large Brown",8.736
7208,CA-2017-143476,11/09/2017,13/09/2017,First Class,LC-16930,Linda Cazamias,Corporate,United States,Phoenix,Arizona,85023.0,West,OFF-AR-10003759,Office Supplies,Art,"Crayola Anti Dust Chalk, 12/Pack",2.912
7212,US-2017-119046,02/06/2017,06/06/2017,Standard Class,EH-13765,Edward Hooks,Corporate,United States,Seattle,Washington,98115.0,West,OFF-BI-10001078,Office Supplies,Binders,"Acco PRESSTEX Data Binder with Storage Hooks, Dark Blue, 14 7/8"" X 11""",51.648
7213,US-2017-119046,02/06/2017,06/06/2017,Standard Class,EH-13765,Edward Hooks,Corporate,United States,Seattle,Washington,98115.0,West,OFF-BI-10000138,Office Supplies,Binders,Acco Translucent Poly Ring Binders,11.232
7221,CA-2018-154760,09/01/2018,13/01/2018,Standard Class,BP-11290,Beth Paige,Consumer,United States,Philadelphia,Pennsylvania,19140.0,East,OFF-BI-10004632,Office Supplies,Binders,Ibico Hi-Tech Manual Binding System,274.491
7230,CA-2015-157546,20/07/2015,22/07/2015,First Class,RD-19720,Roger Demir,Consumer,United States,San Francisco,California,94122.0,West,OFF-PA-10004569,Office Supplies,Paper,"Wirebound Message Books, Two 4 1/4"" x 5"" Forms per Page",22.83
7232,CA-2018-153843,13/03/2018,15/03/2018,First Class,SC-20380,Shahid Collister,Consumer,United States,Fairfield,Connecticut,6824.0,East,OFF-AP-10001564,Office Supplies,Appliances,Hoover Commercial Lightweight Upright Vacuum with E-Z Empty Dirt Cup,465.16
7235,CA-2017-137337,08/03/2017,12/03/2017,Standard Class,GB-14575,Giulietta Baptist,Consumer,United States,New York City,New York,10011.0,East,OFF-PA-10001934,Office Supplies,Paper,Xerox 1993,12.96
7236,CA-2017-137337,08/03/2017,12/03/2017,Standard Class,GB-14575,Giulietta Baptist,Consumer,United States,New York City,New York,10011.0,East,OFF-BI-10000632,Office Supplies,Binders,Satellite Sectional Post Binders,69.456
7237,CA-2015-138737,07/12/2015,10/12/2015,First Class,FP-14320,Frank Preis,Consumer,United States,Los Angeles,California,90049.0,West,OFF-AR-10003190,Office Supplies,Art,Newell 32,8.64
7238,CA-2017-164924,10/07/2017,10/07/2017,Same Day,EA-14035,Erin Ashbrook,Corporate,United States,Philadelphia,Pennsylvania,19143.0,East,TEC-MA-10000904,Technology,Machines,"Brother MFC-9340CDW LED All-In-One Printer, Copier Scanner",341.991
7239,CA-2017-101651,24/12/2017,30/12/2017,Standard Class,SC-20305,Sean Christensen,Consumer,United States,San Jose,California,95123.0,West,FUR-FU-10000771,Furniture,Furnishings,"Eldon 200 Class Desk Accessories, Smoke",43.96
7243,CA-2018-136651,23/04/2018,25/04/2018,Second Class,JF-15355,Jay Fein,Consumer,United States,Pasadena,California,91104.0,West,FUR-FU-10004864,Furniture,Furnishings,Eldon 500 Class Desk Accessories,24.14
7244,CA-2018-118892,17/08/2018,22/08/2018,Second Class,TP-21415,Tom Prescott,Consumer,United States,Philadelphia,Pennsylvania,19134.0,East,FUR-CH-10002024,Furniture,Chairs,HON 5400 Series Task Chairs for Big and Tall,4416.174
7250,CA-2016-158491,04/06/2016,09/06/2016,Second Class,BP-11155,Becky Pak,Consumer,United States,Los Angeles,California,90008.0,West,TEC-AC-10001874,Technology,Accessories,Logitech Wireless Anywhere Mouse MX for PC and Mac,119.98
7259,CA-2017-152730,30/05/2017,04/06/2017,Standard Class,EM-14140,Eugene Moren,Home Office,United States,Superior,Wisconsin,54880.0,Central,OFF-AR-10000940,Office Supplies,Art,Newell 343,14.7
7260,CA-2017-152730,30/05/2017,04/06/2017,Standard Class,EM-14140,Eugene Moren,Home Office,United States,Superior,Wisconsin,54880.0,Central,OFF-PA-10004888,Office Supplies,Paper,Xerox 217,45.36
7264,CA-2018-156363,22/10/2018,28/10/2018,Standard Class,ML-17395,Marina Lichtenstein,Corporate,United States,Philadelphia,Pennsylvania,19134.0,East,OFF-EN-10003068,Office Supplies,Envelopes,#6 3/4 Gummed Flap White Envelopes,31.68
7266,US-2015-143721,23/11/2015,26/11/2015,Second Class,DK-12835,Damala Kotsonis,Corporate,United States,Houston,Texas,77095.0,Central,FUR-CH-10001973,Furniture,Chairs,Office Star Flex Back Scooter Chair with White Frame,155.372
7268,CA-2018-122987,16/08/2018,16/08/2018,Same Day,SJ-20215,Sarah Jordon,Consumer,United States,Columbia,Tennessee,38401.0,South,OFF-ST-10004950,Office Supplies,Storage,Acco Perma 3000 Stacking Storage Drawers,67.136
7270,CA-2017-133368,14/01/2017,20/01/2017,Standard Class,AG-10675,Anna Gayman,Consumer,United States,Concord,North Carolina,28027.0,South,FUR-FU-10003374,Furniture,Furnishings,Electrix Fluorescent Magnifier Lamps & Weighted Base,315.776
7273,US-2017-150357,10/10/2017,14/10/2017,Standard Class,EB-13975,Erica Bern,Corporate,United States,Greensboro,North Carolina,27405.0,South,OFF-SU-10004498,Office Supplies,Supplies,Martin-Yale Premier Letter Opener,20.608
7274,US-2017-150357,10/10/2017,14/10/2017,Standard Class,EB-13975,Erica Bern,Corporate,United States,Greensboro,North Carolina,27405.0,South,OFF-BI-10002557,Office Supplies,Binders,Presstex Flexible Ring Binders,4.095
7277,CA-2015-120670,02/11/2015,06/11/2015,Standard Class,JK-16120,Julie Kriz,Home Office,United States,Fort Lauderdale,Florida,33311.0,South,TEC-AC-10004171,Technology,Accessories,Razer Kraken 7.1 Surround Sound Over Ear USB Gaming Headset,799.92
7279,CA-2017-157217,19/07/2017,21/07/2017,First Class,TC-21535,Tracy Collins,Home Office,United States,San Francisco,California,94110.0,West,TEC-AC-10003095,Technology,Accessories,Logitech G35 7.1-Channel Surround Sound Headset,389.97
7280,CA-2017-108224,14/05/2017,14/05/2017,Same Day,TH-21235,Tiffany House,Corporate,United States,Yuma,Arizona,85364.0,West,TEC-AC-10003832,Technology,Accessories,Imation 16GB Mini TravelDrive USB 2.0 Flash Drive,185.528
7282,CA-2018-159282,16/10/2018,21/10/2018,Standard Class,GH-14410,Gary Hansen,Home Office,United States,Yuma,Arizona,85364.0,West,TEC-MA-10001148,Technology,Machines,Swingline SM12-08 MicroCut Jam Free Shredder,599.985
7283,CA-2018-155936,22/06/2018,29/06/2018,Standard Class,JK-15730,Joe Kamberova,Consumer,United States,Chicago,Illinois,60653.0,Central,OFF-BI-10002432,Office Supplies,Binders,Wilson Jones Standard D-Ring Binders,3.036
7284,CA-2018-169439,09/09/2018,13/09/2018,Standard Class,LC-17140,Logan Currie,Consumer,United States,Cleveland,Ohio,44105.0,East,OFF-AR-10001374,Office Supplies,Art,"BIC Brite Liner Highlighters, Chisel Tip",25.92
7287,CA-2017-149965,20/06/2017,25/06/2017,Standard Class,BS-11365,Bill Shonely,Corporate,United States,Oklahoma City,Oklahoma,73120.0,Central,TEC-AC-10004877,Technology,Accessories,Imation 30456 USB Flash Drive 8GB,6.9
7300,CA-2015-163468,18/11/2015,21/11/2015,First Class,JK-15730,Joe Kamberova,Consumer,United States,Des Plaines,Illinois,60016.0,Central,FUR-FU-10001546,Furniture,Furnishings,Dana Swing-Arm Lamps,8.544
7303,CA-2015-163468,18/11/2015,21/11/2015,First Class,JK-15730,Joe Kamberova,Consumer,United States,Des Plaines,Illinois,60016.0,Central,OFF-ST-10000025,Office Supplies,Storage,Fellowes Stor/Drawer Steel Plus Storage Drawers,381.72
7305,US-2018-117450,04/09/2018,08/09/2018,Standard Class,DO-13645,Doug O'Connell,Consumer,United States,Boynton Beach,Florida,33437.0,South,OFF-PA-10000289,Office Supplies,Paper,Xerox 213,10.368
7306,CA-2015-137274,29/03/2015,02/04/2015,Standard Class,MG-18145,Mike Gockenbach,Consumer,United States,Plano,Texas,75023.0,Central,FUR-TA-10001889,Furniture,Tables,Bush Advantage Collection Racetrack Conference Table,890.841
7307,CA-2017-144092,05/11/2017,07/11/2017,Second Class,LH-17155,Logan Haushalter,Consumer,United States,San Jose,California,95123.0,West,TEC-AC-10002305,Technology,Accessories,KeyTronic E03601U1 - Keyboard - Beige,72.0
7314,CA-2016-162761,09/10/2016,13/10/2016,Standard Class,SC-20575,Sonia Cooley,Consumer,United States,Miami,Florida,33178.0,South,OFF-AR-10001761,Office Supplies,Art,Avery Hi-Liter Smear-Safe Highlighters,37.376
7316,CA-2018-115322,11/05/2018,16/05/2018,Second Class,ZC-21910,Zuschuss Carroll,Consumer,United States,New York City,New York,10024.0,East,OFF-AR-10004456,Office Supplies,Art,Panasonic KP-4ABK Battery-Operated Pencil Sharpener,43.92
7318,CA-2018-158120,17/11/2018,21/11/2018,Standard Class,KH-16330,Katharine Harms,Corporate,United States,Hillsboro,Oregon,97123.0,West,OFF-PA-10003205,Office Supplies,Paper,"Wirebound Message Forms, Four 2 3/4 x 5 Forms per Page, Pink Paper",19.608
7322,CA-2018-167626,03/09/2018,07/09/2018,Standard Class,MY-18295,Muhammed Yedwab,Corporate,United States,Chicago,Illinois,60623.0,Central,OFF-PA-10003424,Office Supplies,Paper,"""While you Were Out"" Message Book, One Form per Page",8.904
7325,US-2018-126053,05/12/2018,08/12/2018,First Class,CS-11950,Carlos Soltero,Consumer,United States,New York City,New York,10024.0,East,OFF-LA-10003766,Office Supplies,Labels,Self-Adhesive Removable Labels,9.45
7330,US-2015-131275,18/03/2015,24/03/2015,Standard Class,SC-20050,Sample Company A,Home Office,United States,Burbank,California,91505.0,West,OFF-ST-10000078,Office Supplies,Storage,Tennsco 6- and 18-Compartment Lockers,1856.19
7332,CA-2018-115119,26/10/2018,30/10/2018,Standard Class,SC-20440,Shaun Chance,Corporate,United States,Lancaster,Pennsylvania,17602.0,East,TEC-PH-10001433,Technology,Phones,Cisco Small Business SPA 502G VoIP phone,61.542
7334,CA-2016-125563,11/04/2016,17/04/2016,Standard Class,PR-18880,Patrick Ryan,Consumer,United States,Tampa,Florida,33614.0,South,FUR-FU-10001290,Furniture,Furnishings,Executive Impressions Supervisor Wall Clock,67.36
7336,CA-2016-113152,25/12/2016,30/12/2016,Standard Class,JK-15625,Jim Karlsson,Consumer,United States,New York City,New York,10024.0,East,TEC-AC-10002049,Technology,Accessories,Plantronics Savi W720 Multi-Device Wireless Headset System,843.9
7338,CA-2018-165155,21/09/2018,23/09/2018,First Class,BM-11575,Brendan Murry,Corporate,United States,Los Angeles,California,90045.0,West,OFF-ST-10004950,Office Supplies,Storage,"Tenex Personal Filing Tote With Secure Closure Lid, Black/Frost",15.51
7347,CA-2018-168389,11/12/2018,17/12/2018,Standard Class,DV-13045,Darrin Van Huff,Corporate,United States,Jacksonville,Florida,32216.0,South,OFF-AR-10001958,Office Supplies,Art,Stanley Bostitch Contemporary Electric Pencil Sharpeners,13.584
7348,CA-2018-168389,11/12/2018,17/12/2018,Standard Class,DV-13045,Darrin Van Huff,Corporate,United States,Jacksonville,Florida,32216.0,South,FUR-CH-10000225,Furniture,Chairs,"Global Geo Office Task Chair, Gray",64.784
7349,CA-2015-130421,03/03/2015,07/03/2015,Standard Class,SC-20020,Sam Craven,Consumer,United States,Houston,Texas,77095.0,Central,OFF-AP-10002534,Office Supplies,Appliances,3.6 Cubic Foot Counter Height Office Refrigerator,176.772
7357,CA-2017-114748,09/10/2017,14/10/2017,Standard Class,MZ-17335,Maria Zettner,Home Office,United States,Phoenix,Arizona,85023.0,West,OFF-AR-10001315,Office Supplies,Art,Newell 310,1.408
7360,US-2015-115189,30/12/2015,03/01/2016,Second Class,AR-10345,Alex Russell,Corporate,United States,Philadelphia,Pennsylvania,19143.0,East,FUR-TA-10004575,Furniture,Tables,Hon 5100 Series Wood Tables,523.764
7364,CA-2017-127243,28/11/2017,04/12/2017,Standard Class,DS-13180,David Smith,Corporate,United States,Philadelphia,Pennsylvania,19140.0,East,TEC-PH-10004539,Technology,Phones,Wireless Extenders zBoost YX545 SOHO Signal Booster,340.182
7367,CA-2017-127243,28/11/2017,04/12/2017,Standard Class,DS-13180,David Smith,Corporate,United States,Philadelphia,Pennsylvania,19140.0,East,OFF-ST-10002301,Office Supplies,Storage,Tennsco Commercial Shelving,32.544
7368,CA-2017-127243,28/11/2017,04/12/2017,Standard Class,DS-13180,David Smith,Corporate,United States,Philadelphia,Pennsylvania,19140.0,East,FUR-CH-10002647,Furniture,Chairs,"Situations Contoured Folding Chairs, 4/Set",347.802
7371,CA-2015-107769,28/10/2015,01/11/2015,Standard Class,BT-11395,Bill Tyler,Corporate,United States,Garden City,Kansas,67846.0,Central,TEC-PH-10001336,Technology,Phones,Digium D40 VoIP phone,257.98
7372,US-2018-123862,07/01/2018,09/01/2018,Second Class,JF-15190,Jamie Frazer,Consumer,United States,Long Beach,California,90805.0,West,OFF-ST-10000760,Office Supplies,Storage,Eldon Fold 'N Roll Cart System,153.78
7377,US-2018-145597,02/11/2018,05/11/2018,First Class,GG-14650,Greg Guthrie,Corporate,United States,Bloomington,Illinois,61701.0,Central,OFF-AR-10001958,Office Supplies,Art,Stanley Bostitch Contemporary Electric Pencil Sharpeners,54.336
7378,CA-2015-132787,19/09/2015,23/09/2015,Standard Class,MC-18130,Mike Caudle,Corporate,United States,Seattle,Washington,98115.0,West,OFF-ST-10001321,Office Supplies,Storage,"Decoflex Hanging Personal Folder File, Blue",92.52
7387,CA-2017-105732,13/09/2017,18/09/2017,Standard Class,AG-10270,Alejandro Grove,Consumer,United States,Omaha,Nebraska,68104.0,Central,OFF-ST-10004340,Office Supplies,Storage,"Fellowes Mobile File Cart, Black",373.08
7392,CA-2018-160031,04/12/2018,07/12/2018,Second Class,LT-16765,Larry Tron,Consumer,United States,Fairfield,Ohio,45014.0,East,OFF-PA-10000241,Office Supplies,Paper,"IBM Multi-Purpose Copy Paper, 8 1/2 x 11"", Case",74.352
7397,CA-2017-110975,25/12/2017,30/12/2017,Standard Class,DB-12970,Darren Budd,Corporate,United States,New York City,New York,10024.0,East,FUR-CH-10003746,Furniture,Chairs,Hon 4070 Series Pagoda Round Back Stacking Chairs,866.646
7400,CA-2015-124807,12/07/2015,15/07/2015,Second Class,ME-17725,Max Engle,Consumer,United States,Chicago,Illinois,60610.0,Central,TEC-AC-10002857,Technology,Accessories,"Verbatim 25 GB 6x Blu-ray Single Layer Recordable Disc, 1/Pack",23.84
7402,CA-2017-110009,08/09/2017,13/09/2017,Standard Class,TR-21325,Toby Ritter,Consumer,United States,Seattle,Washington,98103.0,West,OFF-PA-10002615,Office Supplies,Paper,"Ampad Gold Fibre Wirebound Steno Books, 6"" x 9"", Gregg Ruled",30.87
7406,CA-2016-100146,14/05/2016,19/05/2016,Standard Class,CB-12535,Claudia Bergmann,Corporate,United States,Camarillo,California,93010.0,West,FUR-CH-10003833,Furniture,Chairs,Novimex Fabric Task Chair,97.568
7426,CA-2017-101693,25/06/2017,27/06/2017,Second Class,LC-17140,Logan Currie,Consumer,United States,Houston,Texas,77070.0,Central,FUR-CH-10001146,Furniture,Chairs,"Global Value Mid-Back Manager's Chair, Gray",85.246
7430,US-2015-164763,17/03/2015,21/03/2015,Standard Class,MH-17440,Mark Haberlin,Corporate,United States,Jackson,Mississippi,39212.0,South,OFF-PA-10003349,Office Supplies,Paper,Xerox 1957,12.96
7445,CA-2018-127474,03/02/2018,07/02/2018,Second Class,RD-19810,Ross DeVincentis,Home Office,United States,Chicago,Illinois,60610.0,Central,OFF-PA-10001166,Office Supplies,Paper,Xerox 2,5.184
7446,CA-2018-127474,03/02/2018,07/02/2018,Second Class,RD-19810,Ross DeVincentis,Home Office,United States,Chicago,Illinois,60610.0,Central,OFF-PA-10001033,Office Supplies,Paper,Xerox 1893,65.584
7448,CA-2018-127474,03/02/2018,07/02/2018,Second Class,RD-19810,Ross DeVincentis,Home Office,United States,Chicago,Illinois,60610.0,Central,OFF-PA-10000418,Office Supplies,Paper,Xerox 189,419.4
7449,CA-2018-115448,11/11/2018,14/11/2018,First Class,MH-18025,Michelle Huthwaite,Consumer,United States,Knoxville,Tennessee,37918.0,South,FUR-FU-10004090,Furniture,Furnishings,"Executive Impressions 14"" Contract Wall Clock",88.92
7453,CA-2018-105669,17/09/2018,22/09/2018,Second Class,SJ-20125,Sanjit Jacobs,Home Office,United States,Houston,Texas,77036.0,Central,TEC-PH-10002415,Technology,Phones,Polycom VoiceStation 500 Conference phone,1415.76
7455,CA-2017-137743,30/07/2017,04/08/2017,Standard Class,KH-16360,Katherine Hughes,Consumer,United States,Chicago,Illinois,60623.0,Central,OFF-LA-10003663,Office Supplies,Labels,Avery 498,9.248
7458,CA-2016-137974,16/04/2016,18/04/2016,First Class,LL-16840,Lauren Leatherbury,Consumer,United States,Waynesboro,Virginia,22980.0,South,OFF-BI-10001036,Office Supplies,Binders,Cardinal EasyOpen D-Ring Binders,9.14
7459,CA-2016-137974,16/04/2016,18/04/2016,First Class,LL-16840,Lauren Leatherbury,Consumer,United States,Waynesboro,Virginia,22980.0,South,FUR-FU-10001468,Furniture,Furnishings,Tenex Antistatic Computer Chair Mats,1196.86
7460,CA-2016-137974,16/04/2016,18/04/2016,First Class,LL-16840,Lauren Leatherbury,Consumer,United States,Waynesboro,Virginia,22980.0,South,FUR-BO-10001519,Furniture,Bookcases,O'Sullivan 3-Shelf Heavy-Duty Bookcases,523.26
7462,US-2016-136987,11/04/2016,14/04/2016,Second Class,AR-10540,Andy Reiter,Consumer,United States,Los Angeles,California,90004.0,West,OFF-PA-10003127,Office Supplies,Paper,Easy-staple paper,52.76
7463,CA-2016-138485,27/02/2016,01/03/2016,Second Class,NP-18670,Nora Paige,Consumer,United States,Seattle,Washington,98105.0,West,TEC-AC-10002076,Technology,Accessories,Microsoft Natural Keyboard Elite,538.92
7465,CA-2017-103709,08/09/2017,15/09/2017,Standard Class,LP-17095,Liz Preis,Consumer,United States,Visalia,California,93277.0,West,OFF-PA-10004610,Office Supplies,Paper,Xerox 1900,34.24
7466,CA-2017-103709,08/09/2017,15/09/2017,Standard Class,LP-17095,Liz Preis,Consumer,United States,Visalia,California,93277.0,West,OFF-ST-10001272,Office Supplies,Storage,"Mini 13-1/2 Capacity Data Binder Rack, Pearl",261.74
7470,CA-2015-138100,15/09/2015,20/09/2015,Standard Class,AA-10315,Alex Avila,Consumer,United States,New York City,New York,10011.0,East,FUR-FU-10002456,Furniture,Furnishings,"Master Caster Door Stop, Large Neon Orange",14.56
7475,CA-2015-167199,06/01/2015,10/01/2015,Standard Class,ME-17320,Maria Etezadi,Home Office,United States,Henderson,Kentucky,42420.0,South,FUR-CH-10004063,Furniture,Chairs,Global Deluxe High-Back Manager's Chair,2573.82
7478,CA-2015-167199,06/01/2015,10/01/2015,Standard Class,ME-17320,Maria Etezadi,Home Office,United States,Henderson,Kentucky,42420.0,South,TEC-PH-10004977,Technology,Phones,GE 30524EE4,391.98
7479,CA-2015-167199,06/01/2015,10/01/2015,Standard Class,ME-17320,Maria Etezadi,Home Office,United States,Henderson,Kentucky,42420.0,South,TEC-PH-10004539,Technology,Phones,Wireless Extenders zBoost YX545 SOHO Signal Booster,755.96
7481,CA-2015-167199,06/01/2015,10/01/2015,Standard Class,ME-17320,Maria Etezadi,Home Office,United States,Henderson,Kentucky,42420.0,South,OFF-PA-10000955,Office Supplies,Paper,Southworth 25% Cotton Granite Paper & Envelopes,6.54
7489,US-2016-134558,19/12/2016,24/12/2016,Second Class,PM-19135,Peter McVee,Home Office,United States,Dover,New Hampshire,3820.0,East,FUR-TA-10003473,Furniture,Tables,Bretford Rectangular Conference Table Tops,1053.164
7497,CA-2018-121048,14/07/2018,18/07/2018,Standard Class,TC-21295,Toby Carlisle,Consumer,United States,Westminster,California,92683.0,West,FUR-FU-10003601,Furniture,Furnishings,"Deflect-o RollaMat Studded, Beveled Mat for Medium Pile Carpeting",276.69
7501,CA-2018-121048,14/07/2018,18/07/2018,Standard Class,TC-21295,Toby Carlisle,Consumer,United States,Westminster,California,92683.0,West,TEC-AC-10000991,Technology,Accessories,Sony Micro Vault Click 8 GB USB 2.0 Flash Drive,140.97
7502,CA-2018-121048,14/07/2018,18/07/2018,Standard Class,TC-21295,Toby Carlisle,Consumer,United States,Westminster,California,92683.0,West,TEC-PH-10004977,Technology,Phones,GE 30524EE4,470.376
7503,US-2018-120147,30/03/2018,30/03/2018,Same Day,TB-21400,Tom Boeckenhauer,Consumer,United States,Los Angeles,California,90036.0,West,OFF-AR-10000817,Office Supplies,Art,Manco Dry-Lighter Erasable Highlighter,6.08
7506,US-2018-106579,08/06/2018,13/06/2018,Standard Class,BW-11200,Ben Wallace,Consumer,United States,Skokie,Illinois,60076.0,Central,OFF-BI-10000309,Office Supplies,Binders,"GBC Twin Loop Wire Binding Elements, 9/16"" Spine, Black",12.176
7507,CA-2015-115889,02/11/2015,06/11/2015,Standard Class,SH-20395,Shahid Hopkins,Consumer,United States,San Francisco,California,94122.0,West,TEC-PH-10001615,Technology,Phones,AT&T CL82213,46.384
7508,CA-2015-115889,02/11/2015,06/11/2015,Standard Class,SH-20395,Shahid Hopkins,Consumer,United States,San Francisco,California,94122.0,West,OFF-ST-10003208,Office Supplies,Storage,Adjustable Depth Letter/Legal Cart,362.92
7509,US-2018-161935,14/07/2018,18/07/2018,Standard Class,JL-15835,John Lee,Consumer,United States,Columbus,Ohio,43229.0,East,OFF-PA-10000605,Office Supplies,Paper,Xerox 1950,9.248
7522,CA-2017-162383,05/09/2017,11/09/2017,Standard Class,MD-17350,Maribeth Dona,Consumer,United States,Lancaster,Ohio,43130.0,East,OFF-BI-10002824,Office Supplies,Binders,Recycled Easel Ring Binders,8.952
7523,CA-2017-162383,05/09/2017,11/09/2017,Standard Class,MD-17350,Maribeth Dona,Consumer,United States,Lancaster,Ohio,43130.0,East,OFF-BI-10001757,Office Supplies,Binders,Pressboard Hanging Data Binders for Unburst Sheets,8.856
7524,CA-2017-162383,05/09/2017,11/09/2017,Standard Class,MD-17350,Maribeth Dona,Consumer,United States,Lancaster,Ohio,43130.0,East,FUR-CH-10004477,Furniture,Chairs,"Global Push Button Manager's Chair, Indigo",85.246
7525,CA-2015-125731,10/09/2015,16/09/2015,Standard Class,CL-12565,Clay Ludtke,Consumer,United States,Gresham,Oregon,97030.0,West,OFF-EN-10003072,Office Supplies,Envelopes,Peel & Seel Envelopes,21.728
7530,US-2018-106145,26/09/2018,26/09/2018,Same Day,RA-19885,Ruben Ausman,Corporate,United States,San Francisco,California,94109.0,West,OFF-BI-10002215,Office Supplies,Binders,"Wilson Jones Hanging View Binder, White, 1""",17.04
7531,US-2018-106145,26/09/2018,26/09/2018,Same Day,RA-19885,Ruben Ausman,Corporate,United States,San Francisco,California,94109.0,West,OFF-BI-10003925,Office Supplies,Binders,Fellowes PB300 Plastic Comb Binding Machine,931.176
7532,CA-2017-107146,17/06/2017,19/06/2017,First Class,LC-16885,Lena Creighton,Consumer,United States,Longmont,Colorado,80501.0,West,FUR-FU-10002298,Furniture,Furnishings,"Rubbermaid ClusterMat Chairmats, Mat Size- 66"" x 60"", Lip 20"" x 11"" -90 Degree Angle",266.352
7533,CA-2017-107146,17/06/2017,19/06/2017,First Class,LC-16885,Lena Creighton,Consumer,United States,Longmont,Colorado,80501.0,West,FUR-CH-10004853,Furniture,Chairs,"Global Manager's Adjustable Task Chair, Storm",483.136
7537,CA-2018-103415,03/12/2018,08/12/2018,Standard Class,MV-17485,Mark Van Huff,Consumer,United States,Houston,Texas,77041.0,Central,FUR-FU-10000820,Furniture,Furnishings,Tensor Brushed Steel Torchiere Floor Lamp,13.592
7539,US-2018-112347,02/12/2018,06/12/2018,Standard Class,BS-11380,Bill Stewart,Corporate,United States,Denver,Colorado,80219.0,West,OFF-ST-10003306,Office Supplies,Storage,Letter Size Cart,114.288
7541,US-2018-112347,02/12/2018,06/12/2018,Standard Class,BS-11380,Bill Stewart,Corporate,United States,Denver,Colorado,80219.0,West,FUR-BO-10003546,Furniture,Bookcases,Hon 4-Shelf Metal Bookcases,242.352
7545,US-2018-112347,02/12/2018,06/12/2018,Standard Class,BS-11380,Bill Stewart,Corporate,United States,Denver,Colorado,80219.0,West,FUR-CH-10002335,Furniture,Chairs,Hon GuestStacker Chair,906.68
7558,CA-2018-159506,27/11/2018,02/12/2018,Standard Class,JR-16210,Justin Ritter,Corporate,United States,Columbus,Indiana,47201.0,Central,OFF-BI-10004519,Office Supplies,Binders,GBC DocuBind P100 Manual Binding Machine,497.94
7564,CA-2018-157672,05/10/2018,07/10/2018,First Class,RB-19795,Ross Baird,Home Office,United States,Denver,Colorado,80219.0,West,TEC-AC-10001714,Technology,Accessories,Logitech MX Performance Wireless Mouse,63.824
7567,CA-2018-140802,21/04/2018,23/04/2018,First Class,KN-16390,Katherine Nockton,Corporate,United States,Houston,Texas,77070.0,Central,TEC-AC-10001998,Technology,Accessories,Logitech LS21 Speaker System - PC Multimedia - 2.1-CH - Wired,47.976
7568,CA-2018-140802,21/04/2018,23/04/2018,First Class,KN-16390,Katherine Nockton,Corporate,United States,Houston,Texas,77070.0,Central,OFF-PA-10001534,Office Supplies,Paper,Xerox 230,20.736
7580,CA-2016-123113,23/11/2016,27/11/2016,Second Class,AT-10735,Annie Thurman,Consumer,United States,Morristown,New Jersey,7960.0,East,OFF-AP-10000275,Office Supplies,Appliances,"Sanyo Counter Height Refrigerator with Crisper, 3.6 Cubic Foot, Stainless Steel/Black",2625.12
7582,CA-2016-169656,13/08/2016,16/08/2016,First Class,EJ-13720,Ed Jacobs,Consumer,United States,Philadelphia,Pennsylvania,19143.0,East,OFF-ST-10003816,Office Supplies,Storage,Fellowes High-Stak Drawer Files,422.856
7584,CA-2015-163223,21/03/2015,25/03/2015,Standard Class,KH-16690,Kristen Hastings,Corporate,United States,Springfield,Virginia,22153.0,South,TEC-PH-10000730,Technology,Phones,Samsung Galaxy S4 Active,3499.93
7585,CA-2015-163223,21/03/2015,25/03/2015,Standard Class,KH-16690,Kristen Hastings,Corporate,United States,Springfield,Virginia,22153.0,South,OFF-LA-10004409,Office Supplies,Labels,Avery 492,14.4
7587,CA-2015-163223,21/03/2015,25/03/2015,Standard Class,KH-16690,Kristen Hastings,Corporate,United States,Springfield,Virginia,22153.0,South,OFF-AR-10001573,Office Supplies,Art,American Pencil,9.32
7589,CA-2018-122945,16/11/2018,22/11/2018,Standard Class,MB-18085,Mick Brown,Consumer,United States,Roseville,California,95661.0,West,FUR-FU-10001196,Furniture,Furnishings,DAX Cubicle Frames - 8x10,17.31
7590,CA-2016-139738,25/09/2016,29/09/2016,Standard Class,DK-12895,Dana Kaydos,Consumer,United States,Rockford,Illinois,61107.0,Central,OFF-AR-10004602,Office Supplies,Art,Boston KS Multi-Size Manual Pencil Sharpener,128.744
7591,CA-2017-158778,05/09/2017,09/09/2017,Standard Class,DB-13210,Dean Braden,Consumer,United States,Philadelphia,Pennsylvania,19134.0,East,FUR-FU-10000260,Furniture,Furnishings,"6"" Cubicle Wall Clock, Black",58.248
7593,CA-2017-158778,05/09/2017,09/09/2017,Standard Class,DB-13210,Dean Braden,Consumer,United States,Philadelphia,Pennsylvania,19134.0,East,OFF-AR-10000896,Office Supplies,Art,Newell 329,7.872
7595,CA-2018-119655,20/04/2018,24/04/2018,Standard Class,CV-12295,Christina VanderZanden,Consumer,United States,Detroit,Michigan,48234.0,Central,OFF-BI-10001989,Office Supplies,Binders,Premium Transparent Presentation Covers by GBC,146.86
7599,CA-2015-131947,17/09/2015,22/09/2015,Standard Class,JA-15970,Joseph Airdo,Consumer,United States,Springfield,Oregon,97477.0,West,OFF-AR-10000411,Office Supplies,Art,Boston 16701 Slimline Battery Pencil Sharpener,38.256
7600,CA-2015-131947,17/09/2015,22/09/2015,Standard Class,JA-15970,Joseph Airdo,Consumer,United States,Springfield,Oregon,97477.0,West,OFF-PA-10000246,Office Supplies,Paper,Riverleaf Stik-Withit Designer Note Cubes,40.24
7601,CA-2015-131947,17/09/2015,22/09/2015,Standard Class,JA-15970,Joseph Airdo,Consumer,United States,Springfield,Oregon,97477.0,West,TEC-MA-10004086,Technology,Machines,Plantronics Single Ear Headset,29.925
7606,CA-2017-101791,27/05/2017,31/05/2017,Standard Class,BS-11665,Brian Stugart,Consumer,United States,Chicago,Illinois,60623.0,Central,FUR-FU-10002191,Furniture,Furnishings,G.E. Halogen Desk Lamp Bulbs,5.584
7607,CA-2017-101791,27/05/2017,31/05/2017,Standard Class,BS-11665,Brian Stugart,Consumer,United States,Chicago,Illinois,60623.0,Central,OFF-ST-10001496,Office Supplies,Storage,Standard Rollaway File with Lock,1297.368
7608,CA-2018-121195,24/12/2018,27/12/2018,First Class,NS-18505,Neola Schneider,Consumer,United States,Dallas,Texas,75220.0,Central,OFF-ST-10000585,Office Supplies,Storage,Economy Rollaway Files,264.32
7609,CA-2018-163209,03/05/2018,07/05/2018,Standard Class,MK-18160,Mike Kennedy,Consumer,United States,San Francisco,California,94122.0,West,OFF-PA-10001166,Office Supplies,Paper,Xerox 2,25.92
7610,CA-2018-163209,03/05/2018,07/05/2018,Standard Class,MK-18160,Mike Kennedy,Consumer,United States,San Francisco,California,94122.0,West,OFF-AR-10003651,Office Supplies,Art,Newell 350,22.96
7615,CA-2016-113740,24/08/2016,28/08/2016,Second Class,SC-20380,Shahid Collister,Consumer,United States,New York City,New York,10035.0,East,FUR-FU-10000010,Furniture,Furnishings,"DAX Value U-Channel Document Frames, Easel Back",14.91
7617,CA-2017-144309,10/12/2017,16/12/2017,Standard Class,CM-12235,Chris McAfee,Consumer,United States,Watertown,New York,13601.0,East,OFF-PA-10001776,Office Supplies,Paper,"Wirebound Message Books, Four 2 3/4"" x 5"" Forms per Page, 600 Sets per Book",18.54
7620,CA-2018-151225,27/10/2018,29/10/2018,First Class,JM-15655,Jim Mitchum,Corporate,United States,Los Angeles,California,90032.0,West,TEC-PH-10004100,Technology,Phones,Griffin GC17055 Auxiliary Audio Cable,71.96
7621,US-2015-144078,25/11/2015,29/11/2015,Standard Class,RB-19435,Richard Bierner,Consumer,United States,Los Angeles,California,90004.0,West,TEC-PH-10001580,Technology,Phones,Logitech Mobile Speakerphone P710e - speaker phone,539.92
7625,CA-2016-136805,23/05/2016,27/05/2016,Second Class,NM-18445,Nathan Mautz,Home Office,United States,Detroit,Michigan,48234.0,Central,OFF-AP-10001394,Office Supplies,Appliances,Harmony Air Purifier,850.5
7626,CA-2016-136805,23/05/2016,27/05/2016,Second Class,NM-18445,Nathan Mautz,Home Office,United States,Detroit,Michigan,48234.0,Central,FUR-FU-10003724,Furniture,Furnishings,Westinghouse Clip-On Gooseneck Lamps,75.33
7627,US-2016-159499,21/11/2016,23/11/2016,Second Class,EM-14095,Eudokia Martin,Corporate,United States,Phoenix,Arizona,85023.0,West,OFF-AP-10002867,Office Supplies,Appliances,Fellowes Command Center 5-outlet power strip,325.632
7628,US-2016-159499,21/11/2016,23/11/2016,Second Class,EM-14095,Eudokia Martin,Corporate,United States,Phoenix,Arizona,85023.0,West,TEC-AC-10002718,Technology,Accessories,Belkin Standard 104 key USB Keyboard,23.344
7637,US-2018-158526,29/12/2018,01/01/2019,Second Class,KH-16360,Katherine Hughes,Consumer,United States,Louisville,Kentucky,40214.0,South,FUR-CH-10001270,Furniture,Chairs,Harbour Creations Steel Folding Chair,258.75
7641,CA-2018-104885,02/03/2018,08/03/2018,Standard Class,DB-13555,Dorothy Badders,Corporate,United States,Newark,Delaware,19711.0,East,OFF-PA-10002764,Office Supplies,Paper,Easy-staple paper,68.04
7646,CA-2016-161452,05/04/2016,11/04/2016,Standard Class,CA-11965,Carol Adams,Corporate,United States,Los Angeles,California,90036.0,West,FUR-CH-10003973,Furniture,Chairs,GuestStacker Chair with Chrome Finish Legs,892.224
7653,CA-2018-110821,07/08/2018,08/08/2018,First Class,CK-12205,Chloris Kastensmidt,Consumer,United States,Dallas,Texas,75081.0,Central,OFF-ST-10002790,Office Supplies,Storage,Safco Industrial Shelving,118.16
7659,CA-2018-155740,30/07/2018,02/08/2018,First Class,TC-21475,Tony Chapman,Home Office,United States,Lakewood,Ohio,44107.0,East,OFF-BI-10001071,Office Supplies,Binders,GBC ProClick Punch Binding System,76.776
7665,CA-2015-151967,22/10/2015,26/10/2015,Standard Class,NB-18580,Nicole Brennan,Corporate,United States,Bossier City,Louisiana,71111.0,South,FUR-FU-10000193,Furniture,Furnishings,Tenex Chairmats For Use with Hard Floors,129.92
7667,US-2017-140158,04/10/2017,08/10/2017,Standard Class,DR-12940,Daniel Raglin,Home Office,United States,Providence,Rhode Island,2908.0,East,TEC-CO-10001449,Technology,Copiers,Hewlett Packard LaserJet 3310 Copier,5399.91
7670,CA-2016-130974,27/11/2016,29/11/2016,Second Class,MA-17560,Matt Abelman,Home Office,United States,Everett,Massachusetts,2149.0,East,OFF-PA-10001019,Office Supplies,Paper,Xerox 1884,59.94
7672,CA-2016-130974,27/11/2016,29/11/2016,Second Class,MA-17560,Matt Abelman,Home Office,United States,Everett,Massachusetts,2149.0,East,FUR-BO-10002916,Furniture,Bookcases,"Rush Hierlooms Collection 1"" Thick Stackable Bookcases",170.98
7690,US-2018-128951,15/07/2018,17/07/2018,First Class,RS-19420,Ricardo Sperren,Corporate,United States,Suffolk,Virginia,23434.0,South,OFF-AP-10002191,Office Supplies,Appliances,Belkin 8 Outlet SurgeMaster II Gold Surge Protector,179.94
7691,US-2018-128951,15/07/2018,17/07/2018,First Class,RS-19420,Ricardo Sperren,Corporate,United States,Suffolk,Virginia,23434.0,South,FUR-TA-10004575,Furniture,Tables,Hon 5100 Series Wood Tables,872.94
7693,CA-2015-102330,29/12/2015,03/01/2016,Standard Class,AI-10855,Arianne Irving,Consumer,United States,Brentwood,California,94513.0,West,OFF-LA-10003923,Office Supplies,Labels,Alphabetical Labels for Top Tab Filing,88.8
7699,CA-2018-151799,14/12/2018,18/12/2018,Standard Class,BF-11170,Ben Ferrer,Home Office,United States,Lawrence,Massachusetts,1841.0,East,OFF-ST-10002790,Office Supplies,Storage,Safco Industrial Shelving,73.85
7703,CA-2017-114601,26/08/2017,02/09/2017,Standard Class,AA-10480,Andrew Allen,Consumer,United States,Detroit,Michigan,48234.0,Central,OFF-PA-10000605,Office Supplies,Paper,Xerox 1950,11.56
7704,CA-2017-114601,26/08/2017,02/09/2017,Standard Class,AA-10480,Andrew Allen,Consumer,United States,Detroit,Michigan,48234.0,Central,TEC-PH-10002170,Technology,Phones,ClearSounds CSC500 Amplified Spirit Phone Corded phone,209.97
7707,CA-2017-114601,26/08/2017,02/09/2017,Standard Class,AA-10480,Andrew Allen,Consumer,United States,Detroit,Michigan,48234.0,Central,OFF-AR-10002578,Office Supplies,Art,Newell 335,8.64
7709,CA-2015-139542,25/10/2015,29/10/2015,Standard Class,EH-14185,Evan Henry,Consumer,United States,Philadelphia,Pennsylvania,19120.0,East,TEC-AC-10001553,Technology,Accessories,"Memorex 25GB 6X Branded Blu-Ray Recordable Disc, 15/Pack",40.776
7711,US-2016-142811,02/04/2016,07/04/2016,Standard Class,JL-15850,John Lucas,Consumer,United States,Mesa,Arizona,85204.0,West,TEC-PH-10003095,Technology,Phones,Samsung HM1900 Bluetooth Headset,87.8
7713,CA-2018-139353,28/10/2018,30/10/2018,Second Class,JM-15250,Janet Martin,Consumer,United States,Fayetteville,North Carolina,28314.0,South,OFF-ST-10001522,Office Supplies,Storage,"Gould Plastics 18-Pocket Panel Bin, 34w x 5-1/4d x 20-1/2h",147.184
7719,US-2018-146213,09/09/2018,14/09/2018,Standard Class,MC-17605,Matt Connell,Corporate,United States,Los Angeles,California,90032.0,West,TEC-AC-10001114,Technology,Accessories,Microsoft Wireless Mobile Mouse 4000,159.96
7721,CA-2016-108588,05/01/2016,10/01/2016,Standard Class,BG-11695,Brooke Gillingham,Corporate,United States,New York City,New York,10009.0,East,OFF-EN-10000461,Office Supplies,Envelopes,"#10- 4 1/8"" x 9 1/2"" Recycled Envelopes",17.48
7723,US-2018-138086,16/04/2018,20/04/2018,Standard Class,JO-15550,Jesus Ocampo,Home Office,United States,San Francisco,California,94109.0,West,OFF-AP-10000027,Office Supplies,Appliances,Hoover Commercial SteamVac,40.74
7727,CA-2017-113978,25/09/2017,29/09/2017,Standard Class,TS-21505,Tony Sayre,Consumer,United States,Cleveland,Ohio,44105.0,East,OFF-ST-10002574,Office Supplies,Storage,"SAFCO Commercial Wire Shelving, Black",331.536
7730,US-2017-109260,26/09/2017,01/10/2017,Standard Class,TN-21040,Tanja Norvell,Home Office,United States,Tallahassee,Florida,32303.0,South,TEC-AC-10002637,Technology,Accessories,Logitech VX Revolution Cordless Laser Mouse for Notebooks (Black),431.976
7733,CA-2018-143294,02/06/2018,08/06/2018,Standard Class,JD-15790,John Dryer,Consumer,United States,Houston,Texas,77070.0,Central,OFF-PA-10000743,Office Supplies,Paper,Xerox 1977,10.688
7741,CA-2015-154781,21/11/2015,26/11/2015,Standard Class,SC-20680,Steve Carroll,Home Office,United States,San Francisco,California,94110.0,West,TEC-AC-10000474,Technology,Accessories,Kensington Expert Mouse Optical USB Trackball for PC or Mac,94.99
7742,CA-2016-147816,24/09/2016,26/09/2016,Second Class,CM-11935,Carlos Meador,Consumer,United States,Tucson,Arizona,85705.0,West,TEC-PH-10003095,Technology,Phones,Samsung HM1900 Bluetooth Headset,35.12
7748,CA-2016-156153,31/05/2016,02/06/2016,Second Class,CW-11905,Carl Weiss,Home Office,United States,Long Beach,New York,11561.0,East,OFF-FA-10003472,Office Supplies,Fasteners,Bagged Rubber Bands,7.56
7749,CA-2016-133242,18/06/2016,24/06/2016,Standard Class,KH-16510,Keith Herrera,Consumer,United States,Arlington,Virginia,22204.0,South,FUR-FU-10003464,Furniture,Furnishings,"Seth Thomas 8 1/2"" Cubicle Clock",60.84
7750,CA-2016-133242,18/06/2016,24/06/2016,Standard Class,KH-16510,Keith Herrera,Consumer,United States,Arlington,Virginia,22204.0,South,OFF-ST-10003716,Office Supplies,Storage,Tennsco Double-Tier Lockers,450.04
7751,CA-2016-133242,18/06/2016,24/06/2016,Standard Class,KH-16510,Keith Herrera,Consumer,United States,Arlington,Virginia,22204.0,South,OFF-BI-10004002,Office Supplies,Binders,Wilson Jones International Size A4 Ring Binders,34.6
7756,CA-2018-100902,17/11/2018,21/11/2018,Standard Class,CK-12595,Clytie Kelty,Consumer,United States,Charlotte,North Carolina,28205.0,South,OFF-PA-10002558,Office Supplies,Paper,Xerox 1938,268.24
7757,CA-2018-100902,17/11/2018,21/11/2018,Standard Class,CK-12595,Clytie Kelty,Consumer,United States,Charlotte,North Carolina,28205.0,South,TEC-AC-10003174,Technology,Accessories,Plantronics S12 Corded Telephone Headset System,431.16
7758,CA-2018-112844,13/11/2018,16/11/2018,Second Class,SP-20620,Stefania Perrino,Corporate,United States,Buffalo,New York,14215.0,East,TEC-PH-10003988,Technology,Phones,"LF Elite 3D Dazzle Designer Hard Case Cover, Lf Stylus Pen and Wiper For Apple Iphone 5c Mini Lite",43.6
7760,CA-2017-158925,24/10/2017,28/10/2017,Standard Class,JP-15460,Jennifer Patt,Corporate,United States,Houston,Texas,77041.0,Central,OFF-PA-10003072,Office Supplies,Paper,"Eureka Recycled Copy Paper 8 1/2"" x 11"", Ream",15.552
7761,CA-2015-155390,06/12/2015,11/12/2015,Standard Class,BG-11035,Barry Gonzalez,Consumer,United States,Memphis,Tennessee,38109.0,South,OFF-PA-10003641,Office Supplies,Paper,Xerox 1909,42.208
7763,CA-2018-156391,26/09/2018,28/09/2018,First Class,SL-20155,Sara Luxemburg,Home Office,United States,Salem,Oregon,97301.0,West,OFF-AR-10003251,Office Supplies,Art,Prang Drawing Pencil Set,2.224
7766,US-2018-118941,12/08/2018,12/08/2018,Same Day,BB-11545,Brenda Bowman,Corporate,United States,Columbia,Maryland,21044.0,East,FUR-CH-10002331,Furniture,Chairs,Hon 4700 Series Mobuis Mid-Back Task Chairs with Adjustable Arms,1779.9
7767,US-2018-118941,12/08/2018,12/08/2018,Same Day,BB-11545,Brenda Bowman,Corporate,United States,Columbia,Maryland,21044.0,East,OFF-AR-10001953,Office Supplies,Art,Boston 1645 Deluxe Heavier-Duty Electric Pencil Sharpener,219.9
7771,CA-2017-155978,01/08/2017,01/08/2017,Same Day,TS-21205,Thomas Seio,Corporate,United States,Riverside,California,92503.0,West,OFF-AP-10002892,Office Supplies,Appliances,Belkin F5C206VTEL 6 Outlet Surge,45.96
7774,CA-2017-108196,25/11/2017,02/12/2017,Standard Class,CS-12505,Cindy Stewart,Consumer,United States,Lancaster,Ohio,43130.0,East,TEC-AC-10000926,Technology,Accessories,NETGEAR RangeMax WNR1000 Wireless Router,59.976
7776,CA-2015-166961,27/12/2015,31/12/2015,Standard Class,CD-12790,Cynthia Delaney,Home Office,United States,Moreno Valley,California,92553.0,West,OFF-AP-10001366,Office Supplies,Appliances,Staple holder,10.98
7782,CA-2016-132136,08/03/2016,12/03/2016,Standard Class,FO-14305,Frank Olsen,Consumer,United States,Chicago,Illinois,60623.0,Central,OFF-BI-10002706,Office Supplies,Binders,Avery Premier Heavy-Duty Binder with Round Locking Rings,8.568
7785,CA-2017-162236,04/11/2017,06/11/2017,Second Class,ER-13855,Elpida Rittenbach,Corporate,United States,Charlotte,North Carolina,28205.0,South,OFF-SU-10003505,Office Supplies,Supplies,Premier Electric Letter Opener,185.376
7788,US-2017-117037,17/05/2017,20/05/2017,First Class,LW-17215,Luke Weiss,Consumer,United States,Chicago,Illinois,60653.0,Central,OFF-FA-10000936,Office Supplies,Fasteners,Acco Hot Clips Clips to Go,7.896
7793,CA-2018-169362,12/10/2018,15/10/2018,First Class,SP-20860,Sung Pak,Corporate,United States,Dallas,Texas,75217.0,Central,TEC-AC-10001383,Technology,Accessories,Logitech Wireless Touch Keyboard K400,39.984
7796,CA-2016-112711,12/07/2016,18/07/2016,Standard Class,FM-14380,Fred McMath,Consumer,United States,Amarillo,Texas,79109.0,Central,TEC-PH-10000526,Technology,Phones,Vtech CS6719,307.168
7798,CA-2018-166184,24/03/2018,27/03/2018,First Class,HR-14830,Harold Ryan,Corporate,United States,New York City,New York,10035.0,East,OFF-EN-10004483,Office Supplies,Envelopes,"#10 White Business Envelopes,4 1/8 x 9 1/2",47.01
7800,CA-2018-166184,24/03/2018,27/03/2018,First Class,HR-14830,Harold Ryan,Corporate,United States,New York City,New York,10035.0,East,FUR-CH-10003396,Furniture,Chairs,Global Deluxe Steno Chair,207.846
7804,CA-2016-102260,22/09/2016,26/09/2016,Standard Class,SJ-20125,Sanjit Jacobs,Home Office,United States,Franklin,Tennessee,37064.0,South,OFF-ST-10003716,Office Supplies,Storage,Tennsco Double-Tier Lockers,720.064
7808,US-2017-137295,08/01/2017,13/01/2017,Standard Class,VS-21820,Vivek Sundaresam,Consumer,United States,Raleigh,North Carolina,27604.0,South,OFF-BI-10004236,Office Supplies,Binders,"XtraLife ClearVue Slant-D Ring Binder, White, 3""",30.828
7810,US-2017-137295,08/01/2017,13/01/2017,Standard Class,VS-21820,Vivek Sundaresam,Consumer,United States,Raleigh,North Carolina,27604.0,South,TEC-PH-10004080,Technology,Phones,Avaya 5410 Digital phone,108.784
7813,CA-2017-134334,14/02/2017,15/02/2017,First Class,DK-13090,Dave Kipp,Consumer,United States,Clinton,Maryland,20735.0,East,FUR-TA-10002356,Furniture,Tables,Bevis Boat-Shaped Conference Table,550.431
7816,US-2018-109316,08/06/2018,10/06/2018,First Class,MG-17680,Maureen Gastineau,Home Office,United States,Los Angeles,California,90049.0,West,TEC-PH-10000307,Technology,Phones,Shocksock Galaxy S4 Armband,17.52
7818,CA-2017-138478,21/10/2017,26/10/2017,Second Class,DP-13390,Dennis Pardue,Home Office,United States,North Las Vegas,Nevada,89031.0,West,OFF-PA-10001801,Office Supplies,Paper,Xerox 193,35.88
7820,CA-2018-150469,26/01/2018,30/01/2018,Standard Class,CJ-12010,Caroline Jumper,Consumer,United States,San Francisco,California,94109.0,West,OFF-FA-10000611,Office Supplies,Fasteners,Binder Clips by OIC,11.84
7821,CA-2018-152436,08/12/2018,10/12/2018,Second Class,CW-11905,Carl Weiss,Home Office,United States,Cranston,Rhode Island,2920.0,East,OFF-ST-10000036,Office Supplies,Storage,"Recycled Data-Pak for Archival Bound Computer Printouts, 12-1/2 x 12-1/2 x 16",592.74
7822,CA-2017-169334,21/10/2017,24/10/2017,Second Class,GW-14605,Giulietta Weimer,Consumer,United States,Jackson,Tennessee,38301.0,South,OFF-ST-10004950,Office Supplies,Storage,"Tenex Personal Filing Tote With Secure Closure Lid, Black/Frost",111.672
7826,CA-2016-127327,03/02/2016,07/02/2016,Standard Class,PW-19030,Pauline Webber,Corporate,United States,Rome,New York,13440.0,East,FUR-CH-10004218,Furniture,Chairs,"Global Fabric Manager's Chair, Dark Gray",90.882
7829,CA-2016-137302,26/04/2016,01/05/2016,Standard Class,BW-11110,Bart Watters,Corporate,United States,San Diego,California,92105.0,West,FUR-CH-10002017,Furniture,Chairs,SAFCO Optional Arm Kit for Workspace Cribbage Stacking Chair,63.936
7830,CA-2016-137302,26/04/2016,01/05/2016,Standard Class,BW-11110,Bart Watters,Corporate,United States,San Diego,California,92105.0,West,OFF-AR-10000588,Office Supplies,Art,Newell 345,59.52
7839,CA-2016-149083,25/09/2016,30/09/2016,Standard Class,SH-19975,Sally Hughsby,Corporate,United States,Seattle,Washington,98103.0,West,TEC-AC-10002567,Technology,Accessories,Logitech G602 Wireless Gaming Mouse,159.98
7840,US-2015-137869,28/03/2015,02/04/2015,Standard Class,CV-12295,Christina VanderZanden,Consumer,United States,Des Moines,Iowa,50315.0,Central,OFF-EN-10001509,Office Supplies,Envelopes,Poly String Tie Envelopes,6.12
7841,US-2015-137869,28/03/2015,02/04/2015,Standard Class,CV-12295,Christina VanderZanden,Consumer,United States,Des Moines,Iowa,50315.0,Central,FUR-TA-10003954,Furniture,Tables,Hon 94000 Series Round Tables,1184.72
7843,CA-2015-158470,19/04/2015,23/04/2015,Second Class,AG-10390,Allen Goldenen,Consumer,United States,Arlington,Virginia,22204.0,South,OFF-BI-10003638,Office Supplies,Binders,GBC Durable Plastic Covers,58.05
7847,CA-2016-125976,27/09/2016,02/10/2016,Standard Class,JK-15205,Jamie Kunitz,Consumer,United States,Arlington,Virginia,22204.0,South,TEC-PH-10002496,Technology,Phones,Cisco SPA301,1871.88
7851,CA-2017-104311,02/05/2017,06/05/2017,Standard Class,AS-10090,Adam Shillingsburg,Consumer,United States,Irving,Texas,75061.0,Central,OFF-LA-10000973,Office Supplies,Labels,Avery 502,5.04
7855,CA-2018-135587,07/12/2018,12/12/2018,Standard Class,BH-11710,Brosina Hoffman,Consumer,United States,Hattiesburg,Mississippi,39401.0,South,OFF-AP-10004540,Office Supplies,Appliances,"Eureka The Boss Lite 10-Amp Upright Vacuum, Blue",320.64
7860,CA-2015-103429,30/05/2015,01/06/2015,First Class,LW-16825,Laurel Workman,Corporate,United States,New York City,New York,10024.0,East,OFF-PA-10001712,Office Supplies,Paper,Xerox 1948,39.96
7862,CA-2016-142993,12/10/2016,17/10/2016,Standard Class,KA-16525,Kelly Andreada,Consumer,United States,Seattle,Washington,98103.0,West,TEC-AC-10003038,Technology,Accessories,Kingston Digital DataTraveler 16GB USB 2.0,17.9
7866,CA-2016-143364,14/07/2016,19/07/2016,Second Class,TG-21310,Toby Gnade,Consumer,United States,Mesa,Arizona,85204.0,West,FUR-CH-10004287,Furniture,Chairs,SAFCO Arco Folding Chair,441.92
7867,CA-2016-143364,14/07/2016,19/07/2016,Second Class,TG-21310,Toby Gnade,Consumer,United States,Mesa,Arizona,85204.0,West,FUR-BO-10001608,Furniture,Bookcases,"Hon Metal Bookcases, Black",127.764
7869,CA-2017-136994,27/05/2017,02/06/2017,Standard Class,LS-17245,Lynn Smith,Consumer,United States,Los Angeles,California,90045.0,West,OFF-PA-10000575,Office Supplies,Paper,"Wirebound Message Books, Four 2 3/4 x 5 White Forms per Page",13.38
7872,CA-2017-101672,03/10/2017,07/10/2017,Standard Class,DB-12910,Daniel Byrd,Home Office,United States,Lake Forest,California,92630.0,West,OFF-LA-10002271,Office Supplies,Labels,Smead Alpha-Z Color-Coded Second Alphabetical Labels and Starter Set,6.16
7873,CA-2017-101672,03/10/2017,07/10/2017,Standard Class,DB-12910,Daniel Byrd,Home Office,United States,Lake Forest,California,92630.0,West,FUR-CH-10004063,Furniture,Chairs,Global Deluxe High-Back Manager's Chair,915.136
7877,CA-2018-168403,09/09/2018,15/09/2018,Standard Class,DK-12835,Damala Kotsonis,Corporate,United States,Portland,Oregon,97206.0,West,OFF-AP-10003278,Office Supplies,Appliances,Belkin 7-Outlet SurgeMaster Home Series,11.176
7887,CA-2018-118017,03/12/2018,06/12/2018,Second Class,LC-16870,Lena Cacioppo,Consumer,United States,Thornton,Colorado,80229.0,West,FUR-FU-10004270,Furniture,Furnishings,"Eldon Image Series Desk Accessories, Burgundy",16.72
7888,CA-2018-118017,03/12/2018,06/12/2018,Second Class,LC-16870,Lena Cacioppo,Consumer,United States,Thornton,Colorado,80229.0,West,FUR-FU-10004053,Furniture,Furnishings,DAX Two-Tone Silver Metal Document Frame,16.192
7889,CA-2017-113117,16/08/2017,22/08/2017,Standard Class,JP-15520,Jeremy Pistek,Consumer,United States,Davis,California,95616.0,West,OFF-PA-10000019,Office Supplies,Paper,Xerox 1931,32.4
7894,CA-2018-125367,23/07/2018,30/07/2018,Standard Class,NM-18445,Nathan Mautz,Home Office,United States,New York City,New York,10011.0,East,OFF-BI-10002412,Office Supplies,Binders,Wilson Jones “Snap” Scratch Pad Binder Tool for Ring Binders,13.92
7895,CA-2018-124744,21/06/2018,25/06/2018,Standard Class,EH-14125,Eugene Hildebrand,Home Office,United States,Wheeling,West Virginia,26003.0,East,OFF-BI-10002852,Office Supplies,Binders,Ibico Standard Transparent Covers,82.4
7900,CA-2018-128363,13/08/2018,18/08/2018,Standard Class,DC-12850,Dan Campbell,Consumer,United States,Memphis,Tennessee,38109.0,South,OFF-FA-10003495,Office Supplies,Fasteners,Staples,24.32
7903,CA-2018-128363,13/08/2018,18/08/2018,Standard Class,DC-12850,Dan Campbell,Consumer,United States,Memphis,Tennessee,38109.0,South,OFF-EN-10003845,Office Supplies,Envelopes,Colored Envelopes,14.76
7904,CA-2018-128363,13/08/2018,18/08/2018,Standard Class,DC-12850,Dan Campbell,Consumer,United States,Memphis,Tennessee,38109.0,South,FUR-CH-10002073,Furniture,Chairs,Hon Olson Stacker Chairs,423.648
7908,CA-2017-112585,30/07/2017,02/08/2017,First Class,RW-19630,Rob Williams,Corporate,United States,San Francisco,California,94122.0,West,OFF-AP-10003849,Office Supplies,Appliances,Hoover Shoulder Vac Commercial Portable Vacuum,715.64
7914,US-2018-105697,25/08/2018,27/08/2018,First Class,JE-15715,Joe Elijah,Consumer,United States,Cleveland,Ohio,44105.0,East,OFF-ST-10003996,Office Supplies,Storage,"Letter/Legal File Tote with Clear Snap-On Lid, Black Granite",25.696
7916,CA-2018-165323,17/06/2018,21/06/2018,Standard Class,SR-20740,Steven Roelle,Home Office,United States,New York City,New York,10024.0,East,TEC-AC-10004992,Technology,Accessories,Kingston Digital DataTraveler 64GB USB 2.0,101.34
7920,CA-2018-139822,15/09/2018,21/09/2018,Standard Class,Dp-13240,Dean percer,Home Office,United States,Waterbury,Connecticut,6708.0,East,OFF-ST-10000943,Office Supplies,Storage,Eldon ProFile File 'N Store Portable File Tub Letter/Legal Size Black,38.62
7922,CA-2018-107713,13/03/2018,17/03/2018,Standard Class,JB-16000,Joy Bell-,Consumer,United States,Columbia,Maryland,21044.0,East,OFF-BI-10002026,Office Supplies,Binders,Avery Arch Ring Binders,174.3
7923,CA-2018-134096,24/09/2018,29/09/2018,Standard Class,PP-18955,Paul Prost,Home Office,United States,Hollywood,Florida,33021.0,South,TEC-PH-10000526,Technology,Phones,Vtech CS6719,383.96
7924,CA-2018-134096,24/09/2018,29/09/2018,Standard Class,PP-18955,Paul Prost,Home Office,United States,Hollywood,Florida,33021.0,South,OFF-BI-10004002,Office Supplies,Binders,Wilson Jones International Size A4 Ring Binders,15.57
7927,CA-2018-120404,20/11/2018,24/11/2018,Second Class,KH-16330,Katharine Harms,Corporate,United States,New York City,New York,10035.0,East,TEC-AC-10003433,Technology,Accessories,Maxell 4.7GB DVD+R 5/Pack,2.97
7928,CA-2018-120404,20/11/2018,24/11/2018,Second Class,KH-16330,Katharine Harms,Corporate,United States,New York City,New York,10035.0,East,TEC-PH-10001363,Technology,Phones,Apple iPhone 5S,569.99
7932,US-2017-168095,15/07/2017,20/07/2017,Standard Class,MC-17425,Mark Cousins,Corporate,United States,Portland,Oregon,97206.0,West,FUR-CH-10004886,Furniture,Chairs,Bevis Steel Folding Chairs,230.28
7935,CA-2018-166093,17/08/2018,24/08/2018,Standard Class,RW-19540,Rick Wilson,Corporate,United States,Brentwood,California,94513.0,West,TEC-PH-10002564,Technology,Phones,OtterBox Defender Series Case - Samsung Galaxy S4,71.976
7937,CA-2018-166093,17/08/2018,24/08/2018,Standard Class,RW-19540,Rick Wilson,Corporate,United States,Brentwood,California,94513.0,West,OFF-BI-10000174,Office Supplies,Binders,"Wilson Jones Clip & Carry Folder Binder Tool for Ring Binders, Clear",13.92
7938,CA-2018-166093,17/08/2018,24/08/2018,Standard Class,RW-19540,Rick Wilson,Corporate,United States,Brentwood,California,94513.0,West,OFF-AP-10001058,Office Supplies,Appliances,Sanyo 2.5 Cubic Foot Mid-Size Office Refrigerators,2518.29
7939,CA-2018-166093,17/08/2018,24/08/2018,Standard Class,RW-19540,Rick Wilson,Corporate,United States,Brentwood,California,94513.0,West,OFF-ST-10001496,Office Supplies,Storage,Standard Rollaway File with Lock,540.57
7941,CA-2017-146325,14/12/2017,17/12/2017,First Class,DS-13180,David Smith,Corporate,United States,San Diego,California,92037.0,West,FUR-CH-10001146,Furniture,Chairs,"Global Task Chair, Black",81.424
7946,CA-2018-134194,25/12/2018,01/01/2019,Standard Class,GA-14725,Guy Armstrong,Consumer,United States,Dallas,Texas,75081.0,Central,OFF-BI-10001597,Office Supplies,Binders,"Wilson Jones Ledger-Size, Piano-Hinge Binder, 2"", Blue",40.98
7948,CA-2015-131009,01/03/2015,05/03/2015,Standard Class,SC-20380,Shahid Collister,Consumer,United States,El Paso,Texas,79907.0,Central,OFF-FA-10004395,Office Supplies,Fasteners,Plymouth Boxed Rubber Bands by Plymouth,18.84
7950,CA-2015-131009,01/03/2015,05/03/2015,Standard Class,SC-20380,Shahid Collister,Consumer,United States,El Paso,Texas,79907.0,Central,FUR-FU-10001095,Furniture,Furnishings,DAX Black Cherry Wood-Tone Poster Frame,63.552
7954,CA-2015-138359,01/04/2015,06/04/2015,Standard Class,KH-16330,Katharine Harms,Corporate,United States,Revere,Massachusetts,2151.0,East,OFF-ST-10000636,Office Supplies,Storage,Rogers Profile Extra Capacity Storage Tub,66.96
7961,CA-2018-131807,05/10/2018,10/10/2018,Standard Class,GG-14650,Greg Guthrie,Corporate,United States,Chico,California,95928.0,West,TEC-PH-10000702,Technology,Phones,"Square Credit Card Reader, 4 1/2"" x 4 1/2"" x 1"", White",7.992
7965,CA-2018-104864,18/11/2018,23/11/2018,Second Class,JS-15685,Jim Sink,Corporate,United States,Miramar,Florida,33023.0,South,OFF-PA-10004609,Office Supplies,Paper,Xerox 221,20.736
7967,CA-2016-138219,23/03/2016,30/03/2016,Standard Class,BP-11095,Bart Pistole,Corporate,United States,Los Angeles,California,90049.0,West,OFF-PA-10000380,Office Supplies,Paper,"REDIFORM Incoming/Outgoing Call Register, 11"" X 8 1/2"", 100 Messages",33.36
7970,CA-2017-157707,10/10/2017,12/10/2017,First Class,CC-12610,Corey Catlett,Corporate,United States,Denver,Colorado,80219.0,West,FUR-CH-10004853,Furniture,Chairs,"Global Manager's Adjustable Task Chair, Storm",120.784
7972,US-2016-126753,16/08/2016,20/08/2016,Standard Class,SP-20860,Sung Pak,Corporate,United States,Philadelphia,Pennsylvania,19134.0,East,TEC-AC-10004227,Technology,Accessories,SanDisk Ultra 16 GB MicroSDHC Class 10 Memory Card,31.176
7978,CA-2015-166051,31/05/2015,05/06/2015,Standard Class,JK-15625,Jim Karlsson,Consumer,United States,Jackson,Mississippi,39212.0,South,TEC-PH-10002680,Technology,Phones,Samsung Galaxy Note 3,659.97
7979,CA-2015-166051,31/05/2015,05/06/2015,Standard Class,JK-15625,Jim Karlsson,Consumer,United States,Jackson,Mississippi,39212.0,South,TEC-PH-10002538,Technology,Phones,Grandstream GXP1160 VoIP phone,113.73
7984,CA-2018-152499,22/01/2018,25/01/2018,Second Class,EH-13765,Edward Hooks,Corporate,United States,Chicago,Illinois,60623.0,Central,OFF-FA-10002975,Office Supplies,Fasteners,Staples,15.12
7986,CA-2017-151498,21/04/2017,24/04/2017,First Class,DN-13690,Duane Noonan,Consumer,United States,Seattle,Washington,98115.0,West,OFF-BI-10004967,Office Supplies,Binders,Round Ring Binders,8.32
7994,US-2016-165743,20/11/2016,23/11/2016,Second Class,MM-18055,Michelle Moray,Consumer,United States,Aurora,Colorado,80013.0,West,OFF-BI-10001982,Office Supplies,Binders,Wilson Jones Custom Binder Spines & Labels,4.896
8009,CA-2016-110863,17/11/2016,24/11/2016,Standard Class,AA-10645,Anna Andreadi,Consumer,United States,Oklahoma City,Oklahoma,73120.0,Central,OFF-PA-10000474,Office Supplies,Paper,Easy-staple paper,106.32
8010,CA-2016-110863,17/11/2016,24/11/2016,Standard Class,AA-10645,Anna Andreadi,Consumer,United States,Oklahoma City,Oklahoma,73120.0,Central,FUR-CH-10002073,Furniture,Chairs,Hon Olson Stacker Chairs,1323.9
8012,US-2016-136427,20/06/2016,23/06/2016,First Class,JM-16195,Justin MacKendrick,Consumer,United States,Aurora,Colorado,80013.0,West,TEC-PH-10002070,Technology,Phones,Griffin GC36547 PowerJolt SE Lightning Charger,125.944
8014,CA-2018-120168,25/05/2018,25/05/2018,Same Day,TB-21625,Trudy Brown,Consumer,United States,New York City,New York,10009.0,East,TEC-AC-10002167,Technology,Accessories,Imation 8gb Micro Traveldrive Usb 2.0 Flash Drive,120.0
8015,CA-2018-120168,25/05/2018,25/05/2018,Same Day,TB-21625,Trudy Brown,Consumer,United States,New York City,New York,10009.0,East,OFF-FA-10000936,Office Supplies,Fasteners,Acco Hot Clips Clips to Go,3.29
8019,CA-2018-114804,17/10/2018,19/10/2018,Second Class,BF-11020,Barry Französisch,Corporate,United States,Modesto,California,95351.0,West,TEC-PH-10001700,Technology,Phones,Panasonic KX-TG6844B Expandable Digital Cordless Telephone,52.792
8020,CA-2018-167227,02/11/2018,05/11/2018,First Class,NP-18670,Nora Paige,Consumer,United States,Saint Louis,Missouri,63116.0,Central,OFF-AP-10001962,Office Supplies,Appliances,Black & Decker Filter for Double Action Dustbuster Cordless Vac BLDV7210,83.9
8022,CA-2015-129189,21/07/2015,25/07/2015,Standard Class,HM-14860,Harry Marie,Corporate,United States,Dallas,Texas,75217.0,Central,OFF-AP-10000124,Office Supplies,Appliances,Acco 6 Outlet Guardian Basic Surge Suppressor,4.992
8023,CA-2015-129189,21/07/2015,25/07/2015,Standard Class,HM-14860,Harry Marie,Corporate,United States,Dallas,Texas,75217.0,Central,OFF-EN-10003567,Office Supplies,Envelopes,"Inter-Office Recycled Envelopes, Brown Kraft, Button-String,10"" x 13"" , 100/Box",87.92
8025,CA-2015-129189,21/07/2015,25/07/2015,Standard Class,HM-14860,Harry Marie,Corporate,United States,Dallas,Texas,75217.0,Central,OFF-BI-10000494,Office Supplies,Binders,Acco Economy Flexible Poly Round Ring Binder,1.044
8026,CA-2016-132465,11/09/2016,15/09/2016,Second Class,DM-13525,Don Miller,Corporate,United States,New York City,New York,10035.0,East,FUR-FU-10000277,Furniture,Furnishings,Deflect-o DuraMat Antistatic Studded Beveled Mat for Medium Pile Carpeting,210.68
8030,CA-2017-166373,21/10/2017,25/10/2017,Standard Class,JF-15565,Jill Fjeld,Consumer,United States,San Antonio,Texas,78207.0,Central,TEC-AC-10002323,Technology,Accessories,SanDisk Ultra 32 GB MicroSDHC Class 10 Memory Card,106.08
8031,CA-2017-158806,07/01/2017,11/01/2017,Standard Class,NM-18520,Neoma Murray,Consumer,United States,Amarillo,Texas,79109.0,Central,FUR-FU-10004270,Furniture,Furnishings,"Executive Impressions 13"" Clairmont Wall Clock",23.076
8034,CA-2016-119690,25/06/2016,28/06/2016,First Class,MV-17485,Mark Van Huff,Consumer,United States,Houston,Texas,77041.0,Central,OFF-BI-10000201,Office Supplies,Binders,"Avery Triangle Shaped Sheet Lifters, Black, 2/Pack",0.984
8035,CA-2016-119690,25/06/2016,28/06/2016,First Class,MV-17485,Mark Van Huff,Consumer,United States,Houston,Texas,77041.0,Central,FUR-FU-10004587,Furniture,Furnishings,"GE General Use Halogen Bulbs, 100 Watts, 1 Bulb per Pack",75.384
8040,CA-2018-121489,21/08/2018,25/08/2018,Second Class,CM-11815,Candace McMahon,Corporate,United States,Seattle,Washington,98115.0,West,FUR-CH-10004698,Furniture,Chairs,"Padded Folding Chairs, Black, 4/Carton",388.704
8049,CA-2017-168543,03/07/2017,07/07/2017,Standard Class,DK-13225,Dean Katz,Corporate,United States,New York City,New York,10035.0,East,OFF-AP-10000938,Office Supplies,Appliances,Avanti 1.7 Cu. Ft. Refrigerator,706.86
8052,CA-2015-144974,26/09/2015,30/09/2015,Standard Class,CM-12715,Craig Molinari,Corporate,United States,Philadelphia,Pennsylvania,19140.0,East,OFF-AP-10001492,Office Supplies,Appliances,"Acco Six-Outlet Power Strip, 4' Cord Length",41.376
8055,CA-2016-121188,28/08/2016,04/09/2016,Standard Class,CB-12025,Cassandra Brandow,Consumer,United States,Los Angeles,California,90049.0,West,OFF-ST-10001490,Office Supplies,Storage,"Hot File 7-Pocket, Floor Stand",892.35
8056,CA-2016-121188,28/08/2016,04/09/2016,Standard Class,CB-12025,Cassandra Brandow,Consumer,United States,Los Angeles,California,90049.0,West,FUR-BO-10004695,Furniture,Bookcases,O'Sullivan 2-Door Barrister Bookcase in Odessa Pine,307.666
8065,CA-2017-132997,07/11/2017,09/11/2017,First Class,LW-17215,Luke Weiss,Consumer,United States,Rochester,New York,14609.0,East,OFF-PA-10004983,Office Supplies,Paper,Xerox 23,12.96
8077,CA-2016-106187,23/06/2016,29/06/2016,Standard Class,RF-19345,Randy Ferguson,Corporate,United States,East Point,Georgia,30344.0,South,FUR-FU-10000794,Furniture,Furnishings,"Eldon Stackable Tray, Side-Load, Legal, Smoke",27.42
8081,CA-2016-150714,26/10/2016,01/11/2016,Standard Class,KH-16690,Kristen Hastings,Corporate,United States,Springfield,Oregon,97477.0,West,OFF-LA-10001474,Office Supplies,Labels,Avery 477,146.544
8084,CA-2016-150714,26/10/2016,01/11/2016,Standard Class,KH-16690,Kristen Hastings,Corporate,United States,Springfield,Oregon,97477.0,West,OFF-BI-10002982,Office Supplies,Binders,Avery Self-Adhesive Photo Pockets for Polaroid Photos,14.301
8085,CA-2016-150714,26/10/2016,01/11/2016,Standard Class,KH-16690,Kristen Hastings,Corporate,United States,Springfield,Oregon,97477.0,West,OFF-ST-10001809,Office Supplies,Storage,Fellowes Officeware Wire Shelving,718.64
8088,CA-2017-106621,29/09/2017,01/10/2017,Second Class,DM-12955,Dario Medina,Corporate,United States,Yuma,Arizona,85364.0,West,OFF-AR-10002375,Office Supplies,Art,Newell 351,10.496
8091,CA-2015-101392,07/12/2015,13/12/2015,Standard Class,AS-10630,Ann Steele,Home Office,United States,Seattle,Washington,98103.0,West,OFF-ST-10000532,Office Supplies,Storage,Advantus Rolling Drawer Organizers,269.36
8092,CA-2016-127502,10/12/2016,14/12/2016,Standard Class,MT-17815,Meg Tillman,Consumer,United States,San Francisco,California,94110.0,West,OFF-LA-10001613,Office Supplies,Labels,Avery File Folder Labels,5.76
8093,CA-2018-143658,08/11/2018,13/11/2018,Second Class,SR-20425,Sharelle Roach,Home Office,United States,New York City,New York,10035.0,East,OFF-AR-10002818,Office Supplies,Art,Panasonic KP-310 Heavy-Duty Electric Pencil Sharpener,109.9
8094,CA-2018-133046,27/07/2018,01/08/2018,Second Class,DK-13375,Dennis Kane,Consumer,United States,Seattle,Washington,98115.0,West,FUR-FU-10001940,Furniture,Furnishings,Staple-based wall hangings,23.88
8096,CA-2018-133046,27/07/2018,01/08/2018,Second Class,DK-13375,Dennis Kane,Consumer,United States,Seattle,Washington,98115.0,West,OFF-PA-10002787,Office Supplies,Paper,Xerox 227,12.96
8098,CA-2018-122798,28/12/2018,01/01/2019,Standard Class,SV-20935,Susan Vittorini,Consumer,United States,Albuquerque,New Mexico,87105.0,West,OFF-ST-10003058,Office Supplies,Storage,Eldon Mobile Mega Data Cart  Mega Stackable  Add-On Trays,118.25
8099,CA-2018-122798,28/12/2018,01/01/2019,Standard Class,SV-20935,Susan Vittorini,Consumer,United States,Albuquerque,New Mexico,87105.0,West,OFF-PA-10004239,Office Supplies,Paper,Xerox 1953,4.28
8101,CA-2017-169663,10/03/2017,13/03/2017,First Class,RH-19510,Rick Huthwaite,Home Office,United States,Los Angeles,California,90045.0,West,TEC-MA-10000984,Technology,Machines,Okidata MB760 Printer,3357.6
8102,CA-2016-149846,22/05/2016,26/05/2016,Standard Class,SB-20185,Sarah Brown,Consumer,United States,Los Angeles,California,90045.0,West,OFF-LA-10004484,Office Supplies,Labels,Avery 476,8.26
8106,CA-2018-159149,17/02/2018,19/02/2018,First Class,CR-12820,Cyra Reiten,Home Office,United States,Houston,Texas,77041.0,Central,FUR-BO-10001601,Furniture,Bookcases,"Sauder Mission Library with Doors, Fruitwood Finish",89.0664
8109,US-2018-167570,08/12/2018,15/12/2018,Standard Class,EG-13900,Emily Grady,Consumer,United States,Philadelphia,Pennsylvania,19140.0,East,FUR-CH-10003396,Furniture,Chairs,Global Deluxe Steno Chair,215.544
8110,CA-2018-160122,18/11/2018,23/11/2018,Standard Class,RD-19930,Russell D'Ascenzo,Consumer,United States,Chicago,Illinois,60623.0,Central,OFF-EN-10002592,Office Supplies,Envelopes,"Peel & Seel Recycled Catalog Envelopes, Brown",55.584
8114,CA-2017-130393,01/12/2017,03/12/2017,Second Class,JM-15865,John Murray,Consumer,United States,San Angelo,Texas,76903.0,Central,FUR-CH-10004477,Furniture,Chairs,"Global Push Button Manager's Chair, Indigo",85.246
8115,CA-2018-144820,03/10/2018,07/10/2018,Second Class,LW-16825,Laurel Workman,Corporate,United States,Pasadena,Texas,77506.0,Central,OFF-AR-10004817,Office Supplies,Art,Colorific Watercolor Pencils,20.64
8116,CA-2018-101014,29/08/2018,04/09/2018,Standard Class,RW-19540,Rick Wilson,Corporate,United States,Los Angeles,California,90049.0,West,FUR-FU-10003374,Furniture,Furnishings,Electrix Fluorescent Magnifier Lamps & Weighted Base,148.02
8118,US-2018-113201,30/06/2018,05/07/2018,Standard Class,TT-21220,Thomas Thornton,Consumer,United States,Los Angeles,California,90045.0,West,OFF-PA-10000675,Office Supplies,Paper,Xerox 1919,204.95
8119,US-2018-106551,22/07/2018,27/07/2018,Standard Class,EB-13930,Eric Barreto,Consumer,United States,Chicago,Illinois,60653.0,Central,FUR-CH-10004997,Furniture,Chairs,Hon Every-Day Series Multi-Task Chairs,526.344
8120,CA-2017-116722,11/11/2017,16/11/2017,Standard Class,LP-17080,Liz Pelletier,Consumer,United States,San Francisco,California,94110.0,West,FUR-FU-10001934,Furniture,Furnishings,Magnifier Swing Arm Lamp,41.96
8123,CA-2015-138128,09/12/2015,15/12/2015,Standard Class,FP-14320,Frank Preis,Consumer,United States,Philadelphia,Pennsylvania,19134.0,East,OFF-EN-10002500,Office Supplies,Envelopes,Globe Weis Peel & Seel First Class Envelopes,30.672
8130,CA-2015-127866,20/07/2015,23/07/2015,First Class,JD-15895,Jonathan Doherty,Corporate,United States,Riverside,California,92503.0,West,TEC-AC-10000023,Technology,Accessories,"Maxell 74 Minute CD-R Spindle, 50/Pack",41.94
8135,CA-2016-121776,16/02/2016,21/02/2016,Standard Class,RD-19585,Rob Dowd,Consumer,United States,Los Angeles,California,90008.0,West,OFF-PA-10001970,Office Supplies,Paper,Xerox 1881,36.84
8138,CA-2015-103219,09/11/2015,13/11/2015,Standard Class,BF-11215,Benjamin Farhat,Home Office,United States,New York City,New York,10035.0,East,FUR-FU-10004091,Furniture,Furnishings,"Eldon 200 Class Desk Accessories, Black",56.52
8141,CA-2017-102561,18/07/2017,22/07/2017,Standard Class,NK-18490,Neil Knudson,Home Office,United States,Philadelphia,Pennsylvania,19140.0,East,OFF-PA-10004971,Office Supplies,Paper,Xerox 196,18.496
8145,CA-2017-100993,05/02/2017,10/02/2017,Standard Class,AZ-10750,Annie Zypern,Consumer,United States,San Diego,California,92037.0,West,TEC-PH-10001448,Technology,Phones,Anker Astro 15000mAh USB Portable Charger,159.968
8161,CA-2017-134138,16/02/2017,20/02/2017,Standard Class,JD-15790,John Dryer,Consumer,United States,Belleville,New Jersey,7109.0,East,FUR-CH-10001545,Furniture,Chairs,Hon Comfortask Task/Swivel Chairs,227.96
8162,CA-2016-120915,28/09/2016,03/10/2016,Second Class,JJ-15445,Jennifer Jackson,Consumer,United States,New York City,New York,10035.0,East,OFF-AP-10002578,Office Supplies,Appliances,"Fellowes Premier Superior Surge Suppressor, 10-Outlet, With Phone and Remote",293.52
8166,CA-2016-168207,02/11/2016,06/11/2016,Standard Class,LT-17110,Liz Thompson,Consumer,United States,San Diego,California,92105.0,West,OFF-BI-10003355,Office Supplies,Binders,Cardinal Holdit Business Card Pockets,11.952
8167,CA-2016-168207,02/11/2016,06/11/2016,Standard Class,LT-17110,Liz Thompson,Consumer,United States,San Diego,California,92105.0,West,FUR-BO-10004357,Furniture,Bookcases,O'Sullivan Living Dimensions 3-Shelf Bookcases,512.499
8170,CA-2018-107174,06/11/2018,13/11/2018,Standard Class,AB-10060,Adam Bellavance,Home Office,United States,Seattle,Washington,98105.0,West,FUR-CH-10003312,Furniture,Chairs,Hon 2090 “Pillow Soft” Series Mid Back Swivel/Tilt Chairs,449.568
8172,CA-2017-146150,14/02/2017,19/02/2017,Standard Class,FM-14380,Fred McMath,Consumer,United States,Jackson,Mississippi,39212.0,South,OFF-AR-10002240,Office Supplies,Art,Panasonic KP-150 Electric Pencil Sharpener,264.18
8178,CA-2018-149699,22/12/2018,24/12/2018,First Class,CM-12115,Chad McGuire,Consumer,United States,Los Angeles,California,90008.0,West,TEC-AC-10000474,Technology,Accessories,Kensington Expert Mouse Optical USB Trackball for PC or Mac,474.95
8180,CA-2016-112767,02/08/2016,06/08/2016,Standard Class,DK-12985,Darren Koutras,Consumer,United States,Springfield,Oregon,97477.0,West,FUR-TA-10003469,Furniture,Tables,Balt Split Level Computer Training Table,277.5
8181,CA-2016-119879,21/11/2016,25/11/2016,Standard Class,SS-20410,Shahid Shariari,Consumer,United States,Philadelphia,Pennsylvania,19120.0,East,FUR-TA-10002958,Furniture,Tables,"Bevis Oval Conference Table, Walnut",1252.704
8182,CA-2016-119879,21/11/2016,25/11/2016,Standard Class,SS-20410,Shahid Shariari,Consumer,United States,Philadelphia,Pennsylvania,19120.0,East,TEC-PH-10002923,Technology,Phones,"Logitech B530 USB Headset - headset - Full size, Binaural",110.97
8183,CA-2018-155642,18/05/2018,22/05/2018,Standard Class,BM-11575,Brendan Murry,Corporate,United States,Chicago,Illinois,60653.0,Central,FUR-FU-10004973,Furniture,Furnishings,Flat Face Poster Frame,22.608
8184,CA-2018-155642,18/05/2018,22/05/2018,Standard Class,BM-11575,Brendan Murry,Corporate,United States,Chicago,Illinois,60653.0,Central,FUR-FU-10001918,Furniture,Furnishings,C-Line Cubicle Keepers Polyproplyene Holder With Velcro Backings,1.892
8186,CA-2016-136728,13/09/2016,17/09/2016,Second Class,AG-10900,Arthur Gainer,Consumer,United States,Chicago,Illinois,60623.0,Central,OFF-EN-10002621,Office Supplies,Envelopes,Staple envelope,7.824
8187,CA-2016-136728,13/09/2016,17/09/2016,Second Class,AG-10900,Arthur Gainer,Consumer,United States,Chicago,Illinois,60623.0,Central,FUR-CH-10003817,Furniture,Chairs,"Global Value Steno Chair, Gray",170.072
8188,CA-2017-127194,10/12/2017,16/12/2017,Standard Class,BW-11110,Bart Watters,Corporate,United States,New York City,New York,10024.0,East,OFF-PA-10000659,Office Supplies,Paper,"Adams Phone Message Book, Professional, 400 Message Capacity, 5 3/6” x 11”",62.82
8192,US-2018-155866,17/11/2018,21/11/2018,Standard Class,CC-12370,Christopher Conant,Consumer,United States,New York City,New York,10011.0,East,FUR-FU-10004091,Furniture,Furnishings,"Howard Miller 13"" Diameter Goldtone Round Wall Clock",187.76
8193,CA-2016-141327,30/11/2016,03/12/2016,First Class,LR-16915,Lena Radford,Consumer,United States,Durham,North Carolina,27707.0,South,OFF-BI-10000546,Office Supplies,Binders,Avery Durable Binders,6.048
8194,CA-2016-141327,30/11/2016,03/12/2016,First Class,LR-16915,Lena Radford,Consumer,United States,Durham,North Carolina,27707.0,South,OFF-AP-10001293,Office Supplies,Appliances,Belkin 8 Outlet Surge Protector,98.352
8200,CA-2018-125269,24/04/2018,30/04/2018,Standard Class,AF-10870,Art Ferguson,Consumer,United States,Chicago,Illinois,60610.0,Central,OFF-BI-10001628,Office Supplies,Binders,"Acco Data Flex Cable Posts For Top & Bottom Load Binders, 6"" Capacity",10.43
8205,CA-2016-114811,08/11/2016,08/11/2016,Same Day,KD-16495,Keith Dawkins,Corporate,United States,New York City,New York,10024.0,East,TEC-MA-10000045,Technology,Machines,Zebra ZM400 Thermal Label Printer,4643.8
8206,CA-2016-114811,08/11/2016,08/11/2016,Same Day,KD-16495,Keith Dawkins,Corporate,United States,New York City,New York,10024.0,East,FUR-CH-10003746,Furniture,Chairs,Hon 4070 Series Pagoda Round Back Stacking Chairs,577.764
8210,CA-2016-141565,20/09/2016,24/09/2016,Standard Class,BG-11035,Barry Gonzalez,Consumer,United States,Nashville,Tennessee,37211.0,South,OFF-ST-10001522,Office Supplies,Storage,"Gould Plastics 18-Pocket Panel Bin, 34w x 5-1/4d x 20-1/2h",294.368
8211,CA-2018-128769,07/09/2018,12/09/2018,Standard Class,DM-12955,Dario Medina,Corporate,United States,Nashville,Tennessee,37211.0,South,OFF-AP-10001271,Office Supplies,Appliances,Eureka The Boss Cordless Rechargeable Stick Vac,81.568
8212,CA-2017-116337,07/11/2017,12/11/2017,Standard Class,MC-17845,Michael Chen,Consumer,United States,Dallas,Texas,75220.0,Central,FUR-FU-10002030,Furniture,Furnishings,"Executive Impressions 14"" Contract Wall Clock with Quartz Movement",44.46
8213,CA-2017-116337,07/11/2017,12/11/2017,Standard Class,MC-17845,Michael Chen,Consumer,United States,Dallas,Texas,75220.0,Central,OFF-ST-10001272,Office Supplies,Storage,"Mini 13-1/2 Capacity Data Binder Rack, Pearl",314.088
8226,CA-2018-104136,01/11/2018,04/11/2018,Second Class,SF-20065,Sandra Flanagan,Consumer,United States,Everett,Massachusetts,2149.0,East,OFF-PA-10004243,Office Supplies,Paper,Xerox 1939,189.7
8234,CA-2015-158225,22/09/2015,28/09/2015,Standard Class,SE-20110,Sanjit Engle,Consumer,United States,San Jose,California,95123.0,West,OFF-ST-10002301,Office Supplies,Storage,Tennsco Commercial Shelving,40.68
8237,CA-2018-102204,01/05/2018,06/05/2018,Standard Class,CJ-12010,Caroline Jumper,Consumer,United States,Jacksonville,Florida,32216.0,South,FUR-CH-10002024,Furniture,Chairs,HON 5400 Series Task Chairs for Big and Tall,2803.92
8244,CA-2015-109897,12/08/2015,16/08/2015,Standard Class,BW-11200,Ben Wallace,Consumer,United States,San Francisco,California,94122.0,West,TEC-PH-10003691,Technology,Phones,BlackBerry Q10,806.336
8247,CA-2016-129217,10/05/2016,10/05/2016,Same Day,DP-13390,Dennis Pardue,Home Office,United States,Aurora,Illinois,60505.0,Central,OFF-AP-10002439,Office Supplies,Appliances,Tripp Lite Isotel 8 Ultra 8 Outlet Metal Surge,70.97
8249,CA-2017-133816,10/05/2017,13/05/2017,Second Class,CS-12400,Christopher Schild,Home Office,United States,Philadelphia,Pennsylvania,19134.0,East,TEC-PH-10001795,Technology,Phones,ClearOne CHATAttach 160 - speaker phone,743.988
8251,CA-2016-140221,05/03/2016,09/03/2016,Second Class,MS-17365,Maribeth Schnelling,Consumer,United States,Chicago,Illinois,60653.0,Central,FUR-FU-10000023,Furniture,Furnishings,Eldon Wave Desk Accessories,4.712
8257,CA-2018-152310,12/08/2018,19/08/2018,Standard Class,DK-12895,Dana Kaydos,Consumer,United States,Seattle,Washington,98103.0,West,OFF-ST-10001228,Office Supplies,Storage,Personal File Boxes with Fold-Down Carry Handle,46.74
8263,CA-2017-100307,15/12/2017,19/12/2017,Standard Class,TC-21475,Tony Chapman,Home Office,United States,Fayetteville,Arkansas,72701.0,South,OFF-PA-10002552,Office Supplies,Paper,Xerox 1958,19.44
8264,CA-2016-138457,13/09/2016,17/09/2016,Standard Class,AM-10705,Anne McFarland,Consumer,United States,Jacksonville,North Carolina,28540.0,South,OFF-BI-10000014,Office Supplies,Binders,Heavy-Duty E-Z-D Binders,13.092
8265,CA-2015-131800,30/12/2015,04/01/2016,Standard Class,AJ-10960,Astrea Jones,Consumer,United States,New York City,New York,10035.0,East,OFF-AP-10004136,Office Supplies,Appliances,Kensington 6 Outlet SmartSocket Surge Protector,122.94
8266,CA-2015-131800,30/12/2015,04/01/2016,Standard Class,AJ-10960,Astrea Jones,Consumer,United States,New York City,New York,10035.0,East,OFF-BI-10003429,Office Supplies,Binders,"Cardinal HOLDit! Binder Insert Strips,Extra Strips",35.448
8267,CA-2015-118304,29/04/2015,04/05/2015,Standard Class,KH-16360,Katherine Hughes,Consumer,United States,Dover,Delaware,19901.0,East,TEC-PH-10000376,Technology,Phones,Square Credit Card Reader,19.98
8271,CA-2018-121790,30/01/2018,06/02/2018,Standard Class,LP-17095,Liz Preis,Consumer,United States,Aurora,Illinois,60505.0,Central,OFF-AR-10003602,Office Supplies,Art,"Quartet Omega Colored Chalk, 12/Pack",9.344
8272,CA-2017-169670,25/12/2017,31/12/2017,Standard Class,JE-15715,Joe Elijah,Consumer,United States,New York City,New York,10009.0,East,FUR-CH-10002331,Furniture,Chairs,Hon 4700 Series Mobuis Mid-Back Task Chairs with Adjustable Arms,2563.056
8273,CA-2017-139549,20/10/2017,25/10/2017,Standard Class,MY-18295,Muhammed Yedwab,Corporate,United States,El Cajon,California,92020.0,West,FUR-CH-10001802,Furniture,Chairs,Hon Every-Day Chair Series Swivel Task Chairs,387.136
8274,CA-2016-104059,13/06/2016,15/06/2016,Second Class,FC-14245,Frank Carlisle,Home Office,United States,Springfield,Ohio,45503.0,East,OFF-AR-10000634,Office Supplies,Art,Newell 320,3.424
8276,CA-2016-143882,26/06/2016,30/06/2016,Standard Class,DB-13360,Dennis Bolton,Home Office,United States,Lakewood,Ohio,44107.0,East,OFF-PA-10004040,Office Supplies,Paper,Universal Premium White Copier/Laser Paper (20Lb. and 87 Bright),43.056
8279,US-2017-139262,21/02/2017,25/02/2017,Standard Class,LC-16960,Lindsay Castell,Home Office,United States,Tampa,Florida,33614.0,South,OFF-ST-10001496,Office Supplies,Storage,Standard Rollaway File with Lock,432.456
8281,CA-2018-134810,09/05/2018,10/05/2018,First Class,MC-17605,Matt Connell,Corporate,United States,Jacksonville,North Carolina,28540.0,South,OFF-EN-10002504,Office Supplies,Envelopes,"Tyvek  Top-Opening Peel & Seel Envelopes, Plain White",65.232
8282,CA-2018-134810,09/05/2018,10/05/2018,First Class,MC-17605,Matt Connell,Corporate,United States,Jacksonville,North Carolina,28540.0,South,FUR-CH-10001270,Furniture,Chairs,Harbour Creations Steel Folding Chair,207.0
8283,CA-2016-154284,21/12/2016,26/12/2016,Second Class,SZ-20035,Sam Zeldin,Home Office,United States,Saint Charles,Illinois,60174.0,Central,TEC-MA-10004241,Technology,Machines,Star Micronics TSP800 TSP847IIU Receipt Printer,600.53
8284,CA-2016-154284,21/12/2016,26/12/2016,Second Class,SZ-20035,Sam Zeldin,Home Office,United States,Saint Charles,Illinois,60174.0,Central,OFF-AR-10001468,Office Supplies,Art,"Sanford Prismacolor Professional Thick Lead Art Pencils, 36-Color Set",59.904
8285,CA-2016-154284,21/12/2016,26/12/2016,Second Class,SZ-20035,Sam Zeldin,Home Office,United States,Saint Charles,Illinois,60174.0,Central,TEC-AC-10003198,Technology,Accessories,Enermax Acrylux Wireless Keyboard,637.44
8290,CA-2015-156244,12/08/2015,16/08/2015,Standard Class,DH-13675,Duane Huffman,Home Office,United States,Miami,Florida,33180.0,South,OFF-AP-10002403,Office Supplies,Appliances,Acco Smartsocket Color-Coded Six-Outlet AC Adapter Model Surge Protectors,211.248
8294,US-2018-168802,03/11/2018,07/11/2018,Standard Class,JO-15145,Jack O'Briant,Corporate,United States,Seattle,Washington,98103.0,West,OFF-BI-10002393,Office Supplies,Binders,Binder Posts,18.368
8296,CA-2017-166380,30/05/2017,03/06/2017,Standard Class,EB-13750,Edward Becker,Corporate,United States,Arlington,Virginia,22204.0,South,OFF-EN-10002600,Office Supplies,Envelopes,"Redi-Strip #10 Envelopes, 4 1/8 x 9 1/2",26.55
8301,CA-2016-109169,20/04/2016,24/04/2016,Standard Class,OT-18730,Olvera Toch,Consumer,United States,Detroit,Michigan,48234.0,Central,OFF-EN-10003296,Office Supplies,Envelopes,Tyvek Side-Opening Peel & Seel Expanding Envelopes,180.96
8303,US-2018-167318,26/07/2018,01/08/2018,Standard Class,GZ-14545,George Zrebassa,Corporate,United States,Los Angeles,California,90036.0,West,FUR-CH-10000665,Furniture,Chairs,"Global Airflow Leather Mesh Back Chair, Black",362.352
8305,CA-2018-135419,03/11/2018,09/11/2018,Standard Class,BG-11740,Bruce Geld,Consumer,United States,Bakersfield,California,93309.0,West,FUR-TA-10001086,Furniture,Tables,"SAFCO PlanMaster Boards, 60w x 37-1/2d, White Melamine",486.368
8306,CA-2017-128671,11/08/2017,16/08/2017,Standard Class,MT-18070,Michelle Tran,Home Office,United States,Tulsa,Oklahoma,74133.0,Central,OFF-PA-10001870,Office Supplies,Paper,Xerox 202,32.4
8308,CA-2017-128671,11/08/2017,16/08/2017,Standard Class,MT-18070,Michelle Tran,Home Office,United States,Tulsa,Oklahoma,74133.0,Central,OFF-BI-10003007,Office Supplies,Binders,"Premium Transparent Presentation Covers, No Pattern/Clear, 8 1/2"" x 11""",77.56
8310,CA-2015-168312,01/03/2015,07/03/2015,Standard Class,GW-14605,Giulietta Weimer,Consumer,United States,Houston,Texas,77036.0,Central,OFF-ST-10003692,Office Supplies,Storage,Recycled Steel Personal File for Hanging File Folders,137.352
8313,US-2018-105935,26/01/2018,31/01/2018,Standard Class,BD-11500,Bradley Drucker,Consumer,United States,Columbus,Georgia,31907.0,South,TEC-PH-10001459,Technology,Phones,Samsung Galaxy Mega 6.3,2939.93
8316,CA-2015-161508,12/07/2015,16/07/2015,Standard Class,PV-18985,Paul Van Hugh,Home Office,United States,League City,Texas,77573.0,Central,OFF-AR-10003158,Office Supplies,Art,Fluorescent Highlighters by Dixon,22.288
8319,CA-2018-130904,11/04/2018,16/04/2018,Standard Class,HM-14980,Henry MacAllister,Consumer,United States,Burlington,North Carolina,27217.0,South,OFF-AR-10000127,Office Supplies,Art,Newell 321,20.992
8322,US-2017-149790,26/09/2017,01/10/2017,Standard Class,SC-20380,Shahid Collister,Consumer,United States,Houston,Texas,77095.0,Central,OFF-BI-10002026,Office Supplies,Binders,Ibico Recycled Linen-Style Covers,15.624
8325,CA-2018-144456,08/09/2018,09/09/2018,First Class,FC-14245,Frank Carlisle,Home Office,United States,Hialeah,Florida,33012.0,South,OFF-ST-10001321,Office Supplies,Storage,"Decoflex Hanging Personal Folder File, Blue",61.68
8326,CA-2018-144456,08/09/2018,09/09/2018,First Class,FC-14245,Frank Carlisle,Home Office,United States,Hialeah,Florida,33012.0,South,TEC-PH-10001750,Technology,Phones,Samsung Rugby III,158.376
8327,CA-2018-103478,21/07/2018,24/07/2018,Second Class,KL-16555,Kelly Lampkin,Corporate,United States,Aurora,Illinois,60505.0,Central,OFF-BI-10001890,Office Supplies,Binders,Avery Poly Binder Pockets,2.864
8329,CA-2018-118577,06/10/2018,11/10/2018,Standard Class,XP-21865,Xylona Preis,Consumer,United States,Belleville,New Jersey,7109.0,East,OFF-PA-10001357,Office Supplies,Paper,Xerox 1886,143.7
8334,CA-2017-153269,09/03/2017,12/03/2017,First Class,PS-18760,Pamela Stobb,Consumer,United States,Andover,Massachusetts,1810.0,East,OFF-PA-10001801,Office Supplies,Paper,Xerox 193,17.94
8337,CA-2017-101469,02/07/2017,08/07/2017,Standard Class,KH-16360,Katherine Hughes,Consumer,United States,Arlington,Virginia,22204.0,South,OFF-AR-10003986,Office Supplies,Art,Avery Hi-Liter Pen Style Six-Color Fluorescent Set,7.7
8338,CA-2015-153087,27/12/2015,03/01/2016,Standard Class,TC-20980,Tamara Chand,Corporate,United States,Decatur,Alabama,35601.0,South,OFF-PA-10001243,Office Supplies,Paper,Xerox 1983,23.92
8345,US-2015-155544,21/03/2015,25/03/2015,Standard Class,GM-14440,Gary McGarr,Consumer,United States,Knoxville,Tennessee,37918.0,South,FUR-FU-10001473,Furniture,Furnishings,DAX Wood Document Frame,32.952
8346,US-2015-155544,21/03/2015,25/03/2015,Standard Class,GM-14440,Gary McGarr,Consumer,United States,Knoxville,Tennessee,37918.0,South,FUR-CH-10000422,Furniture,Chairs,Global Highback Leather Tilter in Burgundy,218.376
8348,US-2016-115238,30/04/2016,04/05/2016,Standard Class,JW-15220,Jane Waco,Corporate,United States,Lawrence,Massachusetts,1841.0,East,FUR-FU-10002445,Furniture,Furnishings,"DAX Two-Tone Rosewood/Black Document Frame, Desktop, 5 x 7",9.48
8350,US-2016-115238,30/04/2016,04/05/2016,Standard Class,JW-15220,Jane Waco,Corporate,United States,Lawrence,Massachusetts,1841.0,East,FUR-FU-10001025,Furniture,Furnishings,"Eldon Imàge Series Desk Accessories, Clear",24.3
8352,CA-2018-132199,03/05/2018,08/05/2018,Standard Class,BO-11350,Bill Overfelt,Corporate,United States,Philadelphia,Pennsylvania,19134.0,East,FUR-FU-10004245,Furniture,Furnishings,"Career Cubicle Clock, 8 1/4"", Black",32.448
8354,CA-2018-132199,03/05/2018,08/05/2018,Standard Class,BO-11350,Bill Overfelt,Corporate,United States,Philadelphia,Pennsylvania,19134.0,East,FUR-TA-10003748,Furniture,Tables,Bevis 36 x 72 Conference Tables,373.47
8355,CA-2018-132199,03/05/2018,08/05/2018,Standard Class,BO-11350,Bill Overfelt,Corporate,United States,Philadelphia,Pennsylvania,19134.0,East,OFF-BI-10002133,Office Supplies,Binders,"Wilson Jones Elliptical Ring 3 1/2"" Capacity Binders, 800 sheets",64.2
8359,CA-2015-110555,11/04/2015,18/04/2015,Standard Class,MM-18055,Michelle Moray,Consumer,United States,Great Falls,Montana,59405.0,West,TEC-PH-10000586,Technology,Phones,AT&T SB67148 SynJ,105.584
8360,CA-2015-110555,11/04/2015,18/04/2015,Standard Class,MM-18055,Michelle Moray,Consumer,United States,Great Falls,Montana,59405.0,West,TEC-AC-10003399,Technology,Accessories,Memorex Mini Travel Drive 64 GB USB 2.0 Flash Drive,217.44
8361,CA-2018-147207,02/01/2018,04/01/2018,Second Class,TS-21655,Trudy Schmidt,Consumer,United States,El Paso,Texas,79907.0,Central,OFF-AR-10001955,Office Supplies,Art,Newell 319,31.744
8362,CA-2018-147207,02/01/2018,04/01/2018,Second Class,TS-21655,Trudy Schmidt,Consumer,United States,El Paso,Texas,79907.0,Central,OFF-AP-10000027,Office Supplies,Appliances,Hoover Commercial SteamVac,5.432
8363,CA-2018-147207,02/01/2018,04/01/2018,Second Class,TS-21655,Trudy Schmidt,Consumer,United States,El Paso,Texas,79907.0,Central,FUR-TA-10002958,Furniture,Tables,"Bevis Oval Conference Table, Walnut",913.43
8365,CA-2018-137631,28/04/2018,02/05/2018,Standard Class,JL-15235,Janet Lee,Consumer,United States,Kissimmee,Florida,34741.0,South,TEC-PH-10002624,Technology,Phones,Samsung Galaxy S4 Mini,751.984
8369,CA-2015-109918,07/09/2015,12/09/2015,Second Class,LR-17035,Lisa Ryan,Corporate,United States,Santa Clara,California,95051.0,West,OFF-BI-10004308,Office Supplies,Binders,Avery Legal 4-Ring Binder,83.92
8371,CA-2017-163972,17/10/2017,21/10/2017,Standard Class,MG-17890,Michael Granlund,Home Office,United States,Fresno,California,93727.0,West,FUR-BO-10003894,Furniture,Bookcases,"Safco Value Mate Steel Bookcase, Baked Enamel Finish on Steel, Black",120.666
8374,CA-2017-152940,10/11/2017,13/11/2017,First Class,RO-19780,Rose O'Brian,Consumer,United States,San Francisco,California,94110.0,West,OFF-ST-10000352,Office Supplies,Storage,Acco Perma 2700 Stacking Storage Drawers,29.74
8376,CA-2016-158701,05/01/2016,10/01/2016,Standard Class,JL-15175,James Lanier,Home Office,United States,San Francisco,California,94110.0,West,OFF-BI-10001294,Office Supplies,Binders,Fellowes Binding Cases,56.16
8378,CA-2016-162964,12/11/2016,18/11/2016,Standard Class,MF-18250,Monica Federle,Corporate,United States,Houston,Texas,77095.0,Central,OFF-ST-10002344,Office Supplies,Storage,"Carina 42""Hx23 3/4""W Media Storage Unit",64.784
8380,CA-2016-162964,12/11/2016,18/11/2016,Standard Class,MF-18250,Monica Federle,Corporate,United States,Houston,Texas,77095.0,Central,OFF-EN-10003055,Office Supplies,Envelopes,"Blue String-Tie & Button Interoffice Envelopes, 10 x 13",223.888
8381,CA-2015-103527,09/09/2015,14/09/2015,Second Class,CC-12220,Chris Cortes,Consumer,United States,Chicago,Illinois,60653.0,Central,OFF-PA-10001622,Office Supplies,Paper,"Ampad Poly Cover Wirebound Steno Book, 6"" x 9"" Assorted Colors, Gregg Ruled",10.896
8383,CA-2017-163048,08/02/2017,15/02/2017,Standard Class,MH-17440,Mark Haberlin,Corporate,United States,Houston,Texas,77036.0,Central,FUR-CH-10001270,Furniture,Chairs,Harbour Creations Steel Folding Chair,241.5
8385,CA-2017-145135,26/11/2017,28/11/2017,First Class,CD-12790,Cynthia Delaney,Home Office,United States,Shelton,Connecticut,6484.0,East,OFF-PA-10004285,Office Supplies,Paper,Xerox 1959,13.36
8387,CA-2016-149601,28/05/2016,03/06/2016,Standard Class,TB-21625,Trudy Brown,Consumer,United States,Manchester,Connecticut,6040.0,East,OFF-ST-10001558,Office Supplies,Storage,Acco Perma 4000 Stacking Storage Drawers,16.24
8391,CA-2018-153227,04/12/2018,06/12/2018,First Class,CS-12250,Chris Selesnick,Corporate,United States,Los Angeles,California,90032.0,West,OFF-PA-10001838,Office Supplies,Paper,"Adams Telephone Message Book W/Dividers/Space For Phone Numbers, 5 1/4""X8 1/2"", 300/Messages",11.76
8395,CA-2017-142594,01/12/2017,06/12/2017,Second Class,EJ-14155,Eva Jacobs,Consumer,United States,Franklin,Massachusetts,2038.0,East,OFF-AP-10002945,Office Supplies,Appliances,Honeywell Enviracaire Portable HEPA Air Cleaner for 17' x 22' Room,901.95
8396,CA-2017-142594,01/12/2017,06/12/2017,Second Class,EJ-14155,Eva Jacobs,Consumer,United States,Franklin,Massachusetts,2038.0,East,FUR-TA-10001095,Furniture,Tables,Chromcraft Round Conference Tables,366.009
8397,CA-2015-152254,30/06/2015,30/06/2015,Same Day,BD-11620,Brian DeCherney,Consumer,United States,Wilmington,North Carolina,28403.0,South,OFF-PA-10001144,Office Supplies,Paper,Xerox 1913,310.688
8398,US-2015-120236,03/09/2015,04/09/2015,First Class,MR-17545,Mathew Reese,Home Office,United States,Houston,Texas,77095.0,Central,OFF-BI-10004099,Office Supplies,Binders,GBC VeloBinder Strips,7.68
8399,CA-2018-120061,02/11/2018,07/11/2018,Second Class,SR-20425,Sharelle Roach,Home Office,United States,Springfield,Ohio,45503.0,East,FUR-CH-10001973,Furniture,Chairs,Office Star Flex Back Scooter Chair with White Frame,155.372
8400,CA-2016-133837,13/04/2016,18/04/2016,Standard Class,TH-21100,Thea Hendricks,Consumer,United States,Glendale,Arizona,85301.0,West,OFF-ST-10000344,Office Supplies,Storage,"Neat Ideas Personal Hanging Folder Files, Black",10.744
8401,CA-2016-110814,05/12/2016,09/12/2016,Second Class,BD-11635,Brian Derr,Consumer,United States,New York City,New York,10009.0,East,OFF-BI-10002026,Office Supplies,Binders,Avery Arch Ring Binders,232.4
8403,CA-2016-110814,05/12/2016,09/12/2016,Second Class,BD-11635,Brian Derr,Consumer,United States,New York City,New York,10009.0,East,OFF-PA-10004156,Office Supplies,Paper,Xerox 188,22.68
8405,CA-2018-140480,08/07/2018,12/07/2018,Standard Class,HE-14800,Harold Engle,Corporate,United States,Newark,Delaware,19711.0,East,FUR-FU-10003247,Furniture,Furnishings,36X48 HARDFLOOR CHAIRMAT,83.92
8407,CA-2018-140480,08/07/2018,12/07/2018,Standard Class,HE-14800,Harold Engle,Corporate,United States,Newark,Delaware,19711.0,East,FUR-FU-10001057,Furniture,Furnishings,Tensor Track Tree Floor Lamp,39.98
8409,CA-2018-140480,08/07/2018,12/07/2018,Standard Class,HE-14800,Harold Engle,Corporate,United States,Newark,Delaware,19711.0,East,OFF-AR-10004010,Office Supplies,Art,Hunt Boston Vacuum Mount KS Pencil Sharpener,174.95
8411,CA-2017-130820,15/11/2017,15/11/2017,Same Day,ON-18715,Odella Nelson,Corporate,United States,Burlington,North Carolina,27217.0,South,FUR-TA-10001768,Furniture,Tables,Hon Racetrack Conference Tables,630.024
8412,CA-2017-159765,09/05/2017,12/05/2017,Second Class,TH-21100,Thea Hendricks,Consumer,United States,Salem,Virginia,24153.0,South,OFF-AR-10003514,Office Supplies,Art,4009 Highlighters by Sanford,27.86
8418,CA-2018-118199,09/05/2018,11/05/2018,First Class,LB-16795,Laurel Beltran,Home Office,United States,Seattle,Washington,98105.0,West,OFF-ST-10000604,Office Supplies,Storage,Home/Office Personal File Carts,104.28
8425,CA-2018-150091,12/10/2018,16/10/2018,Standard Class,NP-18670,Nora Paige,Consumer,United States,Lakewood,New Jersey,8701.0,East,FUR-BO-10003404,Furniture,Bookcases,"Global Adaptabilites Bookcase, Cherry/Storm Gray Finish",2154.9
8430,CA-2017-118129,19/12/2017,21/12/2017,Second Class,CL-12565,Clay Ludtke,Consumer,United States,Reading,Pennsylvania,19601.0,East,FUR-FU-10004904,Furniture,Furnishings,"Eldon ""L"" Workstation Diamond Chairmat",303.92
8431,US-2015-113124,30/03/2015,05/04/2015,Standard Class,NC-18340,Nat Carroll,Consumer,United States,Apple Valley,Minnesota,55124.0,Central,OFF-ST-10001511,Office Supplies,Storage,Space Solutions Commercial Steel Shelving,129.3
8438,CA-2016-112823,10/12/2016,16/12/2016,Standard Class,RA-19945,Ryan Akin,Consumer,United States,Cleveland,Ohio,44105.0,East,TEC-AC-10002550,Technology,Accessories,Maxell 4.7GB DVD-RW 3/Pack,25.488
8440,CA-2018-114370,14/03/2018,17/03/2018,Second Class,BN-11470,Brad Norvell,Corporate,United States,Chicago,Illinois,60623.0,Central,TEC-PH-10000213,Technology,Phones,Seidio BD2-HK3IPH5-BK DILEX Case and Holster Combo for Apple iPhone 5/5s - Black,49.616
8442,CA-2018-145779,06/05/2018,10/05/2018,Standard Class,DB-13615,Doug Bickford,Consumer,United States,Tucson,Arizona,85705.0,West,OFF-PA-10002254,Office Supplies,Paper,Xerox 1883,84.416
8444,US-2017-155173,06/03/2017,10/03/2017,Standard Class,JB-16045,Julia Barnett,Home Office,United States,Philadelphia,Pennsylvania,19120.0,East,OFF-BI-10002982,Office Supplies,Binders,Avery Self-Adhesive Photo Pockets for Polaroid Photos,2.043
8452,CA-2015-131387,28/04/2015,30/04/2015,First Class,AI-10855,Arianne Irving,Consumer,United States,San Francisco,California,94122.0,West,TEC-PH-10001459,Technology,Phones,Samsung Galaxy Mega 6.3,1679.96
8453,CA-2017-125087,18/04/2017,23/04/2017,Standard Class,TH-21115,Thea Hudgings,Corporate,United States,Houston,Texas,77070.0,Central,FUR-CH-10002880,Furniture,Chairs,"Global High-Back Leather Tilter, Burgundy",344.372
8454,CA-2017-125087,18/04/2017,23/04/2017,Standard Class,TH-21115,Thea Hudgings,Corporate,United States,Houston,Texas,77070.0,Central,OFF-ST-10001780,Office Supplies,Storage,Tennsco 16-Compartment Lockers with Coat Rack,1554.936
8460,CA-2015-126200,25/08/2015,29/08/2015,Standard Class,JE-15715,Joe Elijah,Consumer,United States,Houston,Texas,77070.0,Central,OFF-BI-10002225,Office Supplies,Binders,"Square Ring Data Binders, Rigid 75 Pt. Covers, 11"" x 14-7/8""",12.384
8464,CA-2015-100881,28/03/2015,01/04/2015,Standard Class,DR-12940,Daniel Raglin,Home Office,United States,Albuquerque,New Mexico,87105.0,West,TEC-PH-10003273,Technology,Phones,AT&T TR1909W,302.376
8465,CA-2016-144043,10/05/2016,15/05/2016,Standard Class,AB-10165,Alan Barnes,Consumer,United States,Louisville,Colorado,80027.0,West,TEC-AC-10002718,Technology,Accessories,Belkin Standard 104 key USB Keyboard,46.688
8471,US-2018-132031,23/04/2018,27/04/2018,Standard Class,PN-18775,Parhena Norris,Home Office,United States,Clarksville,Tennessee,37042.0,South,TEC-AC-10002473,Technology,Accessories,Maxell 4.7GB DVD-R,45.408
8474,CA-2016-169733,22/10/2016,26/10/2016,Second Class,GM-14500,Gene McClure,Consumer,United States,Hollywood,Florida,33021.0,South,OFF-ST-10000876,Office Supplies,Storage,Eldon Simplefile Box Office,9.952
8476,CA-2018-169404,09/04/2018,14/04/2018,Standard Class,NC-18625,Noah Childs,Corporate,United States,York,Pennsylvania,17403.0,East,OFF-PA-10001033,Office Supplies,Paper,Xerox 1893,65.584
8479,CA-2018-158736,18/12/2018,24/12/2018,Standard Class,TT-21460,Tonja Turnell,Home Office,United States,San Francisco,California,94110.0,West,OFF-AR-10002578,Office Supplies,Art,Newell 335,5.76
8487,CA-2018-124716,27/03/2018,31/03/2018,Standard Class,BD-11560,Brendan Dodson,Home Office,United States,Fresno,California,93727.0,West,OFF-PA-10001144,Office Supplies,Paper,Xerox 1913,110.96
8488,CA-2018-124716,27/03/2018,31/03/2018,Standard Class,BD-11560,Brendan Dodson,Home Office,United States,Fresno,California,93727.0,West,OFF-PA-10000859,Office Supplies,Paper,Unpadded Memo Slips,11.94
8489,CA-2017-158841,02/02/2017,04/02/2017,Second Class,SE-20110,Sanjit Engle,Consumer,United States,Arlington,Virginia,22204.0,South,TEC-MA-10001127,Technology,Machines,"HP Designjet T520 Inkjet Large Format Printer - 24"" Color",8749.95
8490,CA-2017-158841,02/02/2017,04/02/2017,Second Class,SE-20110,Sanjit Engle,Consumer,United States,Arlington,Virginia,22204.0,South,OFF-BI-10002557,Office Supplies,Binders,Presstex Flexible Ring Binders,36.4
8495,CA-2016-109190,23/10/2016,28/10/2016,Standard Class,CC-12685,Craig Carroll,Consumer,United States,Lubbock,Texas,79424.0,Central,OFF-BI-10000977,Office Supplies,Binders,Ibico Plastic Spiral Binding Combs,6.08
8502,CA-2016-102316,01/03/2016,03/03/2016,Second Class,DH-13075,Dave Hallsten,Corporate,United States,Los Angeles,California,90045.0,West,TEC-PH-10000376,Technology,Phones,Square Credit Card Reader,15.984
8504,CA-2015-164903,20/02/2015,24/02/2015,Standard Class,SR-20740,Steven Roelle,Home Office,United States,Los Angeles,California,90049.0,West,OFF-PA-10003363,Office Supplies,Paper,Xerox 204,12.96
8507,CA-2017-130400,08/03/2017,12/03/2017,Standard Class,SJ-20125,Sanjit Jacobs,Home Office,United States,Dallas,Texas,75217.0,Central,TEC-AC-10004633,Technology,Accessories,"Verbatim 25 GB 6x Blu-ray Single Layer Recordable Disc, 3/Pack",27.96
8509,CA-2016-135853,11/12/2016,14/12/2016,First Class,CA-12775,Cynthia Arntzen,Consumer,United States,Detroit,Michigan,48205.0,Central,TEC-AC-10004761,Technology,Accessories,Maxell 4.7GB DVD+RW 3/Pack,175.23
8511,CA-2016-135853,11/12/2016,14/12/2016,First Class,CA-12775,Cynthia Arntzen,Consumer,United States,Detroit,Michigan,48205.0,Central,OFF-BI-10004965,Office Supplies,Binders,Ibico Covers for Plastic or Wire Binding Elements,23.0
8512,CA-2017-103359,22/12/2017,26/12/2017,Standard Class,LC-16885,Lena Creighton,Consumer,United States,New York City,New York,10035.0,East,OFF-BI-10004233,Office Supplies,Binders,"GBC Pre-Punched Binding Paper, Plastic, White, 8-1/2"" x 11""",25.584
8514,CA-2018-141614,05/06/2018,09/06/2018,Standard Class,NS-18640,Noel Staavos,Corporate,United States,Orlando,Florida,32839.0,South,OFF-PA-10002787,Office Supplies,Paper,Xerox 227,20.736
8524,CA-2018-133074,21/09/2018,25/09/2018,Standard Class,DB-13615,Doug Bickford,Consumer,United States,San Francisco,California,94109.0,West,OFF-PA-10004082,Office Supplies,Paper,"Adams Telephone Message Book w/Frequently-Called Numbers Space, 400 Messages per Book",55.86
8525,CA-2018-161172,16/03/2018,16/03/2018,Same Day,SP-20920,Susan Pistek,Consumer,United States,Columbus,Ohio,43229.0,East,TEC-PH-10004348,Technology,Phones,OtterBox Defender Series Case - iPhone 5c,44.376
8527,CA-2018-161172,16/03/2018,16/03/2018,Same Day,SP-20920,Susan Pistek,Consumer,United States,Columbus,Ohio,43229.0,East,OFF-BI-10004654,Office Supplies,Binders,Avery Binding System Hidden Tab Executive Style Index Sets,5.193
8532,CA-2017-156748,30/11/2017,06/12/2017,Standard Class,BS-11755,Bruce Stewart,Consumer,United States,Detroit,Michigan,48227.0,Central,OFF-PA-10002713,Office Supplies,Paper,"Adams Phone Message Book, 200 Message Capacity, 8 1/16” x 11”",13.76
8533,CA-2017-156748,30/11/2017,06/12/2017,Standard Class,BS-11755,Bruce Stewart,Consumer,United States,Detroit,Michigan,48227.0,Central,OFF-ST-10001370,Office Supplies,Storage,Sensible Storage WireTech Storage Systems,496.86
8539,CA-2016-157343,07/06/2016,11/06/2016,Standard Class,HD-14785,Harold Dahlen,Home Office,United States,Philadelphia,Pennsylvania,19143.0,East,OFF-AR-10003183,Office Supplies,Art,Avery Fluorescent Highlighter Four-Color Set,8.016
8540,CA-2018-147354,09/03/2018,13/03/2018,Standard Class,KB-16315,Karl Braun,Consumer,United States,Los Angeles,California,90008.0,West,TEC-CO-10000971,Technology,Copiers,Hewlett Packard 310 Color Digital Copier,479.984
8547,CA-2017-119074,27/03/2017,31/03/2017,Standard Class,DS-13180,David Smith,Corporate,United States,Columbus,Georgia,31907.0,South,OFF-BI-10000962,Office Supplies,Binders,"Acco Flexible ACCOHIDE Square Ring Data Binder, Dark Blue, 11 1/2"" X 14"" 7/8""",32.54
8552,CA-2016-121132,17/07/2016,24/07/2016,Standard Class,VB-21745,Victoria Brennan,Corporate,United States,Houston,Texas,77041.0,Central,OFF-FA-10004248,Office Supplies,Fasteners,Advantus T-Pin Paper Clips,14.432
8553,CA-2015-140473,30/05/2015,03/06/2015,Standard Class,MC-17425,Mark Cousins,Corporate,United States,Chicago,Illinois,60623.0,Central,TEC-CO-10004202,Technology,Copiers,Brother DCP1000 Digital 3 in 1 Multifunction Machine,719.976
8556,CA-2016-117884,22/03/2016,22/03/2016,Same Day,DC-13285,Debra Catini,Consumer,United States,Plantation,Florida,33317.0,South,TEC-AC-10002567,Technology,Accessories,Logitech G602 Wireless Gaming Mouse,447.944
8567,CA-2017-134110,17/11/2017,18/11/2017,First Class,BG-11035,Barry Gonzalez,Consumer,United States,The Colony,Texas,75056.0,Central,OFF-PA-10000697,Office Supplies,Paper,"TOPS Voice Message Log Book, Flash Format",15.232
8571,CA-2017-162390,06/12/2017,12/12/2017,Standard Class,DP-13105,Dave Poirier,Corporate,United States,Hempstead,New York,11550.0,East,TEC-CO-10004202,Technology,Copiers,Brother DCP1000 Digital 3 in 1 Multifunction Machine,479.984
8582,CA-2015-130673,20/05/2015,22/05/2015,Second Class,MC-17590,Matt Collister,Corporate,United States,San Marcos,Texas,78666.0,Central,OFF-PA-10000289,Office Supplies,Paper,Xerox 213,10.368
8583,CA-2015-130673,20/05/2015,22/05/2015,Second Class,MC-17590,Matt Collister,Corporate,United States,San Marcos,Texas,78666.0,Central,TEC-AC-10004227,Technology,Accessories,SanDisk Ultra 16 GB MicroSDHC Class 10 Memory Card,20.784
8585,CA-2015-104808,04/02/2015,08/02/2015,Second Class,MH-17440,Mark Haberlin,Corporate,United States,Escondido,California,92025.0,West,OFF-BI-10003676,Office Supplies,Binders,"GBC Standard Recycled Report Covers, Clear Plastic Sheets",17.248
8588,CA-2018-162015,11/07/2018,18/07/2018,Standard Class,KB-16240,Karen Bern,Corporate,United States,Los Angeles,California,90049.0,West,OFF-AP-10003040,Office Supplies,Appliances,Fellowes 8 Outlet Superior Workstation Surge Protector w/o Phone/Fax/Modem Protection,168.1
8594,CA-2018-159667,09/11/2018,13/11/2018,Standard Class,PM-19135,Peter McVee,Home Office,United States,Jacksonville,Florida,32216.0,South,TEC-AC-10002567,Technology,Accessories,Logitech G602 Wireless Gaming Mouse,191.976
8597,CA-2015-111934,05/05/2015,07/05/2015,First Class,GD-14590,Giulietta Dortch,Corporate,United States,Arlington,Virginia,22204.0,South,OFF-PA-10000474,Office Supplies,Paper,Easy-staple paper,35.44
8600,CA-2015-141110,26/11/2015,01/12/2015,Standard Class,LS-17200,Luke Schmidt,Corporate,United States,Fresno,California,93727.0,West,OFF-PA-10002586,Office Supplies,Paper,Xerox 1970,14.94
8602,CA-2015-141110,26/11/2015,01/12/2015,Standard Class,LS-17200,Luke Schmidt,Corporate,United States,Fresno,California,93727.0,West,OFF-BI-10001553,Office Supplies,Binders,SpineVue Locking Slant-D Ring Binders by Cardinal,7.312
8603,US-2015-133949,31/12/2015,31/12/2015,Same Day,JL-15175,James Lanier,Home Office,United States,Reno,Nevada,89502.0,West,TEC-PH-10004908,Technology,Phones,Panasonic KX TS3282W Corded phone,475.944
8606,US-2017-116365,03/01/2017,08/01/2017,Standard Class,CA-12310,Christine Abelman,Corporate,United States,San Antonio,Texas,78207.0,Central,TEC-PH-10002890,Technology,Phones,AT&T 17929 Lendline Telephone,180.96
8611,CA-2015-151946,04/06/2015,09/06/2015,Standard Class,BT-11440,Bobby Trafton,Consumer,United States,New York City,New York,10035.0,East,FUR-FU-10002191,Furniture,Furnishings,G.E. Halogen Desk Lamp Bulbs,13.96
8612,CA-2018-123624,13/11/2018,17/11/2018,Second Class,SE-20110,Sanjit Engle,Consumer,United States,Oxnard,California,93030.0,West,TEC-AC-10000682,Technology,Accessories,Kensington K72356US Mouse-in-a-Box USB Desktop Mouse,82.95
8613,CA-2017-146437,28/01/2017,01/02/2017,Second Class,HG-14965,Henry Goldwyn,Corporate,United States,Los Angeles,California,90036.0,West,OFF-AR-10000588,Office Supplies,Art,Newell 345,39.68
8615,CA-2017-165918,10/09/2017,14/09/2017,Standard Class,BD-11770,Bryan Davis,Consumer,United States,Edmonds,Washington,98026.0,West,OFF-LA-10003720,Office Supplies,Labels,Avery 487,7.38
8616,CA-2017-165918,10/09/2017,14/09/2017,Standard Class,BD-11770,Bryan Davis,Consumer,United States,Edmonds,Washington,98026.0,West,OFF-BI-10004364,Office Supplies,Binders,Storex Dura Pro Binders,14.256
8619,CA-2018-117513,03/03/2018,08/03/2018,Standard Class,BT-11395,Bill Tyler,Corporate,United States,Los Angeles,California,90004.0,West,FUR-TA-10001520,Furniture,Tables,"Lesro Sheffield Collection Coffee Table, End Table, Center Table, Corner Table",399.672
8623,US-2017-114230,27/11/2017,01/12/2017,Standard Class,CM-12235,Chris McAfee,Consumer,United States,Phoenix,Arizona,85023.0,West,OFF-ST-10000876,Office Supplies,Storage,Eldon Simplefile Box Office,39.808
8628,CA-2016-164084,07/09/2016,12/09/2016,Standard Class,AG-10525,Andy Gerbode,Corporate,United States,New York City,New York,10011.0,East,TEC-AC-10002305,Technology,Accessories,KeyTronic E03601U1 - Keyboard - Beige,90.0
8630,CA-2016-164084,07/09/2016,12/09/2016,Standard Class,AG-10525,Andy Gerbode,Corporate,United States,New York City,New York,10011.0,East,FUR-TA-10003569,Furniture,Tables,Bretford CR8500 Series Meeting Room Furniture,481.176
8635,CA-2018-159793,25/08/2018,29/08/2018,Standard Class,SV-20365,Seth Vernon,Consumer,United States,Philadelphia,Pennsylvania,19140.0,East,FUR-BO-10001798,Furniture,Bookcases,Bush Somerset Collection Bookcase,130.98
8638,CA-2018-151281,27/04/2018,02/05/2018,Standard Class,HM-14980,Henry MacAllister,Consumer,United States,Seattle,Washington,98105.0,West,FUR-FU-10000397,Furniture,Furnishings,Luxo Economy Swing Arm Lamp,139.58
8639,CA-2018-118346,23/07/2018,24/07/2018,First Class,PO-19180,Philisse Overcash,Home Office,United States,Kenosha,Wisconsin,53142.0,Central,TEC-AC-10000736,Technology,Accessories,Logitech G600 MMO Gaming Mouse,399.95
8640,CA-2015-129819,13/12/2015,15/12/2015,Second Class,KC-16675,Kimberly Carter,Corporate,United States,Henderson,Kentucky,42420.0,South,OFF-BI-10004970,Office Supplies,Binders,"ACCOHIDE 3-Ring Binder, Blue, 1""",12.39
8642,CA-2018-147767,02/12/2018,02/12/2018,Same Day,SV-20935,Susan Vittorini,Consumer,United States,Peoria,Arizona,85345.0,West,OFF-BI-10001670,Office Supplies,Binders,Vinyl Sectional Post Binders,67.86
8644,CA-2016-108259,08/11/2016,15/11/2016,Standard Class,NS-18640,Noel Staavos,Corporate,United States,Jacksonville,North Carolina,28540.0,South,OFF-LA-10002945,Office Supplies,Labels,"Permanent Self-Adhesive File Folder Labels for Typewriters, 1 1/8 x 3 1/2, White",5.04
8646,CA-2016-108259,08/11/2016,15/11/2016,Standard Class,NS-18640,Noel Staavos,Corporate,United States,Jacksonville,North Carolina,28540.0,South,FUR-FU-10000023,Furniture,Furnishings,Eldon Wave Desk Accessories,4.712
8649,CA-2017-164574,29/07/2017,03/08/2017,Standard Class,RH-19555,Ritsa Hightower,Consumer,United States,Charlotte,North Carolina,28205.0,South,OFF-ST-10003816,Office Supplies,Storage,Fellowes High-Stak Drawer Files,704.76
8652,CA-2015-142769,13/09/2015,13/09/2015,Same Day,RP-19390,Resi Pölking,Consumer,United States,Seattle,Washington,98103.0,West,FUR-FU-10001918,Furniture,Furnishings,C-Line Cubicle Keepers Polyproplyene Holder With Velcro Backings,14.19
8654,CA-2015-142769,13/09/2015,13/09/2015,Same Day,RP-19390,Resi Pölking,Consumer,United States,Seattle,Washington,98103.0,West,TEC-AC-10001606,Technology,Accessories,Logitech Wireless Performance Mouse MX for PC and Mac,199.98
8655,CA-2015-142769,13/09/2015,13/09/2015,Same Day,RP-19390,Resi Pölking,Consumer,United States,Seattle,Washington,98103.0,West,TEC-AC-10003399,Technology,Accessories,Memorex Mini Travel Drive 64 GB USB 2.0 Flash Drive,144.96
8656,CA-2015-142769,13/09/2015,13/09/2015,Same Day,RP-19390,Resi Pölking,Consumer,United States,Seattle,Washington,98103.0,West,TEC-AC-10000865,Technology,Accessories,WD My Passport Ultra 500GB Portable External Hard Drive,118.0
8657,CA-2015-142769,13/09/2015,13/09/2015,Same Day,RP-19390,Resi Pölking,Consumer,United States,Seattle,Washington,98103.0,West,OFF-PA-10002923,Office Supplies,Paper,Xerox 1942,48.94
8659,CA-2017-168361,21/06/2017,25/06/2017,Standard Class,KB-16600,Ken Brennan,Corporate,United States,Chicago,Illinois,60623.0,Central,OFF-BI-10003727,Office Supplies,Binders,Avery Durable Slant Ring Binders With Label Holder,0.836
8662,CA-2016-131856,12/05/2016,17/05/2016,Standard Class,JG-15160,James Galang,Consumer,United States,Houston,Texas,77041.0,Central,FUR-FU-10000175,Furniture,Furnishings,DAX Wood Document Frame.,21.968
8665,CA-2018-126634,30/03/2018,01/04/2018,Second Class,AB-10165,Alan Barnes,Consumer,United States,Lakewood,California,90712.0,West,FUR-FU-10004973,Furniture,Furnishings,Flat Face Poster Frame,94.2
8671,US-2015-159611,27/12/2015,01/01/2016,Second Class,KB-16315,Karl Braun,Consumer,United States,Cleveland,Ohio,44105.0,East,FUR-FU-10004904,Furniture,Furnishings,"Eldon ""L"" Workstation Diamond Chairmat",182.352
8673,CA-2018-163265,16/02/2018,21/02/2018,Standard Class,JS-16030,Joy Smith,Consumer,United States,Decatur,Illinois,62521.0,Central,OFF-FA-10004854,Office Supplies,Fasteners,"Vinyl Coated Wire Paper Clips in Organizer Box, 800/Box",18.368
8674,CA-2018-163265,16/02/2018,21/02/2018,Standard Class,JS-16030,Joy Smith,Consumer,United States,Decatur,Illinois,62521.0,Central,FUR-CH-10004063,Furniture,Chairs,Global Deluxe High-Back Manager's Chair,600.558
8675,CA-2018-163265,16/02/2018,21/02/2018,Standard Class,JS-16030,Joy Smith,Consumer,United States,Decatur,Illinois,62521.0,Central,OFF-ST-10000642,Office Supplies,Storage,"Tennsco Lockers, Gray",50.352
8678,CA-2018-141705,24/10/2018,26/10/2018,First Class,PO-18850,Patrick O'Brill,Consumer,United States,Mansfield,Texas,76063.0,Central,FUR-TA-10004607,Furniture,Tables,Hon 2111 Invitation Series Straight Table,517.405
8684,CA-2018-101665,25/11/2018,01/12/2018,Standard Class,TZ-21580,Tracy Zic,Consumer,United States,San Francisco,California,94122.0,West,OFF-AR-10002335,Office Supplies,Art,DIXON Oriole Pencils,5.16
8696,CA-2018-127096,15/09/2018,17/09/2018,Second Class,CS-12400,Christopher Schild,Home Office,United States,San Francisco,California,94109.0,West,FUR-TA-10003473,Furniture,Tables,Bretford Rectangular Conference Table Tops,300.904
8697,CA-2018-119284,15/06/2018,20/06/2018,Standard Class,TS-21205,Thomas Seio,Corporate,United States,Nashville,Tennessee,37211.0,South,TEC-PH-10001051,Technology,Phones,HTC One,239.976
8700,CA-2018-119284,15/06/2018,20/06/2018,Standard Class,TS-21205,Thomas Seio,Corporate,United States,Nashville,Tennessee,37211.0,South,TEC-PH-10000560,Technology,Phones,Samsung Galaxy S III - 16GB - pebble blue (T-Mobile),2239.936
8701,CA-2018-119284,15/06/2018,20/06/2018,Standard Class,TS-21205,Thomas Seio,Corporate,United States,Nashville,Tennessee,37211.0,South,OFF-AP-10004249,Office Supplies,Appliances,Staple holder,76.608
8704,CA-2016-133494,01/03/2016,05/03/2016,Standard Class,RP-19390,Resi Pölking,Consumer,United States,Philadelphia,Pennsylvania,19120.0,East,OFF-AP-10002906,Office Supplies,Appliances,Hoover Replacement Belt for Commercial Guardsman Heavy-Duty Upright Vacuum,3.552
8708,CA-2015-146815,08/09/2015,13/09/2015,Standard Class,PP-18955,Paul Prost,Home Office,United States,New York City,New York,10009.0,East,OFF-AR-10003469,Office Supplies,Art,Nontoxic Chalk,3.52
8713,US-2016-145422,03/12/2016,07/12/2016,Standard Class,PW-19240,Pierre Wener,Consumer,United States,San Francisco,California,94110.0,West,FUR-BO-10002213,Furniture,Bookcases,"Sauder Forest Hills Library, Woodland Oak Finish",359.499
8714,CA-2018-136623,11/07/2018,16/07/2018,Standard Class,TS-21430,Tom Stivers,Corporate,United States,San Diego,California,92105.0,West,TEC-PH-10000004,Technology,Phones,Belkin iPhone and iPad Lightning Cable,71.952
8716,CA-2018-121678,16/11/2018,20/11/2018,Second Class,BM-11650,Brian Moss,Corporate,United States,Elyria,Ohio,44035.0,East,OFF-BI-10002949,Office Supplies,Binders,Prestige Round Ring Binders,1.824
8724,US-2017-135209,29/12/2017,31/12/2017,Second Class,MH-17290,Marc Harrigan,Home Office,United States,Miami,Florida,33178.0,South,OFF-PA-10002986,Office Supplies,Paper,Xerox 1898,37.408
8728,CA-2016-103870,27/12/2016,31/12/2016,Standard Class,SP-20860,Sung Pak,Corporate,United States,Murfreesboro,Tennessee,37130.0,South,FUR-FU-10002030,Furniture,Furnishings,"Executive Impressions 14"" Contract Wall Clock with Quartz Movement",53.352
8729,CA-2016-103870,27/12/2016,31/12/2016,Standard Class,SP-20860,Sung Pak,Corporate,United States,Murfreesboro,Tennessee,37130.0,South,FUR-BO-10002853,Furniture,Bookcases,O'Sullivan 5-Shelf Heavy-Duty Bookcases,131.104
8730,CA-2016-103870,27/12/2016,31/12/2016,Standard Class,SP-20860,Sung Pak,Corporate,United States,Murfreesboro,Tennessee,37130.0,South,OFF-ST-10002562,Office Supplies,Storage,Staple magnet,22.512
8738,CA-2018-161592,06/04/2018,10/04/2018,Standard Class,CS-12175,Charles Sheldon,Corporate,United States,Chattanooga,Tennessee,37421.0,South,OFF-BI-10003669,Office Supplies,Binders,3M Organizer Strips,8.1
8739,US-2018-131961,08/12/2018,11/12/2018,First Class,MJ-17740,Max Jones,Consumer,United States,Philadelphia,Pennsylvania,19140.0,East,OFF-AR-10004441,Office Supplies,Art,BIC Brite Liner Highlighters,13.248
8740,US-2018-131961,08/12/2018,11/12/2018,First Class,MJ-17740,Max Jones,Consumer,United States,Philadelphia,Pennsylvania,19140.0,East,TEC-PH-10001924,Technology,Phones,iHome FM Clock Radio with Lightning Dock,83.988
8741,CA-2017-102498,24/07/2017,25/07/2017,First Class,JG-15160,James Galang,Consumer,United States,Lafayette,Louisiana,70506.0,South,OFF-AR-10004456,Office Supplies,Art,Panasonic KP-4ABK Battery-Operated Pencil Sharpener,73.2
8742,CA-2016-113222,09/11/2016,09/11/2016,Same Day,AG-10765,Anthony Garverick,Home Office,United States,Lawrence,Indiana,46226.0,Central,OFF-BI-10001890,Office Supplies,Binders,Avery Poly Binder Pockets,10.74
8743,US-2016-144771,02/10/2016,04/10/2016,First Class,CK-12205,Chloris Kastensmidt,Consumer,United States,Hillsboro,Oregon,97123.0,West,FUR-FU-10000629,Furniture,Furnishings,9-3/4 Diameter Round Wall Clock,11.032
8747,CA-2018-128076,02/02/2018,07/02/2018,Standard Class,BO-11350,Bill Overfelt,Corporate,United States,San Diego,California,92105.0,West,FUR-FU-10000293,Furniture,Furnishings,Eldon Antistatic Chair Mats for Low to Medium Pile Carpets,210.58
8748,CA-2018-128076,02/02/2018,07/02/2018,Standard Class,BO-11350,Bill Overfelt,Corporate,United States,San Diego,California,92105.0,West,OFF-BI-10003638,Office Supplies,Binders,GBC Durable Plastic Covers,30.96
8751,US-2016-163825,16/06/2016,19/06/2016,First Class,LC-16885,Lena Creighton,Consumer,United States,New York City,New York,10009.0,East,TEC-PH-10004922,Technology,Phones,RCA Visys Integrated PBX 8-Line Router,133.98
8752,CA-2017-105662,05/05/2017,09/05/2017,Standard Class,RB-19465,Rick Bensley,Home Office,United States,Tallahassee,Florida,32303.0,South,OFF-PA-10001001,Office Supplies,Paper,"Snap-A-Way Black Print Carbonless Speed Message, No Reply Area, Duplicate",93.248
8758,CA-2017-114307,22/07/2017,26/07/2017,Standard Class,MF-17665,Maureen Fritzler,Corporate,United States,Columbia,Maryland,21044.0,East,OFF-PA-10004100,Office Supplies,Paper,Xerox 216,51.84
8763,CA-2017-112578,29/12/2017,02/01/2018,Standard Class,FO-14305,Frank Olsen,Consumer,United States,Sacramento,California,95823.0,West,OFF-ST-10003722,Office Supplies,Storage,Project Tote Personal File,14.03
8764,CA-2017-112578,29/12/2017,02/01/2018,Standard Class,FO-14305,Frank Olsen,Consumer,United States,Sacramento,California,95823.0,West,OFF-SU-10002557,Office Supplies,Supplies,Fiskars Spring-Action Scissors,27.96
8765,CA-2016-107083,21/11/2016,27/11/2016,Standard Class,BB-11545,Brenda Bowman,Corporate,United States,Fort Worth,Texas,76106.0,Central,OFF-AR-10002257,Office Supplies,Art,"Eldon Spacemaker Box, Quick-Snap Lid, Clear",5.344
8766,CA-2016-107083,21/11/2016,27/11/2016,Standard Class,BB-11545,Brenda Bowman,Corporate,United States,Fort Worth,Texas,76106.0,Central,OFF-BI-10000756,Office Supplies,Binders,Storex DuraTech Recycled Plastic Frosted Binders,1.696
8769,CA-2016-151722,05/10/2016,09/10/2016,Standard Class,IL-15100,Ivan Liston,Consumer,United States,Columbus,Ohio,43229.0,East,TEC-AC-10000892,Technology,Accessories,NETGEAR N750 Dual Band Wi-Fi Gigabit Router,288.0
8771,CA-2017-151148,12/09/2017,13/09/2017,Same Day,PO-19180,Philisse Overcash,Home Office,United States,Louisville,Colorado,80027.0,West,FUR-CH-10002304,Furniture,Chairs,"Global Stack Chair without Arms, Black",83.136
8774,CA-2016-132276,23/02/2016,28/02/2016,Standard Class,LC-16960,Lindsay Castell,Home Office,United States,New York City,New York,10024.0,East,OFF-AP-10000804,Office Supplies,Appliances,Hoover Portapower Portable Vacuum,26.88
8775,CA-2016-132276,23/02/2016,28/02/2016,Standard Class,LC-16960,Lindsay Castell,Home Office,United States,New York City,New York,10024.0,East,OFF-BI-10002982,Office Supplies,Binders,Avery Self-Adhesive Photo Pockets for Polaroid Photos,10.896
8777,CA-2017-102813,02/07/2017,03/07/2017,First Class,EA-14035,Erin Ashbrook,Corporate,United States,Huntsville,Texas,77340.0,Central,FUR-CH-10000665,Furniture,Chairs,"Global Airflow Leather Mesh Back Chair, Black",528.43
8781,CA-2016-133585,01/03/2016,04/03/2016,First Class,CM-12715,Craig Molinari,Corporate,United States,Houston,Texas,77070.0,Central,OFF-AR-10003696,Office Supplies,Art,Panasonic KP-350BK Electric Pencil Sharpener with Auto Stop,55.328
8784,CA-2017-116911,15/09/2017,20/09/2017,Standard Class,JD-16150,Justin Deggeller,Corporate,United States,Twin Falls,Idaho,83301.0,West,FUR-TA-10003473,Furniture,Tables,Bretford Rectangular Conference Table Tops,1128.39
8785,US-2018-129224,17/03/2018,23/03/2018,Standard Class,AS-10630,Ann Steele,Home Office,United States,Knoxville,Tennessee,37918.0,South,OFF-LA-10003190,Office Supplies,Labels,Avery 474,4.608
8789,CA-2018-126914,15/06/2018,19/06/2018,Standard Class,JE-15715,Joe Elijah,Consumer,United States,Monroe,North Carolina,28110.0,South,FUR-CH-10000847,Furniture,Chairs,Global Executive Mid-Back Manager's Chair,698.352
8791,CA-2016-169572,06/09/2016,12/09/2016,Standard Class,AG-10525,Andy Gerbode,Corporate,United States,Richmond,Virginia,23223.0,South,OFF-BI-10002799,Office Supplies,Binders,"SlimView Poly Binder, 3/8""",46.62
8792,CA-2018-162075,18/03/2018,24/03/2018,Standard Class,TT-21220,Thomas Thornton,Consumer,United States,Houston,Texas,77041.0,Central,TEC-PH-10001557,Technology,Phones,Pyle PMP37LED,537.544
8800,CA-2015-116666,08/05/2015,10/05/2015,First Class,KT-16480,Kean Thornton,Consumer,United States,Philadelphia,Pennsylvania,19134.0,East,TEC-CO-10001449,Technology,Copiers,Hewlett Packard LaserJet 3310 Copier,1799.97
8803,CA-2017-140935,10/11/2017,12/11/2017,First Class,AB-10015,Aaron Bergman,Consumer,United States,Oklahoma City,Oklahoma,73120.0,Central,FUR-BO-10003966,Furniture,Bookcases,"Sauder Facets Collection Library, Sky Alder Finish",341.96
8808,US-2018-110646,26/10/2018,31/10/2018,Standard Class,JF-15190,Jamie Frazer,Consumer,United States,Philadelphia,Pennsylvania,19134.0,East,OFF-BI-10004330,Office Supplies,Binders,"GBC Velobind Prepunched Cover Sets, Regency Series",33.282
8811,CA-2018-120614,30/05/2018,04/06/2018,Standard Class,SM-20950,Suzanne McNair,Corporate,United States,Los Angeles,California,90004.0,West,OFF-PA-10004911,Office Supplies,Paper,"Rediform S.O.S. 1-Up Phone Message Bk, 4-1/4x3-1/16 Bk, 1 Form/Pg, 40 Messages/Bk, 3/Pk",37.52
8815,CA-2016-144274,23/11/2016,25/11/2016,Second Class,PW-19240,Pierre Wener,Consumer,United States,Wilmington,Delaware,19805.0,East,TEC-PH-10003012,Technology,Phones,Nortel Meridian M3904 Professional Digital phone,307.98
8817,CA-2016-144274,23/11/2016,25/11/2016,Second Class,PW-19240,Pierre Wener,Consumer,United States,Wilmington,Delaware,19805.0,East,OFF-AR-10001940,Office Supplies,Art,"Sanford Colorific Eraseable Coloring Pencils, 12 Count",13.12
8818,CA-2016-144274,23/11/2016,25/11/2016,Second Class,PW-19240,Pierre Wener,Consumer,United States,Wilmington,Delaware,19805.0,East,OFF-EN-10003286,Office Supplies,Envelopes,Staple envelope,16.56
8820,CA-2016-142930,28/11/2016,02/12/2016,Standard Class,EB-14170,Evan Bailliet,Consumer,United States,Austin,Texas,78745.0,Central,OFF-PA-10003395,Office Supplies,Paper,Xerox 1941,335.52
8821,CA-2018-100622,03/11/2018,07/11/2018,Standard Class,DK-13090,Dave Kipp,Consumer,United States,Orlando,Florida,32839.0,South,TEC-CO-10003236,Technology,Copiers,Canon Image Class D660 Copier,959.984
8822,CA-2018-100622,03/11/2018,07/11/2018,Standard Class,DK-13090,Dave Kipp,Consumer,United States,Orlando,Florida,32839.0,South,OFF-BI-10002982,Office Supplies,Binders,Avery Self-Adhesive Photo Pockets for Polaroid Photos,4.086
8823,CA-2018-100622,03/11/2018,07/11/2018,Standard Class,DK-13090,Dave Kipp,Consumer,United States,Orlando,Florida,32839.0,South,OFF-AR-10004010,Office Supplies,Art,Hunt Boston Vacuum Mount KS Pencil Sharpener,55.984
8828,US-2015-157847,02/04/2015,06/04/2015,Second Class,SC-20020,Sam Craven,Consumer,United States,Houston,Texas,77095.0,Central,OFF-PA-10001593,Office Supplies,Paper,Xerox 1947,33.488
8829,CA-2016-115168,05/06/2016,09/06/2016,Standard Class,BB-11545,Brenda Bowman,Corporate,United States,Saint Charles,Missouri,63301.0,Central,OFF-PA-10000528,Office Supplies,Paper,Xerox 1981,10.56
8830,CA-2015-109680,06/10/2015,09/10/2015,First Class,VP-21760,Victoria Pisteka,Corporate,United States,Indianapolis,Indiana,46203.0,Central,OFF-ST-10001932,Office Supplies,Storage,Fellowes Staxonsteel Drawer Files,386.34
8834,US-2018-132675,24/09/2018,28/09/2018,Standard Class,KF-16285,Karen Ferguson,Home Office,United States,Sandy Springs,Georgia,30328.0,South,OFF-ST-10004950,Office Supplies,Storage,"Tenex Personal Filing Tote With Secure Closure Lid, Black/Frost",15.51
8835,US-2018-132675,24/09/2018,28/09/2018,Standard Class,KF-16285,Karen Ferguson,Home Office,United States,Sandy Springs,Georgia,30328.0,South,TEC-PH-10003171,Technology,Phones,Plantronics Encore H101 Dual Earpieces Headset,89.9
8836,US-2018-132675,24/09/2018,28/09/2018,Standard Class,KF-16285,Karen Ferguson,Home Office,United States,Sandy Springs,Georgia,30328.0,South,OFF-AR-10000614,Office Supplies,Art,Barrel Sharpener,14.28
8837,US-2018-132675,24/09/2018,28/09/2018,Standard Class,KF-16285,Karen Ferguson,Home Office,United States,Sandy Springs,Georgia,30328.0,South,OFF-AR-10000034,Office Supplies,Art,"BIC Brite Liner Grip Highlighters, Assorted, 5/Pack",12.72
8844,CA-2015-141173,18/11/2015,20/11/2015,Second Class,JC-16105,Julie Creighton,Corporate,United States,Minneapolis,Minnesota,55407.0,Central,OFF-ST-10000885,Office Supplies,Storage,Fellowes Desktop Hanging File Manager,67.15
8845,CA-2018-156664,18/12/2018,23/12/2018,Standard Class,BP-11290,Beth Paige,Consumer,United States,Columbus,Ohio,43229.0,East,OFF-BI-10004209,Office Supplies,Binders,"Fellowes Twister Kit, Gray/Clear, 3/pkg",7.236
8848,CA-2018-156664,18/12/2018,23/12/2018,Standard Class,BP-11290,Beth Paige,Consumer,United States,Columbus,Ohio,43229.0,East,OFF-AP-10004487,Office Supplies,Appliances,Kensington 4 Outlet MasterPiece Compact Power Control Center,130.112
8858,CA-2018-135909,13/10/2018,20/10/2018,Standard Class,JW-15220,Jane Waco,Corporate,United States,Sacramento,California,95823.0,West,TEC-PH-10003187,Technology,Phones,Anker Astro Mini 3000mAh Ultra-Compact Portable Charger,31.984
8860,US-2018-114356,20/08/2018,26/08/2018,Standard Class,TT-21460,Tonja Turnell,Home Office,United States,Charlotte,North Carolina,28205.0,South,TEC-PH-10003171,Technology,Phones,Plantronics Encore H101 Dual Earpieces Headset,35.96
8861,CA-2016-125934,11/09/2016,18/09/2016,Standard Class,SN-20560,Skye Norling,Home Office,United States,Paterson,New Jersey,7501.0,East,OFF-LA-10000414,Office Supplies,Labels,Avery 503,31.05
8862,CA-2016-125934,11/09/2016,18/09/2016,Standard Class,SN-20560,Skye Norling,Home Office,United States,Paterson,New Jersey,7501.0,East,FUR-FU-10002107,Furniture,Furnishings,Eldon Pizzaz Desk Accessories,8.92
8864,CA-2016-125934,11/09/2016,18/09/2016,Standard Class,SN-20560,Skye Norling,Home Office,United States,Paterson,New Jersey,7501.0,East,OFF-AP-10003860,Office Supplies,Appliances,Fellowes Advanced 8 Outlet Surge Suppressor with Phone/Fax Protection,111.04
8867,CA-2015-120411,20/09/2015,23/09/2015,First Class,SB-20185,Sarah Brown,Consumer,United States,Chicago,Illinois,60653.0,Central,FUR-BO-10004218,Furniture,Bookcases,"Bush Heritage Pine Collection 5-Shelf Bookcase, Albany Pine Finish, *Special Order",493.43
8869,CA-2017-158260,04/11/2017,08/11/2017,Standard Class,CC-12475,Cindy Chapman,Consumer,United States,San Diego,California,92037.0,West,TEC-MA-10003176,Technology,Machines,Okidata B400 Printer,686.4
8871,CA-2018-101805,01/12/2018,06/12/2018,Standard Class,SH-19975,Sally Hughsby,Corporate,United States,Seattle,Washington,98105.0,West,FUR-FU-10000023,Furniture,Furnishings,Eldon Wave Desk Accessories,70.68
8872,CA-2018-101805,01/12/2018,06/12/2018,Standard Class,SH-19975,Sally Hughsby,Corporate,United States,Seattle,Washington,98105.0,West,OFF-ST-10002756,Office Supplies,Storage,"Tennsco Stur-D-Stor Boltless Shelving, 5 Shelves, 24"" Deep, Sand",541.24
8874,US-2015-105137,10/10/2015,10/10/2015,Same Day,RB-19435,Richard Bierner,Consumer,United States,Columbus,Ohio,43229.0,East,OFF-BI-10002429,Office Supplies,Binders,"Premier Elliptical Ring Binder, Black",18.264
8881,US-2016-107944,23/03/2016,25/03/2016,First Class,AM-10360,Alice McCarthy,Corporate,United States,Los Angeles,California,90008.0,West,TEC-AC-10000736,Technology,Accessories,Logitech G600 MMO Gaming Mouse,239.97
8883,US-2018-115252,20/10/2018,25/10/2018,Standard Class,MY-18295,Muhammed Yedwab,Corporate,United States,Durham,North Carolina,27707.0,South,TEC-PH-10004071,Technology,Phones,PayAnywhere Card Reader,15.984
8886,CA-2015-107398,25/08/2015,30/08/2015,Standard Class,BS-11590,Brendan Sweed,Corporate,United States,Columbus,Ohio,43229.0,East,OFF-BI-10004141,Office Supplies,Binders,Insertable Tab Indexes For Data Binders,2.862
8887,CA-2015-107398,25/08/2015,30/08/2015,Standard Class,BS-11590,Brendan Sweed,Corporate,United States,Columbus,Ohio,43229.0,East,OFF-BI-10002103,Office Supplies,Binders,"Cardinal Slant-D Ring Binder, Heavy Gauge Vinyl",20.856
8893,CA-2016-111038,01/12/2016,06/12/2016,Standard Class,LC-16960,Lindsay Castell,Home Office,United States,San Diego,California,92037.0,West,FUR-CH-10003973,Furniture,Chairs,GuestStacker Chair with Chrome Finish Legs,2676.672
8898,CA-2017-167241,15/08/2017,22/08/2017,Standard Class,BD-11320,Bill Donatelli,Consumer,United States,Los Angeles,California,90004.0,West,OFF-PA-10004911,Office Supplies,Paper,"Rediform S.O.S. 1-Up Phone Message Bk, 4-1/4x3-1/16 Bk, 1 Form/Pg, 40 Messages/Bk, 3/Pk",37.52
8900,CA-2016-163237,07/08/2016,09/08/2016,Second Class,EM-14095,Eudokia Martin,Corporate,United States,Springfield,Virginia,22153.0,South,OFF-LA-10004545,Office Supplies,Labels,Avery 50,25.06
8901,CA-2017-150483,31/05/2017,04/06/2017,Standard Class,BP-11290,Beth Paige,Consumer,United States,Decatur,Illinois,62521.0,Central,FUR-FU-10001379,Furniture,Furnishings,"Executive Impressions 16-1/2"" Circular Wall Clock",32.064
8903,CA-2017-150483,31/05/2017,04/06/2017,Standard Class,BP-11290,Beth Paige,Consumer,United States,Decatur,Illinois,62521.0,Central,FUR-CH-10000422,Furniture,Chairs,Global Highback Leather Tilter in Burgundy,191.079
8904,CA-2017-150483,31/05/2017,04/06/2017,Standard Class,BP-11290,Beth Paige,Consumer,United States,Decatur,Illinois,62521.0,Central,OFF-PA-10004621,Office Supplies,Paper,Xerox 212,10.368
8905,US-2017-126431,01/07/2017,01/07/2017,Same Day,SU-20665,Stephanie Ulpright,Home Office,United States,New York City,New York,10009.0,East,OFF-LA-10001474,Office Supplies,Labels,Avery 477,30.53
8907,US-2017-126431,01/07/2017,01/07/2017,Same Day,SU-20665,Stephanie Ulpright,Home Office,United States,New York City,New York,10009.0,East,OFF-PA-10001950,Office Supplies,Paper,Southworth 25% Cotton Antique Laid Paper & Envelopes,75.06
8911,CA-2018-102610,04/11/2018,08/11/2018,Standard Class,CA-12265,Christina Anderson,Consumer,United States,Chattanooga,Tennessee,37421.0,South,TEC-AC-10000303,Technology,Accessories,Logitech M510 Wireless Mouse,95.976
8914,CA-2018-102610,04/11/2018,08/11/2018,Standard Class,CA-12265,Christina Anderson,Consumer,United States,Chattanooga,Tennessee,37421.0,South,OFF-LA-10002195,Office Supplies,Labels,Avery 481,4.928
8917,US-2017-144057,09/05/2017,13/05/2017,Standard Class,CV-12805,Cynthia Voltz,Corporate,United States,Austin,Texas,78745.0,Central,OFF-AP-10000390,Office Supplies,Appliances,Euro Pro Shark Stick Mini Vacuum,48.784
8918,US-2017-144057,09/05/2017,13/05/2017,Standard Class,CV-12805,Cynthia Voltz,Corporate,United States,Austin,Texas,78745.0,Central,OFF-PA-10004327,Office Supplies,Paper,Xerox 1911,76.64
8919,US-2017-144057,09/05/2017,13/05/2017,Standard Class,CV-12805,Cynthia Voltz,Corporate,United States,Austin,Texas,78745.0,Central,OFF-BI-10002353,Office Supplies,Binders,GBC VeloBind Cover Sets,18.528
8924,CA-2018-133928,11/06/2018,17/06/2018,Standard Class,ZC-21910,Zuschuss Carroll,Consumer,United States,Hickory,North Carolina,28601.0,South,OFF-BI-10001525,Office Supplies,Binders,"Acco Pressboard Covers with Storage Hooks, 14 7/8"" x 11"", Executive Red",4.572
8928,CA-2016-143616,27/09/2016,29/09/2016,Second Class,SS-20140,Saphhira Shifley,Corporate,United States,Seattle,Washington,98103.0,West,OFF-AR-10002067,Office Supplies,Art,Newell 334,99.2
8929,US-2016-168704,13/04/2016,17/04/2016,Standard Class,FP-14320,Frank Preis,Consumer,United States,Huntsville,Texas,77340.0,Central,FUR-TA-10000688,Furniture,Tables,"Chromcraft Bull-Nose Wood Round Conference Table Top, Wood Base",609.98
8930,US-2016-168704,13/04/2016,17/04/2016,Standard Class,FP-14320,Frank Preis,Consumer,United States,Huntsville,Texas,77340.0,Central,FUR-TA-10002530,Furniture,Tables,"Iceberg OfficeWorks 42"" Round Tables",211.372
8931,US-2016-168704,13/04/2016,17/04/2016,Standard Class,FP-14320,Frank Preis,Consumer,United States,Huntsville,Texas,77340.0,Central,TEC-PH-10001061,Technology,Phones,Apple iPhone 5C,239.976
8937,CA-2016-134117,17/12/2016,19/12/2016,Second Class,PG-18895,Paul Gonzalez,Consumer,United States,Los Angeles,California,90008.0,West,OFF-AR-10003903,Office Supplies,Art,Sanford 52201 APSCO Electric Pencil Sharpener,204.85
8940,CA-2016-134117,17/12/2016,19/12/2016,Second Class,PG-18895,Paul Gonzalez,Consumer,United States,Los Angeles,California,90008.0,West,OFF-BI-10002026,Office Supplies,Binders,Avery Arch Ring Binders,92.96
8942,CA-2017-159023,03/11/2017,05/11/2017,First Class,NW-18400,Natalie Webber,Consumer,United States,Portland,Oregon,97206.0,West,OFF-BI-10002813,Office Supplies,Binders,Avery Reinforcements for Hole-Punch Pages,4.158
8944,CA-2018-111717,10/10/2018,16/10/2018,Standard Class,SW-20245,Scot Wooten,Consumer,United States,Aurora,Illinois,60505.0,Central,FUR-CH-10001545,Furniture,Chairs,Hon Comfortask Task/Swivel Chairs,239.358
8947,CA-2018-148355,24/12/2018,28/12/2018,Standard Class,NC-18535,Nick Crebassa,Corporate,United States,New Bedford,Massachusetts,2740.0,East,OFF-PA-10001972,Office Supplies,Paper,Xerox 214,19.44
8951,CA-2018-150910,22/12/2018,28/12/2018,Standard Class,JL-15130,Jack Lebron,Consumer,United States,Jackson,Tennessee,38301.0,South,TEC-AC-10001013,Technology,Accessories,Logitech ClearChat Comfort/USB Headset H390,46.864
8954,CA-2018-150910,22/12/2018,28/12/2018,Standard Class,JL-15130,Jack Lebron,Consumer,United States,Jackson,Tennessee,38301.0,South,OFF-AP-10003266,Office Supplies,Appliances,"Holmes Replacement Filter for HEPA Air Cleaner, Large Room",59.24
8958,CA-2018-105620,25/12/2018,28/12/2018,First Class,JH-15430,Jennifer Halladay,Consumer,United States,Hialeah,Florida,33012.0,South,TEC-MA-10004626,Technology,Machines,Lexmark 20R1285 X6650 Wireless All-in-One Printer,120.0
8960,CA-2018-150266,25/11/2018,30/11/2018,Standard Class,RO-19780,Rose O'Brian,Consumer,United States,Houston,Texas,77070.0,Central,OFF-AP-10002867,Office Supplies,Appliances,Fellowes Command Center 5-outlet power strip,67.84
8961,CA-2018-150266,25/11/2018,30/11/2018,Standard Class,RO-19780,Rose O'Brian,Consumer,United States,Houston,Texas,77070.0,Central,FUR-CH-10002126,Furniture,Chairs,Hon Deluxe Fabric Upholstered Stacking Chairs,853.93
8964,CA-2017-157280,05/11/2017,07/11/2017,First Class,LW-17125,Liz Willingham,Consumer,United States,Virginia Beach,Virginia,23464.0,South,TEC-AC-10000057,Technology,Accessories,Microsoft Natural Ergonomic Keyboard 4000,89.97
8967,CA-2017-134180,03/11/2017,07/11/2017,Standard Class,JP-16135,Julie Prescott,Home Office,United States,Philadelphia,Pennsylvania,19120.0,East,TEC-AC-10000892,Technology,Accessories,NETGEAR N750 Dual Band Wi-Fi Gigabit Router,72.0
8975,CA-2018-156622,23/11/2018,26/11/2018,First Class,JP-15460,Jennifer Patt,Corporate,United States,Dallas,Texas,75220.0,Central,OFF-PA-10000477,Office Supplies,Paper,Xerox 22,36.288
8976,CA-2018-156622,23/11/2018,26/11/2018,First Class,JP-15460,Jennifer Patt,Corporate,United States,Dallas,Texas,75220.0,Central,OFF-PA-10002923,Office Supplies,Paper,Xerox 1942,78.304
8977,CA-2018-156622,23/11/2018,26/11/2018,First Class,JP-15460,Jennifer Patt,Corporate,United States,Dallas,Texas,75220.0,Central,FUR-TA-10003008,Furniture,Tables,"Lesro Round Back Collection Coffee Table, End Table",127.785
8978,CA-2018-156622,23/11/2018,26/11/2018,First Class,JP-15460,Jennifer Patt,Corporate,United States,Dallas,Texas,75220.0,Central,OFF-BI-10003707,Office Supplies,Binders,Aluminum Screw Posts,6.104
8981,CA-2015-108182,06/02/2015,10/02/2015,Second Class,DL-13315,Delfina Latchford,Consumer,United States,Romeoville,Illinois,60441.0,Central,OFF-BI-10001196,Office Supplies,Binders,"Avery Flip-Chart Easel Binder, Black",8.952
8983,CA-2017-110898,06/03/2017,12/03/2017,Standard Class,LC-16870,Lena Cacioppo,Consumer,United States,Chicago,Illinois,60623.0,Central,OFF-BI-10004656,Office Supplies,Binders,Peel & Stick Add-On Corner Pockets,1.728
8984,CA-2017-110898,06/03/2017,12/03/2017,Standard Class,LC-16870,Lena Cacioppo,Consumer,United States,Chicago,Illinois,60623.0,Central,FUR-FU-10003773,Furniture,Furnishings,Eldon Cleatmat Plus Chair Mats for High Pile Carpets,159.04
8987,CA-2016-123092,03/12/2016,07/12/2016,Standard Class,JG-15115,Jack Garza,Consumer,United States,Jacksonville,North Carolina,28540.0,South,OFF-BI-10001718,Office Supplies,Binders,GBC DocuBind P50 Personal Binding Machine,95.97
8991,US-2016-128587,24/12/2016,30/12/2016,Standard Class,HM-14860,Harry Marie,Corporate,United States,Springfield,Missouri,65807.0,Central,TEC-CO-10003763,Technology,Copiers,Canon PC1060 Personal Laser Copier,4899.93
8994,CA-2018-159100,16/10/2018,21/10/2018,Standard Class,VP-21760,Victoria Pisteka,Corporate,United States,Columbia,Tennessee,38401.0,South,FUR-TA-10001950,Furniture,Tables,Balt Solid Wood Round Tables,1875.258
8996,CA-2015-109043,15/08/2015,17/08/2015,First Class,CS-12355,Christine Sundaresam,Consumer,United States,Hollywood,Florida,33021.0,South,OFF-AP-10004708,Office Supplies,Appliances,Fellowes Superior 10 Outlet Split Surge Protector,152.24
9001,CA-2015-133389,22/06/2015,22/06/2015,Same Day,TB-21280,Toby Braunhardt,Consumer,United States,Phoenix,Arizona,85023.0,West,OFF-BI-10001553,Office Supplies,Binders,SpineVue Locking Slant-D Ring Binders by Cardinal,8.226
9002,CA-2015-103807,02/12/2015,09/12/2015,Standard Class,EM-13825,Elizabeth Moffitt,Corporate,United States,Sandy Springs,Georgia,30328.0,South,TEC-AC-10000199,Technology,Accessories,Kingston Digital DataTraveler 8GB USB 2.0,5.95
9005,CA-2016-102855,05/04/2016,06/04/2016,Same Day,JF-15415,Jennifer Ferguson,Consumer,United States,Spokane,Washington,99207.0,West,OFF-AR-10002467,Office Supplies,Art,Dixon Ticonderoga Pencils,23.84
9007,CA-2018-107825,18/11/2018,18/11/2018,Same Day,NB-18655,Nona Balk,Corporate,United States,Milwaukee,Wisconsin,53209.0,Central,OFF-ST-10000777,Office Supplies,Storage,"Companion Letter/Legal File, Black",37.76
9017,CA-2017-131639,17/12/2017,23/12/2017,Standard Class,NS-18640,Noel Staavos,Corporate,United States,Carlsbad,New Mexico,88220.0,West,OFF-BI-10000948,Office Supplies,Binders,"GBC Laser Imprintable Binding System Covers, Desert Sand",11.416
9020,CA-2015-100706,16/12/2015,18/12/2015,Second Class,LE-16810,Laurel Elliston,Consumer,United States,Springfield,Virginia,22153.0,South,TEC-AC-10001314,Technology,Accessories,Case Logic 2.4GHz Wireless Keyboard,99.98
9023,US-2017-141880,22/08/2017,23/08/2017,First Class,TC-21475,Tony Chapman,Home Office,United States,Fort Collins,Colorado,80525.0,West,FUR-FU-10001979,Furniture,Furnishings,Dana Halogen Swing-Arm Architect Lamp,98.328
9024,CA-2016-165799,29/06/2016,02/07/2016,First Class,SG-20470,Sheri Gordon,Consumer,United States,New York City,New York,10024.0,East,FUR-CH-10001482,Furniture,Chairs,Office Star - Mesh Screen back chair with Vinyl seat,117.882
9025,CA-2017-102127,26/06/2017,02/07/2017,Standard Class,VP-21760,Victoria Pisteka,Corporate,United States,New York City,New York,10035.0,East,TEC-AC-10002018,Technology,Accessories,AmazonBasics 3-Button USB Wired Mouse,20.97
9026,CA-2017-102127,26/06/2017,02/07/2017,Standard Class,VP-21760,Victoria Pisteka,Corporate,United States,New York City,New York,10035.0,East,TEC-AC-10000397,Technology,Accessories,"Perixx PERIBOARD-512B, Ergonomic Split Keyboard",139.96
9029,US-2017-152415,17/09/2017,22/09/2017,Standard Class,PO-18865,Patrick O'Donnell,Consumer,United States,Marlborough,Massachusetts,1752.0,East,FUR-FU-10004864,Furniture,Furnishings,"Howard Miller 14-1/2"" Diameter Chrome Round Wall Clock",191.82
9033,CA-2018-105823,22/06/2018,26/06/2018,Standard Class,RB-19465,Rick Bensley,Home Office,United States,Detroit,Michigan,48227.0,Central,FUR-CH-10000454,Furniture,Chairs,"Hon Deluxe Fabric Upholstered Stacking Chairs, Rounded Back",487.96
9034,CA-2015-152268,02/09/2015,07/09/2015,Standard Class,SC-20095,Sanjit Chand,Consumer,United States,Fayetteville,Arkansas,72701.0,South,OFF-BI-10001359,Office Supplies,Binders,GBC DocuBind TL300 Electric Binding System,1793.98
9049,CA-2018-137463,16/12/2018,20/12/2018,Second Class,KM-16225,Kalyca Meade,Corporate,United States,Sunnyvale,California,94086.0,West,OFF-LA-10003498,Office Supplies,Labels,Avery 475,44.4
9050,CA-2015-124513,21/09/2015,25/09/2015,Standard Class,SL-20155,Sara Luxemburg,Home Office,United States,New York City,New York,10011.0,East,OFF-AR-10002956,Office Supplies,Art,Boston 16801 Nautilus Battery Pencil Sharpener,66.03
9052,CA-2015-141838,26/03/2015,31/03/2015,Second Class,DK-12835,Damala Kotsonis,Corporate,United States,San Francisco,California,94122.0,West,OFF-AR-10004272,Office Supplies,Art,Newell 308,3.36
9053,CA-2015-141838,26/03/2015,31/03/2015,Second Class,DK-12835,Damala Kotsonis,Corporate,United States,San Francisco,California,94122.0,West,OFF-BI-10003291,Office Supplies,Binders,Wilson Jones Leather-Like Binders with DublLock Round Rings,27.936
9054,CA-2015-141838,26/03/2015,31/03/2015,Second Class,DK-12835,Damala Kotsonis,Corporate,United States,San Francisco,California,94122.0,West,TEC-PH-10004100,Technology,Phones,Griffin GC17055 Auxiliary Audio Cable,28.784
9057,CA-2016-160227,02/11/2016,04/11/2016,First Class,ED-13885,Emily Ducich,Home Office,United States,New York City,New York,10011.0,East,FUR-CH-10002073,Furniture,Chairs,Hon Olson Stacker Chairs,2621.322
9060,CA-2017-132304,14/06/2017,18/06/2017,Standard Class,AR-10825,Anthony Rawles,Corporate,United States,Seattle,Washington,98103.0,West,FUR-TA-10004619,Furniture,Tables,Hon Non-Folding Utility Tables,1115.17
9061,CA-2016-136420,20/11/2016,21/11/2016,First Class,CS-12250,Chris Selesnick,Corporate,United States,San Diego,California,92024.0,West,OFF-BI-10002854,Office Supplies,Binders,"Performers Binder/Pad Holder, Black",89.696
9062,CA-2016-136420,20/11/2016,21/11/2016,First Class,CS-12250,Chris Selesnick,Corporate,United States,San Diego,California,92024.0,West,OFF-LA-10002762,Office Supplies,Labels,Avery 485,50.12
9064,US-2015-151015,14/10/2015,20/10/2015,Standard Class,BD-11500,Bradley Drucker,Consumer,United States,Chicago,Illinois,60653.0,Central,OFF-PA-10002581,Office Supplies,Paper,Xerox 1951,322.192
9065,US-2015-151015,14/10/2015,20/10/2015,Standard Class,BD-11500,Bradley Drucker,Consumer,United States,Chicago,Illinois,60653.0,Central,OFF-BI-10000343,Office Supplies,Binders,"Pressboard Covers with Storage Hooks, 9 1/2"" x 11"", Light Blue",2.946
9069,CA-2017-106278,02/09/2017,05/09/2017,Second Class,BM-11140,Becky Martin,Consumer,United States,Des Moines,Washington,98198.0,West,FUR-CH-10003061,Furniture,Chairs,"Global Leather Task Chair, Black",215.976
9070,CA-2017-106278,02/09/2017,05/09/2017,Second Class,BM-11140,Becky Martin,Consumer,United States,Des Moines,Washington,98198.0,West,OFF-EN-10003567,Office Supplies,Envelopes,"Inter-Office Recycled Envelopes, Brown Kraft, Button-String,10"" x 13"" , 100/Box",65.94
9072,CA-2016-136105,12/06/2016,16/06/2016,Standard Class,SZ-20035,Sam Zeldin,Home Office,United States,Columbus,Indiana,47201.0,Central,OFF-ST-10002444,Office Supplies,Storage,Recycled Eldon Regeneration Jumbo File,24.56
9075,CA-2015-136336,21/04/2015,26/04/2015,Standard Class,DB-13555,Dorothy Badders,Corporate,United States,Henderson,Kentucky,42420.0,South,OFF-ST-10002574,Office Supplies,Storage,"SAFCO Commercial Wire Shelving, Black",828.84
9082,CA-2018-166898,11/09/2018,13/09/2018,Second Class,KH-16630,Ken Heidel,Corporate,United States,Santa Ana,California,92704.0,West,OFF-PA-10002262,Office Supplies,Paper,Xerox 192,19.44
9085,CA-2016-104038,06/02/2016,08/02/2016,First Class,LO-17170,Lori Olson,Corporate,United States,Suffolk,Virginia,23434.0,South,OFF-PA-10002751,Office Supplies,Paper,Xerox 1920,29.9
9091,US-2018-148831,13/10/2018,15/10/2018,First Class,AH-10210,Alan Hwang,Consumer,United States,Louisville,Kentucky,40214.0,South,OFF-ST-10002974,Office Supplies,Storage,"Trav-L-File Heavy-Duty Shuttle II, Black",348.56
9095,US-2016-132836,01/06/2016,05/06/2016,Standard Class,AJ-10945,Ashley Jarboe,Consumer,United States,Detroit,Michigan,48227.0,Central,OFF-BI-10004224,Office Supplies,Binders,Catalog Binders with Expanding Posts,403.68
9098,US-2015-158365,12/04/2015,17/04/2015,Standard Class,SV-20785,Stewart Visinsky,Consumer,United States,Bloomington,Indiana,47401.0,Central,OFF-PA-10000289,Office Supplies,Paper,Xerox 213,32.4
9100,CA-2018-152933,12/10/2018,16/10/2018,Standard Class,MG-17650,Matthew Grinstein,Home Office,United States,Dallas,Texas,75081.0,Central,OFF-PA-10001934,Office Supplies,Paper,Xerox 1993,10.368
9102,CA-2016-163181,07/11/2016,12/11/2016,Standard Class,AB-10105,Adrian Barton,Consumer,United States,Houston,Texas,77041.0,Central,OFF-AR-10001683,Office Supplies,Art,Lumber Crayons,23.64
9104,CA-2016-163181,07/11/2016,12/11/2016,Standard Class,AB-10105,Adrian Barton,Consumer,United States,Houston,Texas,77041.0,Central,FUR-FU-10000193,Furniture,Furnishings,Tenex Chairmats For Use with Hard Floors,64.96
9106,CA-2016-163181,07/11/2016,12/11/2016,Standard Class,AB-10105,Adrian Barton,Consumer,United States,Houston,Texas,77041.0,Central,OFF-ST-10000129,Office Supplies,Storage,Fellowes Recycled Storage Drawers,177.648
9107,CA-2016-163181,07/11/2016,12/11/2016,Standard Class,AB-10105,Adrian Barton,Consumer,United States,Houston,Texas,77041.0,Central,TEC-MA-10001016,Technology,Machines,Canon PC170 Desktop Personal Copier,287.91
9111,CA-2015-132010,13/10/2015,15/10/2015,First Class,MA-17995,Michelle Arnett,Home Office,United States,Richmond,Virginia,23223.0,South,OFF-EN-10003160,Office Supplies,Envelopes,Pastel Pink Envelopes,36.4
9118,CA-2018-153045,19/01/2018,24/01/2018,Second Class,NS-18505,Neola Schneider,Consumer,United States,Philadelphia,Pennsylvania,19140.0,East,FUR-CH-10000309,Furniture,Chairs,Global Comet Stacking Arm Chair,887.271
9122,CA-2018-122007,18/03/2018,20/03/2018,Second Class,JK-15325,Jason Klamczynski,Corporate,United States,Los Angeles,California,90032.0,West,OFF-AP-10000358,Office Supplies,Appliances,Fellowes Basic Home/Office Series Surge Protectors,90.86
9126,CA-2017-128916,18/08/2017,20/08/2017,Second Class,MA-17560,Matt Abelman,Home Office,United States,Houston,Texas,77070.0,Central,FUR-FU-10000320,Furniture,Furnishings,OIC Stacking Trays,5.344
9128,CA-2018-112473,25/05/2018,01/06/2018,Standard Class,JL-15505,Jeremy Lonsdale,Consumer,United States,Houston,Texas,77070.0,Central,OFF-ST-10002182,Office Supplies,Storage,"Iris 3-Drawer Stacking Bin, Black",50.136
9138,CA-2015-123400,02/02/2015,09/02/2015,Standard Class,EB-13930,Eric Barreto,Consumer,United States,Saint Petersburg,Florida,33710.0,South,OFF-BI-10000666,Office Supplies,Binders,Surelock Post Binders,18.336
9141,CA-2018-123029,30/09/2018,02/10/2018,Second Class,BT-11530,Bradley Talbott,Home Office,United States,Los Angeles,California,90049.0,West,TEC-AC-10002402,Technology,Accessories,Razer Kraken PRO Over Ear PC and Music Headset,159.98
9143,US-2018-166688,20/05/2018,26/05/2018,Standard Class,RD-19480,Rick Duston,Consumer,United States,Las Vegas,Nevada,89115.0,West,OFF-BI-10004040,Office Supplies,Binders,Wilson Jones Impact Binders,8.288
9144,US-2018-166688,20/05/2018,26/05/2018,Standard Class,RD-19480,Rick Duston,Consumer,United States,Las Vegas,Nevada,89115.0,West,TEC-PH-10004094,Technology,Phones,Motorola L703CM,1123.128
9148,US-2017-165505,23/01/2017,27/01/2017,Standard Class,CB-12535,Claudia Bergmann,Corporate,United States,Burlington,Vermont,,East,OFF-AR-10003477,Office Supplies,Art,4009 Highlighters,8.04
9151,US-2015-157070,01/06/2015,06/06/2015,Standard Class,QJ-19255,Quincy Jones,Corporate,United States,Detroit,Michigan,48234.0,Central,OFF-AP-10004859,Office Supplies,Appliances,Acco 6 Outlet Guardian Premium Surge Suppressor,65.52
9154,US-2016-106873,24/09/2016,29/09/2016,Second Class,KM-16720,Kunst Miller,Consumer,United States,Avondale,Arizona,85323.0,West,OFF-AR-10001246,Office Supplies,Art,Newell 317,16.464
9156,CA-2015-102645,23/01/2015,28/01/2015,Standard Class,IM-15055,Ionia McGrath,Consumer,United States,Las Vegas,Nevada,89115.0,West,OFF-PA-10001804,Office Supplies,Paper,Xerox 195,40.08
9157,CA-2015-134215,04/08/2015,08/08/2015,Standard Class,ML-17395,Marina Lichtenstein,Corporate,United States,Bangor,Maine,4401.0,East,OFF-AP-10001271,Office Supplies,Appliances,Eureka The Boss Cordless Rechargeable Stick Vac,101.96
9160,CA-2017-118934,09/08/2017,14/08/2017,Standard Class,GH-14410,Gary Hansen,Home Office,United States,Hendersonville,Tennessee,37075.0,South,OFF-BI-10003314,Office Supplies,Binders,Tuff Stuff Recycled Round Ring Binders,4.338
9161,CA-2017-118934,09/08/2017,14/08/2017,Standard Class,GH-14410,Gary Hansen,Home Office,United States,Hendersonville,Tennessee,37075.0,South,OFF-BI-10004465,Office Supplies,Binders,Avery Durable Slant Ring Binders,11.88
9166,CA-2017-100300,24/06/2017,26/06/2017,Second Class,MJ-17740,Max Jones,Consumer,United States,San Diego,California,92037.0,West,TEC-MA-10000984,Technology,Machines,Okidata MB760 Printer,4476.8
9169,CA-2017-140571,15/03/2017,19/03/2017,Standard Class,SJ-20125,Sanjit Jacobs,Home Office,United States,Jackson,Mississippi,39212.0,South,OFF-PA-10001954,Office Supplies,Paper,Xerox 1964,319.76
9170,CA-2017-140571,15/03/2017,19/03/2017,Standard Class,SJ-20125,Sanjit Jacobs,Home Office,United States,Jackson,Mississippi,39212.0,South,OFF-PA-10001954,Office Supplies,Paper,Xerox 1964,45.68
9172,US-2017-155768,01/12/2017,01/12/2017,Same Day,LB-16795,Laurel Beltran,Home Office,United States,Oxnard,California,93030.0,West,OFF-PA-10001357,Office Supplies,Paper,Xerox 1886,47.9
9175,CA-2018-119424,12/06/2018,14/06/2018,Second Class,SB-20185,Sarah Brown,Consumer,United States,Kent,Washington,98031.0,West,TEC-PH-10002564,Technology,Phones,OtterBox Defender Series Case - Samsung Galaxy S4,71.976
9176,CA-2018-119424,12/06/2018,14/06/2018,Second Class,SB-20185,Sarah Brown,Consumer,United States,Kent,Washington,98031.0,West,OFF-PA-10001639,Office Supplies,Paper,Xerox 203,19.44
9177,CA-2017-118178,19/03/2017,24/03/2017,Standard Class,CC-12610,Corey Catlett,Corporate,United States,Nashville,Tennessee,37211.0,South,OFF-BI-10001153,Office Supplies,Binders,Ibico Recycled Grain-Textured Covers,31.086
9182,CA-2018-156776,07/08/2018,11/08/2018,Standard Class,JL-15505,Jeremy Lonsdale,Consumer,United States,Westminster,California,92683.0,West,OFF-BI-10000216,Office Supplies,Binders,"Mead 1st Gear 2"" Zipper Binder, Asst. Colors",31.128
9186,CA-2018-156776,07/08/2018,11/08/2018,Standard Class,JL-15505,Jeremy Lonsdale,Consumer,United States,Westminster,California,92683.0,West,FUR-CH-10002317,Furniture,Chairs,Global Enterprise Series Seating Low-Back Swivel/Tilt Chairs,207.184
9190,US-2016-130512,21/08/2016,25/08/2016,Standard Class,SM-20320,Sean Miller,Home Office,United States,Allentown,Pennsylvania,18103.0,East,OFF-ST-10002574,Office Supplies,Storage,"SAFCO Commercial Wire Shelving, Black",663.072
9192,US-2016-130512,21/08/2016,25/08/2016,Standard Class,SM-20320,Sean Miller,Home Office,United States,Allentown,Pennsylvania,18103.0,East,OFF-PA-10003625,Office Supplies,Paper,Xerox 1979,49.568
9196,CA-2015-146843,30/11/2015,06/12/2015,Standard Class,PB-19150,Philip Brown,Consumer,United States,Avondale,Arizona,85323.0,West,TEC-AC-10002550,Technology,Accessories,"Memorex 25GB 6X Branded Blu-Ray Recordable Disc, 30/Pack",102.24
9204,CA-2017-153836,30/10/2017,03/11/2017,Standard Class,EH-13765,Edward Hooks,Corporate,United States,New York City,New York,10011.0,East,OFF-AR-10004602,Office Supplies,Art,Boston KS Multi-Size Manual Pencil Sharpener,114.95
9211,CA-2018-142776,11/12/2018,14/12/2018,Second Class,RS-19870,Roy Skaria,Home Office,United States,Burlington,Iowa,52601.0,Central,OFF-BI-10002012,Office Supplies,Binders,Wilson Jones Easy Flow II Sheet Lifters,5.4
9213,CA-2015-144071,08/12/2015,15/12/2015,Standard Class,DJ-13420,Denny Joy,Corporate,United States,San Francisco,California,94110.0,West,FUR-FU-10000397,Furniture,Furnishings,Luxo Economy Swing Arm Lamp,39.88
9214,CA-2015-144071,08/12/2015,15/12/2015,Standard Class,DJ-13420,Denny Joy,Corporate,United States,San Francisco,California,94110.0,West,FUR-FU-10000758,Furniture,Furnishings,DAX Natural Wood-Tone Poster Frame,79.44
9215,US-2018-120908,30/09/2018,02/10/2018,First Class,BF-10975,Barbara Fisher,Corporate,United States,Philadelphia,Pennsylvania,19120.0,East,OFF-LA-10004677,Office Supplies,Labels,Self-Adhesive Address Labels for Typewriters with Dispenser Box,20.664
9218,US-2018-118157,14/11/2018,17/11/2018,First Class,AW-10930,Arthur Wiediger,Home Office,United States,Minneapolis,Minnesota,55407.0,Central,OFF-EN-10004459,Office Supplies,Envelopes,Security-Tint Envelopes,15.28
9219,US-2016-164238,16/08/2016,20/08/2016,Standard Class,JW-15955,Joni Wasserman,Consumer,United States,Philadelphia,Pennsylvania,19120.0,East,OFF-ST-10002352,Office Supplies,Storage,Iris Project Case,44.688
9222,CA-2018-103212,13/10/2018,14/10/2018,First Class,MH-18025,Michelle Huthwaite,Consumer,United States,Lafayette,Louisiana,70506.0,South,FUR-TA-10003473,Furniture,Tables,Bretford Rectangular Conference Table Tops,1504.52
9223,CA-2018-103212,13/10/2018,14/10/2018,First Class,MH-18025,Michelle Huthwaite,Consumer,United States,Lafayette,Louisiana,70506.0,South,OFF-PA-10004355,Office Supplies,Paper,Xerox 231,25.92
9224,CA-2018-121160,04/11/2018,04/11/2018,Same Day,FM-14290,Frank Merwin,Home Office,United States,Bryan,Texas,77803.0,Central,OFF-BI-10001308,Office Supplies,Binders,GBC Standard Plastic Binding Systems' Combs,7.536
9225,CA-2018-121160,04/11/2018,04/11/2018,Same Day,FM-14290,Frank Merwin,Home Office,United States,Bryan,Texas,77803.0,Central,OFF-BI-10003094,Office Supplies,Binders,Self-Adhesive Ring Binder Labels,1.408
9230,CA-2018-133718,23/07/2018,26/07/2018,First Class,TB-21520,Tracy Blumstein,Consumer,United States,Los Angeles,California,90045.0,West,OFF-BI-10003429,Office Supplies,Binders,"Cardinal HOLDit! Binder Insert Strips,Extra Strips",15.192
9232,CA-2015-148383,27/12/2015,31/12/2015,Standard Class,RP-19390,Resi Pölking,Consumer,United States,Phoenix,Arizona,85023.0,West,OFF-BI-10003650,Office Supplies,Binders,GBC DocuBind 300 Electric Binding Machine,946.764
9235,CA-2017-126732,02/09/2017,06/09/2017,Standard Class,LR-16915,Lena Radford,Consumer,United States,Los Angeles,California,90036.0,West,TEC-PH-10001530,Technology,Phones,Cisco Unified IP Phone 7945G VoIP phone,1091.168
9241,CA-2018-110310,27/10/2018,02/11/2018,Standard Class,NB-18655,Nona Balk,Corporate,United States,Tallahassee,Florida,32303.0,South,OFF-BI-10001097,Office Supplies,Binders,Avery Hole Reinforcements,5.607
9243,CA-2015-113271,09/07/2015,14/07/2015,Standard Class,DS-13030,Darrin Sayre,Home Office,United States,San Francisco,California,94122.0,West,OFF-BI-10002609,Office Supplies,Binders,Avery Hidden Tab Dividers for Binding Systems,14.304
9244,CA-2015-113271,09/07/2015,14/07/2015,Standard Class,DS-13030,Darrin Sayre,Home Office,United States,San Francisco,California,94122.0,West,FUR-BO-10004218,Furniture,Bookcases,"Bush Heritage Pine Collection 5-Shelf Bookcase, Albany Pine Finish, *Special Order",119.833
9246,CA-2015-113271,09/07/2015,14/07/2015,Standard Class,DS-13030,Darrin Sayre,Home Office,United States,San Francisco,California,94122.0,West,OFF-PA-10002365,Office Supplies,Paper,Xerox 1967,32.4
9248,CA-2018-130106,22/05/2018,26/05/2018,Standard Class,VF-21715,Vicky Freymann,Home Office,United States,San Francisco,California,94109.0,West,OFF-AR-10003732,Office Supplies,Art,Newell 333,2.78
9256,CA-2015-168368,11/02/2015,15/02/2015,Second Class,GA-14725,Guy Armstrong,Consumer,United States,Columbia,Missouri,65203.0,Central,OFF-LA-10004853,Office Supplies,Labels,Avery 483,14.94
9274,CA-2018-146983,02/09/2018,06/09/2018,Standard Class,AH-10210,Alan Hwang,Consumer,United States,Henderson,Kentucky,42420.0,South,OFF-BI-10003650,Office Supplies,Binders,GBC DocuBind 300 Electric Binding Machine,1577.94
9276,CA-2017-113236,26/05/2017,29/05/2017,Second Class,CP-12085,Cathy Prescott,Corporate,United States,Delray Beach,Florida,33445.0,South,OFF-ST-10000532,Office Supplies,Storage,Advantus Rolling Drawer Organizers,184.704
9282,US-2018-152898,11/09/2018,15/09/2018,Standard Class,CB-12025,Cassandra Brandow,Consumer,United States,Richmond,Virginia,23223.0,South,OFF-AP-10000027,Office Supplies,Appliances,Hoover Commercial SteamVac,67.9
9285,CA-2015-161032,18/11/2015,23/11/2015,Standard Class,MK-17905,Michael Kennedy,Corporate,United States,Franklin,Wisconsin,53132.0,Central,FUR-CH-10001482,Furniture,Chairs,Office Star - Mesh Screen back chair with Vinyl seat,392.94
9286,CA-2016-102778,21/11/2016,24/11/2016,First Class,JH-15820,John Huston,Consumer,United States,Monroe,North Carolina,28110.0,South,FUR-FU-10000087,Furniture,Furnishings,"Executive Impressions 14"" Two-Color Numerals Wall Clock",18.176
9287,CA-2018-154011,19/06/2018,26/06/2018,Standard Class,DB-13270,Deborah Brumfield,Home Office,United States,Dallas,Texas,75081.0,Central,OFF-BI-10003166,Office Supplies,Binders,GBC Plasticlear Binding Covers,6.888
9294,US-2018-116505,17/11/2018,21/11/2018,Second Class,TB-21625,Trudy Brown,Consumer,United States,Hagerstown,Maryland,21740.0,East,OFF-BI-10000050,Office Supplies,Binders,"Angle-D Binders with Locking Rings, Label Holders",43.8
9297,US-2016-163433,18/04/2016,22/04/2016,Second Class,MP-17965,Michael Paige,Corporate,United States,Mcallen,Texas,78501.0,Central,TEC-AC-10003590,Technology,Accessories,"TRENDnet 56K USB 2.0 Phone, Internet and Fax Modem",41.424
9299,US-2016-163433,18/04/2016,22/04/2016,Second Class,MP-17965,Michael Paige,Corporate,United States,Mcallen,Texas,78501.0,Central,OFF-AR-10003373,Office Supplies,Art,"Boston School Pro Electric Pencil Sharpener, 1670",74.352
9303,US-2016-163433,18/04/2016,22/04/2016,Second Class,MP-17965,Michael Paige,Corporate,United States,Mcallen,Texas,78501.0,Central,OFF-AR-10003481,Office Supplies,Art,Newell 348,7.872
9306,CA-2016-137603,19/09/2016,24/09/2016,Standard Class,MH-17290,Marc Harrigan,Home Office,United States,Santa Fe,New Mexico,87505.0,West,OFF-AR-10001972,Office Supplies,Art,Newell 323,8.4
9307,CA-2015-128237,25/03/2015,30/03/2015,Standard Class,CA-12265,Christina Anderson,Consumer,United States,San Francisco,California,94110.0,West,OFF-AR-10003829,Office Supplies,Art,Newell 35,6.56
9308,CA-2015-128237,25/03/2015,30/03/2015,Standard Class,CA-12265,Christina Anderson,Consumer,United States,San Francisco,California,94110.0,West,OFF-AR-10003338,Office Supplies,Art,"Eberhard Faber 3 1/2"" Golf Pencils",14.88
9313,CA-2018-148642,06/03/2018,12/03/2018,Standard Class,DW-13540,Don Weiss,Consumer,United States,Dallas,Texas,75220.0,Central,OFF-AR-10000588,Office Supplies,Art,Newell 345,63.488
9317,CA-2017-161907,05/04/2017,09/04/2017,Standard Class,JH-16180,Justin Hirsh,Consumer,United States,Philadelphia,Pennsylvania,19140.0,East,OFF-SU-10000646,Office Supplies,Supplies,Premier Automatic Letter Opener,769.184
9318,CA-2018-124940,21/02/2018,26/02/2018,Standard Class,DK-13090,Dave Kipp,Consumer,United States,Carrollton,Texas,75007.0,Central,TEC-AC-10002076,Technology,Accessories,Microsoft Natural Keyboard Elite,47.904
9319,US-2018-108343,20/07/2018,25/07/2018,Standard Class,AR-10825,Anthony Rawles,Corporate,United States,New York City,New York,10009.0,East,OFF-PA-10000743,Office Supplies,Paper,Xerox 1977,13.36
9321,US-2018-108343,20/07/2018,25/07/2018,Standard Class,AR-10825,Anthony Rawles,Corporate,United States,New York City,New York,10009.0,East,FUR-FU-10000747,Furniture,Furnishings,Tenex B1-RE Series Chair Mats for Low Pile Carpets,183.92
9322,US-2017-111563,04/11/2017,08/11/2017,Standard Class,SM-20005,Sally Matthias,Consumer,United States,Houston,Texas,77041.0,Central,FUR-FU-10002445,Furniture,Furnishings,"DAX Two-Tone Rosewood/Black Document Frame, Desktop, 5 x 7",11.376
9324,CA-2018-121853,23/09/2018,29/09/2018,Standard Class,DB-13660,Duane Benoit,Consumer,United States,Los Angeles,California,90036.0,West,OFF-PA-10003641,Office Supplies,Paper,Xerox 1909,211.04
9325,CA-2018-121853,23/09/2018,29/09/2018,Standard Class,DB-13660,Duane Benoit,Consumer,United States,Los Angeles,California,90036.0,West,FUR-CH-10003973,Furniture,Chairs,GuestStacker Chair with Chrome Finish Legs,594.816
9328,US-2018-130687,07/09/2018,10/09/2018,First Class,PF-19225,Phillip Flathmann,Consumer,United States,Edmonds,Washington,98026.0,West,TEC-PH-10002033,Technology,Phones,Konftel 250 Conference phone - Charcoal black,455.712
9333,CA-2018-127726,11/09/2018,13/09/2018,Second Class,SS-20410,Shahid Shariari,Consumer,United States,Georgetown,Kentucky,40324.0,South,OFF-AP-10002578,Office Supplies,Appliances,"Fellowes Premier Superior Surge Suppressor, 10-Outlet, With Phone and Remote",195.68
9338,CA-2015-155264,19/10/2015,22/10/2015,Second Class,RP-19270,Rachel Payne,Corporate,United States,San Francisco,California,94110.0,West,OFF-BI-10003196,Office Supplies,Binders,Accohide Poly Flexible Ring Binders,2.992
9341,CA-2015-155264,19/10/2015,22/10/2015,Second Class,RP-19270,Rachel Payne,Corporate,United States,San Francisco,California,94110.0,West,OFF-LA-10002787,Office Supplies,Labels,Avery 480,18.75
9343,CA-2017-119123,13/03/2017,18/03/2017,Standard Class,DB-13360,Dennis Bolton,Home Office,United States,Riverside,California,92503.0,West,OFF-BI-10001036,Office Supplies,Binders,Cardinal EasyOpen D-Ring Binders,51.184
9344,CA-2018-109085,17/02/2018,20/02/2018,First Class,CK-12325,Christine Kargatis,Home Office,United States,Troy,Ohio,45373.0,East,FUR-TA-10001086,Furniture,Tables,"SAFCO PlanMaster Boards, 60w x 37-1/2d, White Melamine",455.97
9346,CA-2018-109085,17/02/2018,20/02/2018,First Class,CK-12325,Christine Kargatis,Home Office,United States,Troy,Ohio,45373.0,East,TEC-PH-10000526,Technology,Phones,Vtech CS6719,57.594
9349,CA-2017-114860,22/12/2017,28/12/2017,Standard Class,DN-13690,Duane Noonan,Consumer,United States,Moreno Valley,California,92553.0,West,FUR-FU-10000277,Furniture,Furnishings,Deflect-o DuraMat Antistatic Studded Beveled Mat for Medium Pile Carpeting,842.72
9350,CA-2017-114860,22/12/2017,28/12/2017,Standard Class,DN-13690,Duane Noonan,Consumer,United States,Moreno Valley,California,92553.0,West,FUR-FU-10001934,Furniture,Furnishings,Magnifier Swing Arm Lamp,41.96
9355,CA-2016-110324,01/12/2016,05/12/2016,Standard Class,MA-17560,Matt Abelman,Home Office,United States,Jackson,Michigan,49201.0,Central,OFF-PA-10001826,Office Supplies,Paper,Xerox 207,19.44
9356,CA-2016-110324,01/12/2016,05/12/2016,Standard Class,MA-17560,Matt Abelman,Home Office,United States,Jackson,Michigan,49201.0,Central,OFF-AR-10000823,Office Supplies,Art,Newell 307,3.64
9357,CA-2016-110324,01/12/2016,05/12/2016,Standard Class,MA-17560,Matt Abelman,Home Office,United States,Jackson,Michigan,49201.0,Central,OFF-PA-10001776,Office Supplies,Paper,"Wirebound Message Books, Four 2 3/4"" x 5"" Forms per Page, 600 Sets per Book",18.54
9362,CA-2018-111591,21/03/2018,25/03/2018,Standard Class,PS-18970,Paul Stevenson,Home Office,United States,Seattle,Washington,98105.0,West,OFF-BI-10004410,Office Supplies,Binders,"C-Line Peel & Stick Add-On Filing Pockets, 8-3/4 x 5-1/8, 10/Pack",30.576
9363,CA-2018-111591,21/03/2018,25/03/2018,Standard Class,PS-18970,Paul Stevenson,Home Office,United States,Seattle,Washington,98105.0,West,OFF-FA-10004838,Office Supplies,Fasteners,"Super Bands, 12/Pack",13.02
9365,CA-2018-111591,21/03/2018,25/03/2018,Standard Class,PS-18970,Paul Stevenson,Home Office,United States,Seattle,Washington,98105.0,West,OFF-ST-10001809,Office Supplies,Storage,Fellowes Officeware Wire Shelving,359.32
9370,CA-2018-113460,07/11/2018,09/11/2018,Second Class,KN-16390,Katherine Nockton,Corporate,United States,Clinton,Maryland,20735.0,East,FUR-CH-10000422,Furniture,Chairs,Global Highback Leather Tilter in Burgundy,272.97
9372,CA-2016-111339,29/05/2016,31/05/2016,First Class,VP-21760,Victoria Pisteka,Corporate,United States,Columbus,Ohio,43229.0,East,FUR-CH-10000863,Furniture,Chairs,Novimex Swivel Fabric Task Chair,317.058
9374,CA-2018-102820,07/05/2018,11/05/2018,Standard Class,CS-11950,Carlos Soltero,Consumer,United States,Pasadena,California,91104.0,West,TEC-PH-10003437,Technology,Phones,Blue Parrot B250XT Professional Grade Wireless Bluetooth Headset with,419.944
9378,CA-2018-155362,17/12/2018,21/12/2018,Standard Class,DP-13105,Dave Poirier,Corporate,United States,Eau Claire,Wisconsin,54703.0,Central,OFF-ST-10001031,Office Supplies,Storage,Adjustable Personal File Tote,32.56
9381,CA-2015-154158,23/12/2015,27/12/2015,Second Class,CC-12670,Craig Carreira,Consumer,United States,Tampa,Florida,33614.0,South,FUR-CH-10004698,Furniture,Chairs,"Padded Folding Chairs, Black, 4/Carton",64.784
9382,CA-2015-154158,23/12/2015,27/12/2015,Second Class,CC-12670,Craig Carreira,Consumer,United States,Tampa,Florida,33614.0,South,OFF-ST-10000078,Office Supplies,Storage,Tennsco 6- and 18-Compartment Lockers,424.272
9384,CA-2015-154158,23/12/2015,27/12/2015,Second Class,CC-12670,Craig Carreira,Consumer,United States,Tampa,Florida,33614.0,South,OFF-ST-10004950,Office Supplies,Storage,Acco Perma 3000 Stacking Storage Drawers,83.92
9386,CA-2018-163097,27/08/2018,31/08/2018,Standard Class,SF-20200,Sarah Foster,Consumer,United States,Mesa,Arizona,85204.0,West,FUR-FU-10004973,Furniture,Furnishings,Flat Face Poster Frame,120.576
9387,US-2018-127292,19/01/2018,23/01/2018,Standard Class,RM-19375,Raymond Messe,Consumer,United States,Burlington,Vermont,,East,OFF-PA-10000157,Office Supplies,Paper,Xerox 191,79.92
9389,US-2018-127292,19/01/2018,23/01/2018,Standard Class,RM-19375,Raymond Messe,Consumer,United States,Burlington,Vermont,,East,OFF-AP-10000828,Office Supplies,Appliances,Avanti 4.4 Cu. Ft. Refrigerator,542.94
9398,CA-2015-125997,20/09/2015,23/09/2015,First Class,MW-18220,Mitch Webber,Consumer,United States,New York City,New York,10011.0,East,OFF-AP-10003842,Office Supplies,Appliances,Euro-Pro Shark Turbo Vacuum,30.98
9406,CA-2015-152618,14/03/2015,17/03/2015,First Class,RB-19465,Rick Bensley,Home Office,United States,Chicago,Illinois,60653.0,Central,TEC-MA-10003626,Technology,Machines,Hewlett-Packard Deskjet 6540 Color Inkjet Printer,574.91
9410,US-2018-110149,10/12/2018,13/12/2018,First Class,WB-21850,William Brown,Consumer,United States,Philadelphia,Pennsylvania,19143.0,East,OFF-BI-10000014,Office Supplies,Binders,Heavy-Duty E-Z-D Binders,3.273
9413,CA-2016-164777,27/01/2016,29/01/2016,First Class,SC-20305,Sean Christensen,Consumer,United States,Los Angeles,California,90036.0,West,FUR-CH-10002024,Furniture,Chairs,HON 5400 Series Task Chairs for Big and Tall,2803.92
9421,CA-2018-152926,02/10/2018,04/10/2018,Second Class,SC-20695,Steve Chapman,Corporate,United States,Houston,Texas,77041.0,Central,OFF-AP-10001947,Office Supplies,Appliances,Acco 6 Outlet Guardian Premium Plus Surge Suppressor,21.984
9422,CA-2015-145254,23/07/2015,27/07/2015,Standard Class,NC-18535,Nick Crebassa,Corporate,United States,San Francisco,California,94122.0,West,TEC-PH-10000441,Technology,Phones,VTech DS6151,604.752
9423,CA-2015-145254,23/07/2015,27/07/2015,Standard Class,NC-18535,Nick Crebassa,Corporate,United States,San Francisco,California,94122.0,West,OFF-SU-10004664,Office Supplies,Supplies,Acme Softgrip Scissors,40.7
9424,CA-2015-145254,23/07/2015,27/07/2015,Standard Class,NC-18535,Nick Crebassa,Corporate,United States,San Francisco,California,94122.0,West,TEC-PH-10004531,Technology,Phones,AT&T CL2909,302.376
9425,CA-2015-145254,23/07/2015,27/07/2015,Standard Class,NC-18535,Nick Crebassa,Corporate,United States,San Francisco,California,94122.0,West,TEC-AC-10002167,Technology,Accessories,Imation 8gb Micro Traveldrive Usb 2.0 Flash Drive,45.0
9426,CA-2015-116246,12/09/2015,17/09/2015,Second Class,LW-17215,Luke Weiss,Consumer,United States,New York City,New York,10035.0,East,FUR-CH-10002024,Furniture,Chairs,HON 5400 Series Task Chairs for Big and Tall,3785.292
9427,CA-2017-160479,15/09/2017,20/09/2017,Standard Class,AH-10585,Angele Hood,Consumer,United States,Seattle,Washington,98105.0,West,OFF-AR-10002445,Office Supplies,Art,SANFORD Major Accent Highlighters,35.4
9432,CA-2016-111864,19/06/2016,19/06/2016,Same Day,PP-18955,Paul Prost,Home Office,United States,Philadelphia,Pennsylvania,19134.0,East,OFF-LA-10004677,Office Supplies,Labels,Self-Adhesive Address Labels for Typewriters with Dispenser Box,5.904
9434,CA-2016-119627,17/08/2016,23/08/2016,Standard Class,SC-20725,Steven Cartwright,Consumer,United States,Peoria,Arizona,85345.0,West,OFF-PA-10001937,Office Supplies,Paper,Xerox 21,36.288
9435,CA-2016-119627,17/08/2016,23/08/2016,Standard Class,SC-20725,Steven Cartwright,Consumer,United States,Peoria,Arizona,85345.0,West,OFF-AR-10000203,Office Supplies,Art,Newell 336,10.272
9438,CA-2018-107853,26/05/2018,31/05/2018,Standard Class,CD-11920,Carlos Daly,Consumer,United States,Oceanside,California,92054.0,West,OFF-PA-10000520,Office Supplies,Paper,Xerox 201,12.96
9441,CA-2015-100391,25/05/2015,29/05/2015,Standard Class,BW-11065,Barry Weirich,Consumer,United States,New York City,New York,10035.0,East,OFF-PA-10001471,Office Supplies,Paper,Strathmore Photo Frame Cards,14.62
9442,CA-2015-165477,29/12/2015,31/12/2015,Second Class,RE-19405,Ricardo Emerson,Consumer,United States,Kent,Ohio,44240.0,East,OFF-AP-10003281,Office Supplies,Appliances,Acco 6 Outlet Guardian Standard Surge Suppressor,48.36
9443,CA-2018-165904,07/04/2018,11/04/2018,Standard Class,HR-14770,Hallie Redmond,Home Office,United States,Jacksonville,Florida,32216.0,South,OFF-AR-10003156,Office Supplies,Art,50 Colored Long Pencils,16.256
9444,CA-2018-165904,07/04/2018,11/04/2018,Standard Class,HR-14770,Hallie Redmond,Home Office,United States,Jacksonville,Florida,32216.0,South,TEC-PH-10000576,Technology,Phones,AT&T 1080 Corded phone,219.184
9448,CA-2018-136882,27/05/2018,03/06/2018,Standard Class,DN-13690,Duane Noonan,Consumer,United States,Tulsa,Oklahoma,74133.0,Central,FUR-FU-10003664,Furniture,Furnishings,"Electrix Architect's Clamp-On Swing Arm Lamp, Black",477.3
9450,CA-2015-140032,08/09/2015,13/09/2015,Standard Class,TS-21340,Toby Swindell,Consumer,United States,San Francisco,California,94109.0,West,OFF-BI-10000822,Office Supplies,Binders,"Acco PRESSTEX Data Binder with Storage Hooks, Light Blue, 9 1/2"" X 11""",8.608
9451,CA-2018-145506,03/06/2018,07/06/2018,Standard Class,MO-17800,Meg O'Connel,Home Office,United States,Spokane,Washington,99207.0,West,OFF-ST-10004963,Office Supplies,Storage,Eldon Gobal File Keepers,136.26
9463,US-2018-109610,25/11/2018,30/11/2018,Second Class,BS-11590,Brendan Sweed,Corporate,United States,Louisville,Kentucky,40214.0,South,FUR-CH-10001854,Furniture,Chairs,Office Star - Professional Matrix Back Chair with 2-to-1 Synchro Tilt and Mesh Fabric Seat,701.96
9466,CA-2017-126858,19/11/2017,23/11/2017,Standard Class,JM-15265,Janet Molinari,Corporate,United States,Seattle,Washington,98115.0,West,FUR-FU-10000448,Furniture,Furnishings,Tenex Chairmats For Use With Carpeted Floors,31.96
9469,CA-2018-102925,05/11/2018,10/11/2018,Second Class,CD-12280,Christina DeMoss,Consumer,United States,New York City,New York,10024.0,East,OFF-PA-10001870,Office Supplies,Paper,Xerox 202,12.96
9471,CA-2018-102925,05/11/2018,10/11/2018,Second Class,CD-12280,Christina DeMoss,Consumer,United States,New York City,New York,10024.0,East,TEC-PH-10001448,Technology,Phones,Anker Astro 15000mAh USB Portable Charger,99.98
9480,CA-2015-126193,07/09/2015,14/09/2015,Standard Class,SS-20410,Shahid Shariari,Consumer,United States,Oswego,Illinois,60543.0,Central,OFF-BI-10001249,Office Supplies,Binders,Avery Heavy-Duty EZD View Binder with Locking Rings,3.828
9481,CA-2015-126193,07/09/2015,14/09/2015,Standard Class,SS-20410,Shahid Shariari,Consumer,United States,Oswego,Illinois,60543.0,Central,OFF-BI-10004632,Office Supplies,Binders,Ibico Hi-Tech Manual Binding System,304.99
9486,CA-2017-164770,02/12/2017,04/12/2017,Second Class,MY-18295,Muhammed Yedwab,Corporate,United States,Houston,Texas,77036.0,Central,OFF-PA-10003893,Office Supplies,Paper,Xerox 1962,30.816
9487,CA-2018-130505,12/10/2018,12/10/2018,Same Day,NF-18385,Natalie Fritzler,Consumer,United States,Wheeling,West Virginia,26003.0,East,FUR-TA-10001932,Furniture,Tables,"Chromcraft 48"" x 96"" Racetrack Double Pedestal Table",673.344
9489,CA-2016-156566,01/10/2016,04/10/2016,First Class,EM-13960,Eric Murdock,Consumer,United States,Portland,Oregon,97206.0,West,TEC-PH-10001817,Technology,Phones,Wilson Electronics DB Pro Signal Booster,572.8
9490,US-2017-102232,05/08/2017,11/08/2017,Standard Class,MF-17665,Maureen Fritzler,Corporate,United States,Huntsville,Alabama,35810.0,South,OFF-AR-10000538,Office Supplies,Art,"Boston Model 1800 Electric Pencil Sharpener, Gray",197.05
9491,CA-2018-111738,03/01/2018,07/01/2018,Standard Class,CM-12385,Christopher Martinez,Consumer,United States,San Francisco,California,94110.0,West,OFF-BI-10004584,Office Supplies,Binders,GBC ProClick 150 Presentation Binding System,2022.272
9494,CA-2017-105207,03/01/2017,08/01/2017,Standard Class,BO-11350,Bill Overfelt,Corporate,United States,Broken Arrow,Oklahoma,74012.0,Central,FUR-TA-10000617,Furniture,Tables,"Hon Practical Foundations 30 x 60 Training Table, Light Gray/Charcoal",1592.85
9495,CA-2017-105207,03/01/2017,08/01/2017,Standard Class,BO-11350,Bill Overfelt,Corporate,United States,Broken Arrow,Oklahoma,74012.0,Central,OFF-BI-10004364,Office Supplies,Binders,Storex Dura Pro Binders,11.88
9498,CA-2018-118213,05/11/2018,07/11/2018,First Class,AB-10060,Adam Bellavance,Home Office,United States,Greenwood,Indiana,46142.0,Central,OFF-PA-10002615,Office Supplies,Paper,"Ampad Gold Fibre Wirebound Steno Books, 6"" x 9"", Gregg Ruled",4.41
9502,US-2016-158589,20/11/2016,24/11/2016,Standard Class,KW-16570,Kelly Williams,Consumer,United States,San Francisco,California,94109.0,West,FUR-FU-10001546,Furniture,Furnishings,Dana Swing-Arm Lamps,32.04
9505,CA-2017-113607,14/10/2017,18/10/2017,Standard Class,PW-19030,Pauline Webber,Corporate,United States,New York City,New York,10009.0,East,TEC-PH-10004094,Technology,Phones,Motorola L703CM,1091.93
9506,CA-2017-113607,14/10/2017,18/10/2017,Standard Class,PW-19030,Pauline Webber,Corporate,United States,New York City,New York,10009.0,East,OFF-PA-10001970,Office Supplies,Paper,Xerox 1908,111.96
9507,CA-2015-149104,05/04/2015,07/04/2015,Second Class,RD-19900,Ruben Dartt,Consumer,United States,Dearborn Heights,Michigan,48127.0,Central,OFF-AR-10002952,Office Supplies,Art,Stanley Contemporary Battery Pencil Sharpeners,26.7
9508,CA-2015-149104,05/04/2015,07/04/2015,Second Class,RD-19900,Ruben Dartt,Consumer,United States,Dearborn Heights,Michigan,48127.0,Central,OFF-BI-10004209,Office Supplies,Binders,"Fellowes Twister Kit, Gray/Clear, 3/pkg",40.2
9509,CA-2015-149104,05/04/2015,07/04/2015,Second Class,RD-19900,Ruben Dartt,Consumer,United States,Dearborn Heights,Michigan,48127.0,Central,OFF-AR-10004685,Office Supplies,Art,"Binney & Smith Crayola Metallic Colored Pencils, 8-Color Set",13.89
9511,CA-2017-105263,06/08/2017,11/08/2017,Standard Class,LM-17065,Liz MacKendrick,Consumer,United States,New York City,New York,10024.0,East,OFF-AR-10002399,Office Supplies,Art,"Dixon Prang Watercolor Pencils, 10-Color Set with Brush",38.34
9512,CA-2015-130575,14/12/2015,16/12/2015,First Class,CS-11845,Cari Sayre,Corporate,United States,Chicago,Illinois,60623.0,Central,OFF-BI-10002353,Office Supplies,Binders,GBC VeloBind Cover Sets,9.264
9516,CA-2015-154165,17/02/2015,24/02/2015,Standard Class,DL-13315,Delfina Latchford,Consumer,United States,Chicago,Illinois,60653.0,Central,OFF-AR-10003631,Office Supplies,Art,Staples in misc. colors,54.208
9519,CA-2016-123939,24/08/2016,26/08/2016,Second Class,MS-17710,Maurice Satty,Consumer,United States,Bowling Green,Ohio,43402.0,East,OFF-ST-10003208,Office Supplies,Storage,Adjustable Depth Letter/Legal Cart,435.504
9520,US-2018-104451,08/05/2018,12/05/2018,Second Class,MM-18055,Michelle Moray,Consumer,United States,San Francisco,California,94110.0,West,OFF-AP-10000692,Office Supplies,Appliances,Fellowes Mighty 8 Compact Surge Protector,81.08
9526,CA-2018-156958,05/12/2018,06/12/2018,First Class,PB-18805,Patrick Bzostek,Home Office,United States,Seattle,Washington,98115.0,West,FUR-FU-10003268,Furniture,Furnishings,Eldon Radial Chair Mat for Low to Medium Pile Carpets,199.9
9535,CA-2017-116596,27/10/2017,31/10/2017,Standard Class,BW-11200,Ben Wallace,Consumer,United States,New York City,New York,10011.0,East,OFF-ST-10000636,Office Supplies,Storage,Rogers Profile Extra Capacity Storage Tub,33.48
9538,CA-2017-148747,25/09/2017,27/09/2017,First Class,AS-10045,Aaron Smayling,Corporate,United States,San Francisco,California,94110.0,West,FUR-BO-10002613,Furniture,Bookcases,"Atlantic Metals Mobile 4-Shelf Bookcases, Custom Colors",477.666
9539,US-2018-169488,07/09/2018,09/09/2018,First Class,AA-10375,Allen Armold,Consumer,United States,Providence,Rhode Island,2908.0,East,OFF-PA-10002659,Office Supplies,Paper,Avoid Verbal Orders Carbonless Minifold Book,16.9
9546,CA-2015-166590,29/10/2015,02/11/2015,Standard Class,NC-18625,Noah Childs,Corporate,United States,Columbus,Indiana,47201.0,Central,TEC-AC-10003433,Technology,Accessories,Maxell 4.7GB DVD+R 5/Pack,1.98
9550,CA-2017-131744,18/06/2017,20/06/2017,Second Class,SC-20770,Stewart Carmichael,Corporate,United States,Philadelphia,Pennsylvania,19134.0,East,OFF-AP-10001394,Office Supplies,Appliances,Harmony Air Purifier,453.6
9551,CA-2016-160864,03/05/2016,06/05/2016,First Class,NF-18595,Nicole Fjeld,Home Office,United States,San Jose,California,95123.0,West,OFF-BI-10004654,Office Supplies,Binders,Avery Binding System Hidden Tab Executive Style Index Sets,13.848
9554,CA-2017-125724,22/09/2017,27/09/2017,Standard Class,SM-20950,Suzanne McNair,Corporate,United States,Broomfield,Colorado,80020.0,West,FUR-FU-10000246,Furniture,Furnishings,Aluminum Document Frame,68.432
9557,CA-2016-156853,03/12/2016,05/12/2016,Second Class,HP-14815,Harold Pawlan,Home Office,United States,Concord,New Hampshire,3301.0,East,OFF-PA-10003656,Office Supplies,Paper,Xerox 1935,184.66
9569,CA-2018-104388,05/07/2018,07/07/2018,First Class,DK-12835,Damala Kotsonis,Corporate,United States,Fremont,Nebraska,68025.0,Central,TEC-PH-10002293,Technology,Phones,Anker 36W 4-Port USB Wall Charger Travel Power Adapter for iPhone 5s 5c 5,79.96
9572,CA-2016-113131,24/09/2016,24/09/2016,Same Day,MB-17305,Maria Bertelson,Consumer,United States,Columbus,Ohio,43229.0,East,OFF-EN-10003068,Office Supplies,Envelopes,#6 3/4 Gummed Flap White Envelopes,15.84
9575,CA-2016-148495,13/08/2016,13/08/2016,Same Day,SF-20065,Sandra Flanagan,Consumer,United States,Pomona,California,91767.0,West,FUR-FU-10001889,Furniture,Furnishings,Ultra Door Pull Handle,31.56
9576,CA-2016-143147,26/05/2016,28/05/2016,Second Class,PS-18760,Pamela Stobb,Consumer,United States,San Antonio,Texas,78207.0,Central,FUR-CH-10000863,Furniture,Chairs,Novimex Swivel Fabric Task Chair,105.686
9582,CA-2018-152975,14/09/2018,16/09/2018,First Class,RB-19705,Roger Barcio,Home Office,United States,New York City,New York,10035.0,East,FUR-CH-10003298,Furniture,Chairs,"Office Star - Contemporary Task Swivel chair with Loop Arms, Charcoal",589.41
9584,CA-2018-116127,25/06/2018,27/06/2018,Second Class,SB-20185,Sarah Brown,Consumer,United States,New York City,New York,10024.0,East,FUR-BO-10002213,Furniture,Bookcases,DMI Eclipse Executive Suite Bookcases,400.784
9587,CA-2017-108630,18/11/2017,18/11/2017,Same Day,BE-11410,Bobby Elias,Consumer,United States,Concord,California,94521.0,West,OFF-BI-10002437,Office Supplies,Binders,Recycled Premium Regency Composition Covers,61.12
9588,US-2018-129203,17/04/2018,22/04/2018,Standard Class,BM-11575,Brendan Murry,Corporate,United States,Chicago,Illinois,60653.0,Central,OFF-ST-10001418,Office Supplies,Storage,Carina Media Storage Towers in Natural & Black,195.136
9589,CA-2018-110940,23/07/2018,28/07/2018,Standard Class,AZ-10750,Annie Zypern,Consumer,United States,Wheeling,Illinois,60090.0,Central,OFF-AR-10000380,Office Supplies,Art,"Hunt PowerHouse Electric Pencil Sharpener, Blue",121.536
9595,CA-2018-108931,14/09/2018,19/09/2018,Standard Class,HZ-14950,Henia Zydlo,Consumer,United States,New York City,New York,10024.0,East,OFF-PA-10003845,Office Supplies,Paper,Xerox 1987,11.56
9599,CA-2016-149517,19/09/2016,23/09/2016,Standard Class,FC-14245,Frank Carlisle,Home Office,United States,Sacramento,California,95823.0,West,FUR-FU-10003464,Furniture,Furnishings,"Seth Thomas 8 1/2"" Cubicle Clock",60.84
9600,CA-2016-116841,14/04/2016,18/04/2016,Standard Class,TP-21130,Theone Pippenger,Consumer,United States,Springfield,Oregon,97477.0,West,OFF-AP-10002403,Office Supplies,Appliances,Acco Smartsocket Color-Coded Six-Outlet AC Adapter Model Surge Protectors,35.208
9602,CA-2017-117604,04/09/2017,09/09/2017,Standard Class,JP-15520,Jeremy Pistek,Consumer,United States,Jonesboro,Arkansas,72401.0,South,OFF-PA-10001357,Office Supplies,Paper,Xerox 1886,239.5
9603,CA-2015-130155,19/05/2015,22/05/2015,First Class,TD-20995,Tamara Dahlen,Consumer,United States,Virginia Beach,Virginia,23464.0,South,OFF-SU-10004737,Office Supplies,Supplies,Acme Design Stainless Steel Bent Scissors,34.2
9609,CA-2018-117128,05/12/2018,08/12/2018,Second Class,BF-11080,Bart Folk,Consumer,United States,New York City,New York,10024.0,East,OFF-LA-10000248,Office Supplies,Labels,Avery 52,11.07
9610,CA-2017-130638,16/05/2017,19/05/2017,Second Class,SC-20095,Sanjit Chand,Consumer,United States,Los Angeles,California,90045.0,West,FUR-FU-10002116,Furniture,Furnishings,"Tenex Carpeted, Granite-Look or Clear Contemporary Contour Shape Chair Mats",282.84
9612,CA-2018-144365,24/10/2018,30/10/2018,Standard Class,CS-11950,Carlos Soltero,Consumer,United States,Jackson,Mississippi,39212.0,South,OFF-FA-10000735,Office Supplies,Fasteners,Staples,11.68
9617,CA-2017-140256,22/08/2017,29/08/2017,Standard Class,PW-19030,Pauline Webber,Corporate,United States,Los Angeles,California,90049.0,West,OFF-AR-10002255,Office Supplies,Art,Newell 346,5.76
9620,CA-2018-160633,16/11/2018,21/11/2018,Standard Class,BS-11380,Bill Stewart,Corporate,United States,Bowling Green,Ohio,43402.0,East,TEC-AC-10002335,Technology,Accessories,Logitech Media Keyboard K200,139.96
9621,CA-2015-115133,26/09/2015,30/09/2015,Standard Class,DA-13450,Dianna Arnett,Home Office,United States,Lancaster,Ohio,43130.0,East,OFF-AP-10001634,Office Supplies,Appliances,Hoover Commercial Lightweight Upright Vacuum,16.704
9630,CA-2015-118192,13/01/2015,18/01/2015,Standard Class,MM-17920,Michael Moore,Consumer,United States,Newark,Ohio,43055.0,East,OFF-BI-10003476,Office Supplies,Binders,Avery Metallic Poly Binders,3.438
9631,CA-2017-168844,31/05/2017,06/06/2017,Standard Class,NM-18520,Neoma Murray,Consumer,United States,New York City,New York,10011.0,East,OFF-BI-10002609,Office Supplies,Binders,Avery Hidden Tab Dividers for Binding Systems,7.152
9632,CA-2017-168844,31/05/2017,06/06/2017,Standard Class,NM-18520,Neoma Murray,Consumer,United States,New York City,New York,10011.0,East,TEC-PH-10003215,Technology,Phones,Jackery Bar Premium Fast-charging Portable Charger,179.7
9633,CA-2018-154809,13/02/2018,17/02/2018,Standard Class,MH-17455,Mark Hamilton,Consumer,United States,Minneapolis,Minnesota,55407.0,Central,OFF-AP-10004785,Office Supplies,Appliances,"Holmes Replacement Filter for HEPA Air Cleaner, Medium Room",90.64
9636,CA-2015-151330,14/10/2015,17/10/2015,First Class,TC-21295,Toby Carlisle,Consumer,United States,Everett,Massachusetts,2149.0,East,FUR-CH-10000749,Furniture,Chairs,Office Star - Ergonomic Mid Back Chair with 2-Way Adjustable Arms,1628.82
9637,CA-2015-124702,18/11/2015,25/11/2015,Standard Class,MH-17785,Maya Herman,Corporate,United States,Seattle,Washington,98105.0,West,FUR-FU-10003553,Furniture,Furnishings,"Howard Miller 13-1/2"" Diameter Rosebrook Wall Clock",137.54
9638,CA-2015-124702,18/11/2015,25/11/2015,Standard Class,MH-17785,Maya Herman,Corporate,United States,Seattle,Washington,98105.0,West,FUR-TA-10003008,Furniture,Tables,"Lesro Round Back Collection Coffee Table, End Table",730.2
9646,US-2018-107979,08/06/2018,13/06/2018,Standard Class,FO-14305,Frank Olsen,Consumer,United States,Glendale,Arizona,85301.0,West,OFF-ST-10002485,Office Supplies,Storage,Rogers Deluxe File Chest,35.168
9647,US-2018-107979,08/06/2018,13/06/2018,Standard Class,FO-14305,Frank Olsen,Consumer,United States,Glendale,Arizona,85301.0,West,OFF-BI-10000778,Office Supplies,Binders,GBC VeloBinder Electric Binding Machine,72.588
9650,CA-2017-107104,26/11/2017,30/11/2017,Standard Class,MS-17365,Maribeth Schnelling,Consumer,United States,Los Angeles,California,90045.0,West,FUR-BO-10002213,Furniture,Bookcases,DMI Eclipse Executive Suite Bookcases,3406.664
9654,CA-2018-161893,23/01/2018,27/01/2018,Standard Class,HP-14815,Harold Pawlan,Home Office,United States,Tucson,Arizona,85705.0,West,TEC-AC-10001874,Technology,Accessories,Logitech Wireless Anywhere Mouse MX for PC and Mac,95.984
9661,CA-2017-160717,06/06/2017,11/06/2017,Standard Class,ME-17320,Maria Etezadi,Home Office,United States,Santa Barbara,California,93101.0,West,TEC-PH-10001459,Technology,Phones,Samsung Galaxy Mega 6.3,3023.928
9662,CA-2017-160717,06/06/2017,11/06/2017,Standard Class,ME-17320,Maria Etezadi,Home Office,United States,Santa Barbara,California,93101.0,West,TEC-AC-10002134,Technology,Accessories,Rosewill 107 Normal Keys USB Wired Standard Keyboard,26.96
9664,CA-2018-132619,31/08/2018,05/09/2018,Standard Class,MS-17770,Maxwell Schwartz,Consumer,United States,San Francisco,California,94109.0,West,OFF-ST-10001511,Office Supplies,Storage,Space Solutions Commercial Steel Shelving,193.95
9674,CA-2017-114867,23/12/2017,28/12/2017,Standard Class,FM-14290,Frank Merwin,Home Office,United States,Philadelphia,Pennsylvania,19143.0,East,TEC-PH-10002645,Technology,Phones,LG G2,1499.97
9675,US-2015-164644,22/07/2015,24/07/2015,Second Class,JL-15850,John Lucas,Consumer,United States,Houston,Texas,77095.0,Central,OFF-ST-10003123,Office Supplies,Storage,Fellowes Bases and Tops For Staxonsteel/High-Stak Systems,26.632
9677,US-2015-120175,28/11/2015,03/12/2015,Standard Class,MC-17635,Matthew Clasen,Corporate,United States,Richmond,Indiana,47374.0,Central,OFF-EN-10003862,Office Supplies,Envelopes,Laser & Ink Jet Business Envelopes,64.02
9681,CA-2016-130113,27/12/2016,31/12/2016,Standard Class,AH-10030,Aaron Hawkins,Corporate,United States,San Francisco,California,94122.0,West,TEC-PH-10003505,Technology,Phones,Geemarc AmpliPOWER60,668.16
9683,CA-2018-122770,13/12/2018,18/12/2018,Standard Class,EP-13915,Emily Phan,Consumer,United States,San Francisco,California,94122.0,West,OFF-PA-10003172,Office Supplies,Paper,Xerox 1996,38.88
9687,CA-2018-116498,30/05/2018,03/06/2018,Standard Class,KA-16525,Kelly Andreada,Consumer,United States,San Diego,California,92037.0,West,OFF-AR-10003405,Office Supplies,Art,"Dixon My First Ticonderoga Pencil, #2",35.1
9690,US-2018-135986,20/06/2018,27/06/2018,Standard Class,PG-18895,Paul Gonzalez,Consumer,United States,Richmond,Virginia,23223.0,South,TEC-PH-10003691,Technology,Phones,BlackBerry Q10,503.96
9691,CA-2018-140536,04/04/2018,05/04/2018,First Class,TA-21385,Tom Ashbrook,Home Office,United States,New York City,New York,10035.0,East,OFF-AR-10001545,Office Supplies,Art,Newell 326,7.04
9694,CA-2018-130148,24/09/2018,28/09/2018,Second Class,NK-18490,Neil Knudson,Home Office,United States,San Francisco,California,94110.0,West,OFF-PA-10000551,Office Supplies,Paper,Array Memo Cubes,31.08
9695,CA-2018-130148,24/09/2018,28/09/2018,Second Class,NK-18490,Neil Knudson,Home Office,United States,San Francisco,California,94110.0,West,OFF-SU-10001574,Office Supplies,Supplies,Acme Value Line Scissors,7.3
9699,CA-2018-154116,15/12/2018,19/12/2018,Standard Class,KM-16660,Khloe Miller,Consumer,United States,Inglewood,California,90301.0,West,OFF-PA-10004569,Office Supplies,Paper,"Wirebound Message Books, Two 4 1/4"" x 5"" Forms per Page",22.83
9700,CA-2018-154116,15/12/2018,19/12/2018,Standard Class,KM-16660,Khloe Miller,Consumer,United States,Inglewood,California,90301.0,West,OFF-AP-10000027,Office Supplies,Appliances,Hoover Commercial SteamVac,54.32
9701,CA-2018-154116,15/12/2018,19/12/2018,Standard Class,KM-16660,Khloe Miller,Consumer,United States,Inglewood,California,90301.0,West,TEC-PH-10000675,Technology,Phones,Panasonic KX TS3282B Corded phone,196.776
9704,CA-2018-147032,31/07/2018,04/08/2018,Standard Class,LB-16795,Laurel Beltran,Home Office,United States,Wilmington,Delaware,19805.0,East,OFF-BI-10003656,Office Supplies,Binders,Fellowes PB200 Plastic Comb Binding Machine,849.95
9710,CA-2017-161746,21/10/2017,27/10/2017,Standard Class,CS-11950,Carlos Soltero,Consumer,United States,Los Angeles,California,90045.0,West,OFF-ST-10002743,Office Supplies,Storage,SAFCO Boltless Steel Shelving,340.92
9711,CA-2015-114251,05/11/2015,10/11/2015,Standard Class,MD-17350,Maribeth Dona,Consumer,United States,Philadelphia,Pennsylvania,19143.0,East,FUR-FU-10001468,Furniture,Furnishings,Tenex Antistatic Computer Chair Mats,273.568
9713,CA-2015-114251,05/11/2015,10/11/2015,Standard Class,MD-17350,Maribeth Dona,Consumer,United States,Philadelphia,Pennsylvania,19143.0,East,OFF-ST-10003716,Office Supplies,Storage,Tennsco Double-Tier Lockers,1080.096
9714,CA-2015-114251,05/11/2015,10/11/2015,Standard Class,MD-17350,Maribeth Dona,Consumer,United States,Philadelphia,Pennsylvania,19143.0,East,TEC-AC-10001101,Technology,Accessories,Sony 16GB Class 10 Micro SDHC R40 Memory Card,51.56
9715,CA-2015-114251,05/11/2015,10/11/2015,Standard Class,MD-17350,Maribeth Dona,Consumer,United States,Philadelphia,Pennsylvania,19143.0,East,TEC-AC-10004864,Technology,Accessories,Memorex Micro Travel Drive 32 GB,58.416
9718,CA-2017-108210,30/05/2017,31/05/2017,Same Day,AT-10735,Annie Thurman,Consumer,United States,Houston,Texas,77041.0,Central,TEC-PH-10002293,Technology,Phones,Anker 36W 4-Port USB Wall Charger Travel Power Adapter for iPhone 5s 5c 5,79.96
9725,CA-2016-117898,05/12/2016,11/12/2016,Standard Class,TB-21250,Tim Brockman,Consumer,United States,Bloomington,Illinois,61701.0,Central,OFF-EN-10004459,Office Supplies,Envelopes,Security-Tint Envelopes,12.224
9726,CA-2018-142293,17/09/2018,20/09/2018,First Class,SC-20380,Shahid Collister,Consumer,United States,Boise,Idaho,83704.0,West,TEC-AC-10001109,Technology,Accessories,Logitech Trackman Marble Mouse,89.97
9728,CA-2018-167395,02/12/2018,04/12/2018,First Class,KM-16720,Kunst Miller,Consumer,United States,Lowell,Massachusetts,1852.0,East,TEC-PH-10004977,Technology,Phones,GE 30524EE4,979.95
9731,CA-2015-111962,29/09/2015,04/10/2015,Standard Class,EB-14170,Evan Bailliet,Consumer,United States,Seattle,Washington,98115.0,West,OFF-ST-10000046,Office Supplies,Storage,Fellowes Super Stor/Drawer Files,807.75
9735,CA-2015-114321,20/08/2015,25/08/2015,Standard Class,NC-18535,Nick Crebassa,Corporate,United States,Hampton,Virginia,23666.0,South,OFF-BI-10001359,Office Supplies,Binders,GBC DocuBind TL300 Electric Binding System,896.99
9736,CA-2015-128062,19/11/2015,22/11/2015,Second Class,AD-10180,Alan Dominguez,Home Office,United States,Philadelphia,Pennsylvania,19134.0,East,OFF-PA-10001583,Office Supplies,Paper,"1/4 Fold Party Design Invitations & White Envelopes, 24 8-1/2"" X 11"" Cards, 25 Env./Pack",5.88
9739,CA-2018-129294,16/03/2018,21/03/2018,Standard Class,KD-16615,Ken Dana,Corporate,United States,Los Angeles,California,90032.0,West,OFF-BI-10004236,Office Supplies,Binders,"XtraLife ClearVue Slant-D Ring Binder, White, 3""",70.464
9740,CA-2018-129294,16/03/2018,21/03/2018,Standard Class,KD-16615,Ken Dana,Corporate,United States,Los Angeles,California,90032.0,West,OFF-BI-10001757,Office Supplies,Binders,Pressboard Hanging Data Binders for Unburst Sheets,19.68
9741,CA-2018-129294,16/03/2018,21/03/2018,Standard Class,KD-16615,Ken Dana,Corporate,United States,Los Angeles,California,90032.0,West,OFF-AP-10001154,Office Supplies,Appliances,Bionaire Personal Warm Mist Humidifier/Vaporizer,140.67
9742,CA-2016-117086,08/11/2016,12/11/2016,Standard Class,QJ-19255,Quincy Jones,Corporate,United States,Burlington,Vermont,,East,FUR-BO-10004834,Furniture,Bookcases,"Riverside Palais Royal Lawyers Bookcase, Royale Cherry Finish",4404.9
9743,CA-2018-131303,28/11/2018,02/12/2018,Standard Class,EP-13915,Emily Phan,Consumer,United States,San Diego,California,92037.0,West,OFF-LA-10001074,Office Supplies,Labels,Round Specialty Laser Printer Labels,62.65
9748,US-2015-140914,11/11/2015,15/11/2015,Standard Class,BH-11710,Brosina Hoffman,Consumer,United States,Chicago,Illinois,60653.0,Central,FUR-FU-10000175,Furniture,Furnishings,DAX Wood Document Frame.,10.984
9757,CA-2018-113705,27/03/2018,29/03/2018,Second Class,LC-16870,Lena Cacioppo,Consumer,United States,Richmond,Virginia,23223.0,South,FUR-TA-10002533,Furniture,Tables,BPI Conference Tables,292.1
9761,CA-2018-159135,04/11/2018,08/11/2018,Standard Class,KM-16375,Katherine Murray,Home Office,United States,Springdale,Arkansas,72762.0,South,OFF-AR-10000657,Office Supplies,Art,"Binney & Smith inkTank Desk Highlighter, Chisel Tip, Yellow, 12/Box",4.3
9763,CA-2015-121762,14/02/2015,18/02/2015,Standard Class,ML-17395,Marina Lichtenstein,Corporate,United States,Seattle,Washington,98103.0,West,OFF-AP-10001293,Office Supplies,Appliances,Belkin 8 Outlet Surge Protector,81.96
9765,CA-2015-123855,18/06/2015,23/06/2015,Standard Class,MC-18100,Mick Crebagga,Consumer,United States,Los Angeles,California,90036.0,West,TEC-PH-10000215,Technology,Phones,Plantronics Cordless Phone Headset with In-line Volume - M214C,139.8
9766,CA-2018-101959,28/02/2018,06/03/2018,Standard Class,DB-13660,Duane Benoit,Consumer,United States,Middletown,Connecticut,6457.0,East,OFF-BI-10001757,Office Supplies,Binders,Pressboard Hanging Data Binders for Unburst Sheets,9.84
9775,CA-2015-169019,26/07/2015,30/07/2015,Standard Class,LF-17185,Luke Foster,Consumer,United States,San Antonio,Texas,78207.0,Central,OFF-BI-10004995,Office Supplies,Binders,GBC DocuBind P400 Electric Binding System,2177.584
9790,CA-2018-144491,27/03/2018,01/04/2018,Standard Class,CJ-12010,Caroline Jumper,Consumer,United States,Houston,Texas,77070.0,Central,TEC-AC-10004901,Technology,Accessories,Kensington SlimBlade Notebook Wireless Mouse with Nano Receiver,39.992
9794,CA-2015-127166,21/05/2015,23/05/2015,Second Class,KH-16360,Katherine Hughes,Consumer,United States,Houston,Texas,77070.0,Central,OFF-PA-10001560,Office Supplies,Paper,"Adams Telephone Message Books, 5 1/4” x 11”",4.832
9796,CA-2017-125920,21/05/2017,28/05/2017,Standard Class,SH-19975,Sally Hughsby,Corporate,United States,Chicago,Illinois,60610.0,Central,OFF-BI-10003429,Office Supplies,Binders,"Cardinal HOLDit! Binder Insert Strips,Extra Strips",3.798
9797,CA-2016-128608,12/01/2016,17/01/2016,Standard Class,CS-12490,Cindy Schnelling,Corporate,United States,Toledo,Ohio,43615.0,East,OFF-AR-10001374,Office Supplies,Art,"BIC Brite Liner Highlighters, Chisel Tip",10.368
9799,CA-2016-128608,12/01/2016,17/01/2016,Standard Class,CS-12490,Cindy Schnelling,Corporate,United States,Toledo,Ohio,43615.0,East,TEC-PH-10000912,Technology,Phones,Anker 24W Portable Micro USB Car Charger,26.376
9800,CA-2016-128608,12/01/2016,17/01/2016,Standard Class,CS-12490,Cindy Schnelling,Corporate,United States,Toledo,Ohio,43615.0,East,TEC-AC-10000487,Technology,Accessories,SanDisk Cruzer 4 GB USB Flash Drive,10.384
